id,yacht_id,image_url,storage_path,position,created_at
0019f991-3170-40ac-8dfd-8b929ab9e5eb,9bb11399-c9d0-426a-b423-506c3373bf26,https://awrznjnofgmlqjiayhoi.supabase.co/storage/v1/object/public/yacht-images/new-yachts/9bb11399-c9d0-426a-b423-506c3373bf26/9bb11399-c9d0-426a-b423-506c3373bf26-2.jpg,new-yachts/9bb11399-c9d0-426a-b423-506c3373bf26/9bb11399-c9d0-426a-b423-506c3373bf26-2.jpg,2,2026-04-22 18:33:41.585485+00
005b0964-2ada-4c3a-9856-f423f19b0f34,2574c261-52de-479f-9ccd-2f833f6ba6d6,https://awrznjnofgmlqjiayhoi.supabase.co/storage/v1/object/public/yacht-images/new-yachts/2574c261-52de-479f-9ccd-2f833f6ba6d6/2574c261-52de-479f-9ccd-2f833f6ba6d6-8.jpg,new-yachts/2574c261-52de-479f-9ccd-2f833f6ba6d6/2574c261-52de-479f-9ccd-2f833f6ba6d6-8.jpg,8,2026-04-22 16:26:12.182788+00
007d78ee-89bc-4176-a895-ea6763f2eac2,5d02ef55-1f86-4529-b012-e26a73e30363,https://awrznjnofgmlqjiayhoi.supabase.co/storage/v1/object/public/yacht-images/new-yachts/5d02ef55-1f86-4529-b012-e26a73e30363/5d02ef55-1f86-4529-b012-e26a73e30363-2.jpg,new-yachts/5d02ef55-1f86-4529-b012-e26a73e30363/5d02ef55-1f86-4529-b012-e26a73e30363-2.jpg,2,2026-04-24 00:15:14.04925+00
00b7be77-51f6-4f9f-9f03-ac55e536f75e,338ef555-03ad-4c67-8ebd-8457ce40ca9e,https://awrznjnofgmlqjiayhoi.supabase.co/storage/v1/object/public/yacht-images/new-yachts/338ef555-03ad-4c67-8ebd-8457ce40ca9e/338ef555-03ad-4c67-8ebd-8457ce40ca9e-11.jpg,new-yachts/338ef555-03ad-4c67-8ebd-8457ce40ca9e/338ef555-03ad-4c67-8ebd-8457ce40ca9e-11.jpg,11,2026-04-24 00:46:26.833976+00
00b8978c-f9a3-4716-86b2-a981f58d42b7,8b026905-96da-43a2-8737-2b121fd4d64b,https://awrznjnofgmlqjiayhoi.supabase.co/storage/v1/object/public/yacht-images/new-yachts/8b026905-96da-43a2-8737-2b121fd4d64b/8b026905-96da-43a2-8737-2b121fd4d64b-2.jpg,new-yachts/8b026905-96da-43a2-8737-2b121fd4d64b/8b026905-96da-43a2-8737-2b121fd4d64b-2.jpg,2,2026-04-22 14:55:56.198876+00
00cd89c1-e43a-40f9-accd-82903bcb7308,2c1b5d99-994c-4e9d-86d6-bd464d3baa0f,https://awrznjnofgmlqjiayhoi.supabase.co/storage/v1/object/public/yacht-images/new-yachts/2c1b5d99-994c-4e9d-86d6-bd464d3baa0f/2c1b5d99-994c-4e9d-86d6-bd464d3baa0f-2.webp,new-yachts/2c1b5d99-994c-4e9d-86d6-bd464d3baa0f/2c1b5d99-994c-4e9d-86d6-bd464d3baa0f-2.webp,2,2026-03-27 20:28:25.293808+00
00f9ce35-a662-47d8-881e-b41952a41317,ef48375a-8612-4743-87f7-8e1b9bacadce,https://awrznjnofgmlqjiayhoi.supabase.co/storage/v1/object/public/yacht-images/new-yachts/ef48375a-8612-4743-87f7-8e1b9bacadce/ef48375a-8612-4743-87f7-8e1b9bacadce-2.jpg,new-yachts/ef48375a-8612-4743-87f7-8e1b9bacadce/ef48375a-8612-4743-87f7-8e1b9bacadce-2.jpg,2,2026-04-22 14:44:50.66502+00
012906ae-6d91-470d-b017-d659fb2f893c,59ad167b-dfee-4c44-aa33-60b6e1e05678,https://awrznjnofgmlqjiayhoi.supabase.co/storage/v1/object/public/yacht-images/new-yachts/59ad167b-dfee-4c44-aa33-60b6e1e05678/59ad167b-dfee-4c44-aa33-60b6e1e05678-9.jpg,new-yachts/59ad167b-dfee-4c44-aa33-60b6e1e05678/59ad167b-dfee-4c44-aa33-60b6e1e05678-9.jpg,9,2026-04-22 17:26:25.909931+00
015178f9-bdae-46fc-8d69-869d7a078da9,3c394ac5-a52c-4c8d-b431-0eff672003b3,https://awrznjnofgmlqjiayhoi.supabase.co/storage/v1/object/public/yacht-images/new-yachts/3c394ac5-a52c-4c8d-b431-0eff672003b3/3c394ac5-a52c-4c8d-b431-0eff672003b3-6.jpg,new-yachts/3c394ac5-a52c-4c8d-b431-0eff672003b3/3c394ac5-a52c-4c8d-b431-0eff672003b3-6.jpg,6,2026-04-24 22:17:47.006351+00
01609b12-370f-4dd7-9f89-33174167c438,2e3af2b6-03f7-42bd-8d22-8722bd67c21e,https://awrznjnofgmlqjiayhoi.supabase.co/storage/v1/object/public/yacht-images/new-yachts/2e3af2b6-03f7-42bd-8d22-8722bd67c21e/2e3af2b6-03f7-42bd-8d22-8722bd67c21e-3.webp,new-yachts/2e3af2b6-03f7-42bd-8d22-8722bd67c21e/2e3af2b6-03f7-42bd-8d22-8722bd67c21e-3.webp,3,2026-03-27 20:03:58.997154+00
01a0b2b5-8958-4fa4-a128-b3dcb6aa60d9,6f462948-9675-4e1f-859a-5bf70e7e1ff0,https://awrznjnofgmlqjiayhoi.supabase.co/storage/v1/object/public/yacht-images/new-yachts/6f462948-9675-4e1f-859a-5bf70e7e1ff0/6f462948-9675-4e1f-859a-5bf70e7e1ff0-5.jpg,new-yachts/6f462948-9675-4e1f-859a-5bf70e7e1ff0/6f462948-9675-4e1f-859a-5bf70e7e1ff0-5.jpg,5,2026-04-22 18:00:29.73758+00
01cc3abc-fa0e-4292-806f-5970d5702468,62d68832-feb4-47c4-abf4-5ed5ac0ab054,https://awrznjnofgmlqjiayhoi.supabase.co/storage/v1/object/public/yacht-images/new-yachts/62d68832-feb4-47c4-abf4-5ed5ac0ab054/62d68832-feb4-47c4-abf4-5ed5ac0ab054-4.jpg,new-yachts/62d68832-feb4-47c4-abf4-5ed5ac0ab054/62d68832-feb4-47c4-abf4-5ed5ac0ab054-4.jpg,4,2026-04-22 18:16:31.723287+00
01d05762-77bf-480e-8fa1-7677161a9f4d,50b8cac4-7cf1-4c3d-aeda-5dbd2c7d2392,https://awrznjnofgmlqjiayhoi.supabase.co/storage/v1/object/public/yacht-images/new-yachts/50b8cac4-7cf1-4c3d-aeda-5dbd2c7d2392/50b8cac4-7cf1-4c3d-aeda-5dbd2c7d2392-1.webp,new-yachts/50b8cac4-7cf1-4c3d-aeda-5dbd2c7d2392/50b8cac4-7cf1-4c3d-aeda-5dbd2c7d2392-1.webp,1,2026-03-12 20:33:40.180494+00
01dc801a-d688-4465-9728-abbb64592274,431072c2-81c2-46f5-a089-5bf802cc7fb6,https://awrznjnofgmlqjiayhoi.supabase.co/storage/v1/object/public/yacht-images/new-yachts/431072c2-81c2-46f5-a089-5bf802cc7fb6/431072c2-81c2-46f5-a089-5bf802cc7fb6-10.jpg,new-yachts/431072c2-81c2-46f5-a089-5bf802cc7fb6/431072c2-81c2-46f5-a089-5bf802cc7fb6-10.jpg,10,2026-04-22 18:18:40.756159+00
0216e2bd-5028-4e8d-8e19-ad9b99867394,f4b8122c-8b42-473d-bec4-396b5cf3471c,https://awrznjnofgmlqjiayhoi.supabase.co/storage/v1/object/public/yacht-images/new-yachts/f4b8122c-8b42-473d-bec4-396b5cf3471c/f4b8122c-8b42-473d-bec4-396b5cf3471c-9.webp,new-yachts/f4b8122c-8b42-473d-bec4-396b5cf3471c/f4b8122c-8b42-473d-bec4-396b5cf3471c-9.webp,9,2026-03-13 10:29:05.819003+00
021a25f6-a4a7-4f27-b956-7a94d25c93e2,b91a48c7-b650-4d3e-8163-342f849e50a2,https://awrznjnofgmlqjiayhoi.supabase.co/storage/v1/object/public/yacht-images/new-yachts/b91a48c7-b650-4d3e-8163-342f849e50a2/b91a48c7-b650-4d3e-8163-342f849e50a2-5.jpg,new-yachts/b91a48c7-b650-4d3e-8163-342f849e50a2/b91a48c7-b650-4d3e-8163-342f849e50a2-5.jpg,5,2026-04-22 17:00:22.559994+00
0227e678-2321-4c62-b0ca-de3b0dabe5ac,f651b6e2-9576-490b-a593-877bcb8944e0,https://awrznjnofgmlqjiayhoi.supabase.co/storage/v1/object/public/yacht-images/new-yachts/f651b6e2-9576-490b-a593-877bcb8944e0/f651b6e2-9576-490b-a593-877bcb8944e0-2.jpg,new-yachts/f651b6e2-9576-490b-a593-877bcb8944e0/f651b6e2-9576-490b-a593-877bcb8944e0-2.jpg,2,2026-04-23 12:44:44.179301+00
022c40be-18a7-40d2-bb6f-0176f4ea7c3e,a8d19c2b-a5f4-4fd2-ae34-4b4128a138e3,https://awrznjnofgmlqjiayhoi.supabase.co/storage/v1/object/public/yacht-images/new-yachts/a8d19c2b-a5f4-4fd2-ae34-4b4128a138e3/a8d19c2b-a5f4-4fd2-ae34-4b4128a138e3-11.jpg,new-yachts/a8d19c2b-a5f4-4fd2-ae34-4b4128a138e3/a8d19c2b-a5f4-4fd2-ae34-4b4128a138e3-11.jpg,11,2026-04-22 17:31:38.896489+00
0248158c-9c55-4659-9ec2-14e3ecae5092,6b302f73-4059-469d-98ee-cd0dbbaa3b4a,https://awrznjnofgmlqjiayhoi.supabase.co/storage/v1/object/public/yacht-images/new-yachts/6b302f73-4059-469d-98ee-cd0dbbaa3b4a/6b302f73-4059-469d-98ee-cd0dbbaa3b4a-8.jpg,new-yachts/6b302f73-4059-469d-98ee-cd0dbbaa3b4a/6b302f73-4059-469d-98ee-cd0dbbaa3b4a-8.jpg,8,2026-04-23 08:21:24.856781+00
025e1cb1-9710-472c-aa2e-e86c3530c926,077c9e0d-ef5b-4229-9d5c-42ab6bf99aba,https://awrznjnofgmlqjiayhoi.supabase.co/storage/v1/object/public/yacht-images/new-yachts/077c9e0d-ef5b-4229-9d5c-42ab6bf99aba/077c9e0d-ef5b-4229-9d5c-42ab6bf99aba-2.jpg,new-yachts/077c9e0d-ef5b-4229-9d5c-42ab6bf99aba/077c9e0d-ef5b-4229-9d5c-42ab6bf99aba-2.jpg,2,2026-04-22 18:06:33.465304+00
028b5bc4-9df8-4f17-9aa2-b79847a637c5,0e541ad4-8295-4b8e-87e1-847060de50a8,https://awrznjnofgmlqjiayhoi.supabase.co/storage/v1/object/public/yacht-images/new-yachts/0e541ad4-8295-4b8e-87e1-847060de50a8/0e541ad4-8295-4b8e-87e1-847060de50a8-9.jpg,new-yachts/0e541ad4-8295-4b8e-87e1-847060de50a8/0e541ad4-8295-4b8e-87e1-847060de50a8-9.jpg,9,2026-04-22 16:29:49.901342+00
029d51f0-d611-4aa7-aa93-c99e3bf86e0a,2574c261-52de-479f-9ccd-2f833f6ba6d6,https://awrznjnofgmlqjiayhoi.supabase.co/storage/v1/object/public/yacht-images/new-yachts/2574c261-52de-479f-9ccd-2f833f6ba6d6/2574c261-52de-479f-9ccd-2f833f6ba6d6-2.jpg,new-yachts/2574c261-52de-479f-9ccd-2f833f6ba6d6/2574c261-52de-479f-9ccd-2f833f6ba6d6-2.jpg,2,2026-04-22 16:26:08.292908+00
02b9cef2-2f48-457c-a4fa-22d7a4d2385b,e47fa1f8-0cfa-49ec-a8ad-ba2c0b17417c,https://awrznjnofgmlqjiayhoi.supabase.co/storage/v1/object/public/yacht-images/new-yachts/e47fa1f8-0cfa-49ec-a8ad-ba2c0b17417c/e47fa1f8-0cfa-49ec-a8ad-ba2c0b17417c-7.jpg,new-yachts/e47fa1f8-0cfa-49ec-a8ad-ba2c0b17417c/e47fa1f8-0cfa-49ec-a8ad-ba2c0b17417c-7.jpg,7,2026-04-08 15:05:37.380595+00
02d9950d-8ab2-4ebb-867b-843d4c4ac069,d7003aa7-7557-4e21-b9ce-73e4908e49a3,https://awrznjnofgmlqjiayhoi.supabase.co/storage/v1/object/public/yacht-images/new-yachts/d7003aa7-7557-4e21-b9ce-73e4908e49a3/d7003aa7-7557-4e21-b9ce-73e4908e49a3-2.jpg,new-yachts/d7003aa7-7557-4e21-b9ce-73e4908e49a3/d7003aa7-7557-4e21-b9ce-73e4908e49a3-2.jpg,2,2026-04-23 08:24:13.9042+00
02dcfe3d-1080-4b10-94e6-fa9869256b93,181ed202-b6c2-4bd0-ac28-1d1f2115dea3,https://awrznjnofgmlqjiayhoi.supabase.co/storage/v1/object/public/yacht-images/new-yachts/181ed202-b6c2-4bd0-ac28-1d1f2115dea3/181ed202-b6c2-4bd0-ac28-1d1f2115dea3-7.jpg,new-yachts/181ed202-b6c2-4bd0-ac28-1d1f2115dea3/181ed202-b6c2-4bd0-ac28-1d1f2115dea3-7.jpg,7,2026-04-22 17:10:58.990057+00
02e144d3-6d0e-4e2d-9c95-811cee4b9b0b,c96d4ad4-068c-4543-8548-9bee6a9e902f,https://awrznjnofgmlqjiayhoi.supabase.co/storage/v1/object/public/yacht-images/new-yachts/c96d4ad4-068c-4543-8548-9bee6a9e902f/c96d4ad4-068c-4543-8548-9bee6a9e902f-2.jpg,new-yachts/c96d4ad4-068c-4543-8548-9bee6a9e902f/c96d4ad4-068c-4543-8548-9bee6a9e902f-2.jpg,2,2026-04-23 10:17:51.448171+00
030cd426-c545-4ab0-9129-b389fb71803e,c5b0d543-c566-43ab-b8a7-1075c0144fa9,https://awrznjnofgmlqjiayhoi.supabase.co/storage/v1/object/public/yacht-images/new-yachts/c5b0d543-c566-43ab-b8a7-1075c0144fa9/c5b0d543-c566-43ab-b8a7-1075c0144fa9-5.jpg,new-yachts/c5b0d543-c566-43ab-b8a7-1075c0144fa9/c5b0d543-c566-43ab-b8a7-1075c0144fa9-5.jpg,5,2026-04-22 18:43:41.512019+00
0317b8e7-f6e6-4b92-af72-daf9014e1a27,3011de4f-421b-4c6e-9433-a9f0417d7d89,https://awrznjnofgmlqjiayhoi.supabase.co/storage/v1/object/public/yacht-images/new-yachts/3011de4f-421b-4c6e-9433-a9f0417d7d89/3011de4f-421b-4c6e-9433-a9f0417d7d89-7.jpg,new-yachts/3011de4f-421b-4c6e-9433-a9f0417d7d89/3011de4f-421b-4c6e-9433-a9f0417d7d89-7.jpg,7,2026-04-22 14:51:02.922072+00
032561e3-3acc-450e-8b1b-345b9c260842,96f0c491-d2d6-4d18-9673-195e14005b8b,https://awrznjnofgmlqjiayhoi.supabase.co/storage/v1/object/public/yacht-images/new-yachts/96f0c491-d2d6-4d18-9673-195e14005b8b/96f0c491-d2d6-4d18-9673-195e14005b8b-9.jpg,new-yachts/96f0c491-d2d6-4d18-9673-195e14005b8b/96f0c491-d2d6-4d18-9673-195e14005b8b-9.jpg,9,2026-04-24 22:12:13.291472+00
036d3c26-adf1-4195-9028-08a328d48478,f5d60854-b6fa-4fc1-b3f2-8e6adb8a393e,https://awrznjnofgmlqjiayhoi.supabase.co/storage/v1/object/public/yacht-images/new-yachts/f5d60854-b6fa-4fc1-b3f2-8e6adb8a393e/f5d60854-b6fa-4fc1-b3f2-8e6adb8a393e-1.jpg,new-yachts/f5d60854-b6fa-4fc1-b3f2-8e6adb8a393e/f5d60854-b6fa-4fc1-b3f2-8e6adb8a393e-1.jpg,1,2026-04-22 18:50:20.934994+00
0396f6f0-7f81-4812-84a9-ee47aef80e39,3c3b41d1-6a5d-4bff-9ac4-74151a516eb2,https://awrznjnofgmlqjiayhoi.supabase.co/storage/v1/object/public/yacht-images/new-yachts/3c3b41d1-6a5d-4bff-9ac4-74151a516eb2/3c3b41d1-6a5d-4bff-9ac4-74151a516eb2-4.jpg,new-yachts/3c3b41d1-6a5d-4bff-9ac4-74151a516eb2/3c3b41d1-6a5d-4bff-9ac4-74151a516eb2-4.jpg,4,2026-04-22 17:43:03.978042+00
03a9fc16-0039-45ff-83be-5bdc6a521540,0e541ad4-8295-4b8e-87e1-847060de50a8,https://awrznjnofgmlqjiayhoi.supabase.co/storage/v1/object/public/yacht-images/new-yachts/0e541ad4-8295-4b8e-87e1-847060de50a8/0e541ad4-8295-4b8e-87e1-847060de50a8-8.jpg,new-yachts/0e541ad4-8295-4b8e-87e1-847060de50a8/0e541ad4-8295-4b8e-87e1-847060de50a8-8.jpg,8,2026-04-22 16:29:49.195741+00
03c2a5e2-a2bf-4cb7-8192-5743628eb1ae,d49fd6fe-849a-4007-937a-516892a4cdb9,https://awrznjnofgmlqjiayhoi.supabase.co/storage/v1/object/public/yacht-images/new-yachts/d49fd6fe-849a-4007-937a-516892a4cdb9/d49fd6fe-849a-4007-937a-516892a4cdb9-6.jpg,new-yachts/d49fd6fe-849a-4007-937a-516892a4cdb9/d49fd6fe-849a-4007-937a-516892a4cdb9-6.jpg,6,2026-04-23 08:33:19.20439+00
03e834d5-8767-402e-90a4-8c12a4f0bfc7,91769d69-569c-4fe5-a1c0-f5be639a78da,https://awrznjnofgmlqjiayhoi.supabase.co/storage/v1/object/public/yacht-images/new-yachts/91769d69-569c-4fe5-a1c0-f5be639a78da/91769d69-569c-4fe5-a1c0-f5be639a78da-2.webp,new-yachts/91769d69-569c-4fe5-a1c0-f5be639a78da/91769d69-569c-4fe5-a1c0-f5be639a78da-2.webp,2,2026-03-26 21:31:28.798802+00
03ea3be0-be26-46d0-a321-4133713f3fbd,83795779-a646-4c1e-b643-56e99168b304,https://awrznjnofgmlqjiayhoi.supabase.co/storage/v1/object/public/yacht-images/new-yachts/83795779-a646-4c1e-b643-56e99168b304/83795779-a646-4c1e-b643-56e99168b304-5.jpg,new-yachts/83795779-a646-4c1e-b643-56e99168b304/83795779-a646-4c1e-b643-56e99168b304-5.jpg,5,2026-04-22 18:07:49.852327+00
03f0278c-b3b5-4c35-9845-96954302326c,bab48513-ac52-49e5-b77f-754867d91fee,https://awrznjnofgmlqjiayhoi.supabase.co/storage/v1/object/public/yacht-images/new-yachts/bab48513-ac52-49e5-b77f-754867d91fee/bab48513-ac52-49e5-b77f-754867d91fee-7.jpg,new-yachts/bab48513-ac52-49e5-b77f-754867d91fee/bab48513-ac52-49e5-b77f-754867d91fee-7.jpg,7,2026-04-24 15:54:11.384116+00
0415754a-bd80-4577-9df4-b04ba6b8f5d7,5d02ef55-1f86-4529-b012-e26a73e30363,https://awrznjnofgmlqjiayhoi.supabase.co/storage/v1/object/public/yacht-images/new-yachts/5d02ef55-1f86-4529-b012-e26a73e30363/5d02ef55-1f86-4529-b012-e26a73e30363-11.jpg,new-yachts/5d02ef55-1f86-4529-b012-e26a73e30363/5d02ef55-1f86-4529-b012-e26a73e30363-11.jpg,11,2026-04-24 00:15:20.573665+00
04522afc-d018-46a6-a799-e093d552d190,15b49175-2c23-45b4-ae75-868c180ffcb1,https://awrznjnofgmlqjiayhoi.supabase.co/storage/v1/object/public/yacht-images/new-yachts/15b49175-2c23-45b4-ae75-868c180ffcb1/15b49175-2c23-45b4-ae75-868c180ffcb1-6.jpg,new-yachts/15b49175-2c23-45b4-ae75-868c180ffcb1/15b49175-2c23-45b4-ae75-868c180ffcb1-6.jpg,6,2026-04-08 12:50:59.951025+00
0463a222-1b40-4555-8c1b-0aa6c5bdfaab,181ed202-b6c2-4bd0-ac28-1d1f2115dea3,https://awrznjnofgmlqjiayhoi.supabase.co/storage/v1/object/public/yacht-images/new-yachts/181ed202-b6c2-4bd0-ac28-1d1f2115dea3/181ed202-b6c2-4bd0-ac28-1d1f2115dea3-11.jpg,new-yachts/181ed202-b6c2-4bd0-ac28-1d1f2115dea3/181ed202-b6c2-4bd0-ac28-1d1f2115dea3-11.jpg,11,2026-04-22 17:11:02.017574+00
04979789-6b6c-4e4f-8b93-73d5fa3fd14d,d43803e9-b003-4476-8e95-055499dd2f2f,https://awrznjnofgmlqjiayhoi.supabase.co/storage/v1/object/public/yacht-images/new-yachts/d43803e9-b003-4476-8e95-055499dd2f2f/d43803e9-b003-4476-8e95-055499dd2f2f-6.jpg,new-yachts/d43803e9-b003-4476-8e95-055499dd2f2f/d43803e9-b003-4476-8e95-055499dd2f2f-6.jpg,6,2026-04-22 18:08:54.671132+00
04a07f2e-9dac-46f7-b8e4-3c2a9426a181,09b2328a-b514-4c89-abe8-41c332218a64,https://awrznjnofgmlqjiayhoi.supabase.co/storage/v1/object/public/yacht-images/new-yachts/09b2328a-b514-4c89-abe8-41c332218a64/09b2328a-b514-4c89-abe8-41c332218a64-11.jpg,new-yachts/09b2328a-b514-4c89-abe8-41c332218a64/09b2328a-b514-4c89-abe8-41c332218a64-11.jpg,11,2026-04-22 18:29:34.399888+00
04d170f3-1a50-46ed-b70b-345e5080e4de,d49fd6fe-849a-4007-937a-516892a4cdb9,https://awrznjnofgmlqjiayhoi.supabase.co/storage/v1/object/public/yacht-images/new-yachts/d49fd6fe-849a-4007-937a-516892a4cdb9/d49fd6fe-849a-4007-937a-516892a4cdb9-5.jpg,new-yachts/d49fd6fe-849a-4007-937a-516892a4cdb9/d49fd6fe-849a-4007-937a-516892a4cdb9-5.jpg,5,2026-04-23 08:33:18.546814+00
04da4dfc-79eb-476c-aab6-0d2587b8a0a9,942682e5-0ff5-4cab-af32-707ca61c402c,https://awrznjnofgmlqjiayhoi.supabase.co/storage/v1/object/public/yacht-images/new-yachts/942682e5-0ff5-4cab-af32-707ca61c402c/942682e5-0ff5-4cab-af32-707ca61c402c-1.jpg,new-yachts/942682e5-0ff5-4cab-af32-707ca61c402c/942682e5-0ff5-4cab-af32-707ca61c402c-1.jpg,1,2026-04-08 10:24:53.413777+00
04efbffc-f8c4-4556-b4bc-509a5b4fd4b0,80158340-3d11-4af8-948d-23fa3fd26828,https://awrznjnofgmlqjiayhoi.supabase.co/storage/v1/object/public/yacht-images/new-yachts/80158340-3d11-4af8-948d-23fa3fd26828/80158340-3d11-4af8-948d-23fa3fd26828-3.webp,new-yachts/80158340-3d11-4af8-948d-23fa3fd26828/80158340-3d11-4af8-948d-23fa3fd26828-3.webp,3,2026-03-26 21:38:35.633088+00
04f389ff-e3c6-47c3-801f-76a1c66f6957,482d1927-5b7c-44d1-87a8-1cb33053bf9a,https://awrznjnofgmlqjiayhoi.supabase.co/storage/v1/object/public/yacht-images/new-yachts/482d1927-5b7c-44d1-87a8-1cb33053bf9a/482d1927-5b7c-44d1-87a8-1cb33053bf9a-8.jpg,new-yachts/482d1927-5b7c-44d1-87a8-1cb33053bf9a/482d1927-5b7c-44d1-87a8-1cb33053bf9a-8.jpg,8,2026-04-22 13:31:27.991909+00
05115d87-8a86-423f-9c25-6aebaa17d0ba,918b12a4-fcbf-46eb-8a39-6a1cc0bf196f,https://awrznjnofgmlqjiayhoi.supabase.co/storage/v1/object/public/yacht-images/new-yachts/918b12a4-fcbf-46eb-8a39-6a1cc0bf196f/918b12a4-fcbf-46eb-8a39-6a1cc0bf196f-1.jpg,new-yachts/918b12a4-fcbf-46eb-8a39-6a1cc0bf196f/918b12a4-fcbf-46eb-8a39-6a1cc0bf196f-1.jpg,1,2026-04-22 18:21:37.160351+00
0522cb96-2e31-4fbd-934e-1bcb0af5ef85,8e78c2bb-81da-4ae6-b09a-264a4e7f76ad,https://awrznjnofgmlqjiayhoi.supabase.co/storage/v1/object/public/yacht-images/new-yachts/8e78c2bb-81da-4ae6-b09a-264a4e7f76ad/8e78c2bb-81da-4ae6-b09a-264a4e7f76ad-1.jpg,new-yachts/8e78c2bb-81da-4ae6-b09a-264a4e7f76ad/8e78c2bb-81da-4ae6-b09a-264a4e7f76ad-1.jpg,1,2026-04-23 08:30:40.040312+00
052a0544-c44f-4109-aea9-fa91b5318153,2a59a9b9-e70a-4dd8-ba20-4d4eb7384cbc,https://awrznjnofgmlqjiayhoi.supabase.co/storage/v1/object/public/yacht-images/new-yachts/2a59a9b9-e70a-4dd8-ba20-4d4eb7384cbc/2a59a9b9-e70a-4dd8-ba20-4d4eb7384cbc-4.jpg,new-yachts/2a59a9b9-e70a-4dd8-ba20-4d4eb7384cbc/2a59a9b9-e70a-4dd8-ba20-4d4eb7384cbc-4.jpg,4,2026-04-23 08:58:03.522224+00
0531b67a-9a82-4b91-9576-77b71c2fcdcf,e9027657-7dcb-4ff3-993b-ee589e17b607,https://awrznjnofgmlqjiayhoi.supabase.co/storage/v1/object/public/yacht-images/new-yachts/e9027657-7dcb-4ff3-993b-ee589e17b607/e9027657-7dcb-4ff3-993b-ee589e17b607-1.jpg,new-yachts/e9027657-7dcb-4ff3-993b-ee589e17b607/e9027657-7dcb-4ff3-993b-ee589e17b607-1.jpg,1,2026-04-23 09:00:13.031625+00
05348c5c-5ee9-4682-a7c8-11faafcef486,1073dc8e-89c9-4598-a274-70645e470923,https://awrznjnofgmlqjiayhoi.supabase.co/storage/v1/object/public/yacht-images/new-yachts/1073dc8e-89c9-4598-a274-70645e470923/1073dc8e-89c9-4598-a274-70645e470923-2.jpg,new-yachts/1073dc8e-89c9-4598-a274-70645e470923/1073dc8e-89c9-4598-a274-70645e470923-2.jpg,2,2026-04-24 00:10:42.5729+00
053d4b9d-690d-430b-a161-907951e56182,83795779-a646-4c1e-b643-56e99168b304,https://awrznjnofgmlqjiayhoi.supabase.co/storage/v1/object/public/yacht-images/new-yachts/83795779-a646-4c1e-b643-56e99168b304/83795779-a646-4c1e-b643-56e99168b304-3.jpg,new-yachts/83795779-a646-4c1e-b643-56e99168b304/83795779-a646-4c1e-b643-56e99168b304-3.jpg,3,2026-04-22 18:07:48.553475+00
05455108-efc6-433a-b6ad-e4f285d24c0a,f651b6e2-9576-490b-a593-877bcb8944e0,https://awrznjnofgmlqjiayhoi.supabase.co/storage/v1/object/public/yacht-images/new-yachts/f651b6e2-9576-490b-a593-877bcb8944e0/f651b6e2-9576-490b-a593-877bcb8944e0-6.jpg,new-yachts/f651b6e2-9576-490b-a593-877bcb8944e0/f651b6e2-9576-490b-a593-877bcb8944e0-6.jpg,6,2026-04-23 12:44:47.098643+00
05583f70-5c78-49af-b09d-a5dada5d3670,f651b6e2-9576-490b-a593-877bcb8944e0,https://awrznjnofgmlqjiayhoi.supabase.co/storage/v1/object/public/yacht-images/new-yachts/f651b6e2-9576-490b-a593-877bcb8944e0/f651b6e2-9576-490b-a593-877bcb8944e0-10.jpg,new-yachts/f651b6e2-9576-490b-a593-877bcb8944e0/f651b6e2-9576-490b-a593-877bcb8944e0-10.jpg,10,2026-04-23 12:44:49.652436+00
056562da-5f8f-4972-96af-87acfa048ad1,1646a0a5-5fa5-410b-8b32-7ade84fab230,https://awrznjnofgmlqjiayhoi.supabase.co/storage/v1/object/public/yacht-images/new-yachts/1646a0a5-5fa5-410b-8b32-7ade84fab230/1646a0a5-5fa5-410b-8b32-7ade84fab230-3.jpg,new-yachts/1646a0a5-5fa5-410b-8b32-7ade84fab230/1646a0a5-5fa5-410b-8b32-7ade84fab230-3.jpg,3,2026-04-24 00:44:37.750504+00
056e1e05-84eb-4009-a257-330c1965d337,40ad641d-8678-4762-ae92-ed4a9b0cb3b9,https://awrznjnofgmlqjiayhoi.supabase.co/storage/v1/object/public/yacht-images/new-yachts/40ad641d-8678-4762-ae92-ed4a9b0cb3b9/40ad641d-8678-4762-ae92-ed4a9b0cb3b9-9.jpg,new-yachts/40ad641d-8678-4762-ae92-ed4a9b0cb3b9/40ad641d-8678-4762-ae92-ed4a9b0cb3b9-9.jpg,9,2026-04-23 09:17:39.76514+00
0585faea-3cd8-40d1-90d1-88af48574bdd,c96d4ad4-068c-4543-8548-9bee6a9e902f,https://awrznjnofgmlqjiayhoi.supabase.co/storage/v1/object/public/yacht-images/new-yachts/c96d4ad4-068c-4543-8548-9bee6a9e902f/c96d4ad4-068c-4543-8548-9bee6a9e902f-6.jpg,new-yachts/c96d4ad4-068c-4543-8548-9bee6a9e902f/c96d4ad4-068c-4543-8548-9bee6a9e902f-6.jpg,6,2026-04-23 10:17:53.872952+00
059dbd6f-e989-40d2-98bf-0f28957ed962,efab5d6c-7ff4-4641-8abb-e8196d7a9f3d,https://awrznjnofgmlqjiayhoi.supabase.co/storage/v1/object/public/yacht-images/new-yachts/efab5d6c-7ff4-4641-8abb-e8196d7a9f3d/efab5d6c-7ff4-4641-8abb-e8196d7a9f3d-4.jpg,new-yachts/efab5d6c-7ff4-4641-8abb-e8196d7a9f3d/efab5d6c-7ff4-4641-8abb-e8196d7a9f3d-4.jpg,4,2026-04-22 15:11:47.339461+00
05a2d5cc-da8d-43d3-bc56-90e9aa74bab4,aa8c6101-eb69-4a45-94b2-eb80dc49a261,https://awrznjnofgmlqjiayhoi.supabase.co/storage/v1/object/public/yacht-images/new-yachts/aa8c6101-eb69-4a45-94b2-eb80dc49a261/aa8c6101-eb69-4a45-94b2-eb80dc49a261-2.jpg,new-yachts/aa8c6101-eb69-4a45-94b2-eb80dc49a261/aa8c6101-eb69-4a45-94b2-eb80dc49a261-2.jpg,2,2026-04-24 17:50:33.15267+00
05f00bf7-e80f-4935-9d78-561c987e908c,1c5f2552-f6fb-43a0-b2d1-c841eae6e044,https://awrznjnofgmlqjiayhoi.supabase.co/storage/v1/object/public/yacht-images/new-yachts/1c5f2552-f6fb-43a0-b2d1-c841eae6e044/1c5f2552-f6fb-43a0-b2d1-c841eae6e044-10.jpg,new-yachts/1c5f2552-f6fb-43a0-b2d1-c841eae6e044/1c5f2552-f6fb-43a0-b2d1-c841eae6e044-10.jpg,10,2026-04-24 00:43:22.812596+00
061fc65f-58b4-4b45-9c66-222abc2e2d1a,bce94c01-611b-4af9-aa98-3c8df61a6cd5,https://awrznjnofgmlqjiayhoi.supabase.co/storage/v1/object/public/yacht-images/new-yachts/bce94c01-611b-4af9-aa98-3c8df61a6cd5/bce94c01-611b-4af9-aa98-3c8df61a6cd5-1.jpg,new-yachts/bce94c01-611b-4af9-aa98-3c8df61a6cd5/bce94c01-611b-4af9-aa98-3c8df61a6cd5-1.jpg,1,2026-03-27 20:20:22.167382+00
06582827-4e4f-4ca6-89de-33f2e53ce6f8,d0075994-96ea-41d7-99b0-7e2f908da0bc,https://awrznjnofgmlqjiayhoi.supabase.co/storage/v1/object/public/yacht-images/new-yachts/d0075994-96ea-41d7-99b0-7e2f908da0bc/d0075994-96ea-41d7-99b0-7e2f908da0bc-9.jpg,new-yachts/d0075994-96ea-41d7-99b0-7e2f908da0bc/d0075994-96ea-41d7-99b0-7e2f908da0bc-9.jpg,9,2026-04-24 00:25:54.839143+00
066fd14d-83bc-4d89-a08f-d27f320c3320,7db06b92-897d-47e6-a070-0b270a5b6d03,https://awrznjnofgmlqjiayhoi.supabase.co/storage/v1/object/public/yacht-images/new-yachts/7db06b92-897d-47e6-a070-0b270a5b6d03/7db06b92-897d-47e6-a070-0b270a5b6d03-5.jpg,new-yachts/7db06b92-897d-47e6-a070-0b270a5b6d03/7db06b92-897d-47e6-a070-0b270a5b6d03-5.jpg,5,2026-04-22 18:45:57.237362+00
068a4112-6ad3-4c38-abae-3d711d2658bc,d15f9400-57d7-4e7e-8194-b1c06fe5f250,https://awrznjnofgmlqjiayhoi.supabase.co/storage/v1/object/public/yacht-images/new-yachts/d15f9400-57d7-4e7e-8194-b1c06fe5f250/d15f9400-57d7-4e7e-8194-b1c06fe5f250-3.jpg,new-yachts/d15f9400-57d7-4e7e-8194-b1c06fe5f250/d15f9400-57d7-4e7e-8194-b1c06fe5f250-3.jpg,3,2026-04-24 15:53:01.281085+00
06a682d3-d5c4-44ba-b21f-168b1f8635af,f5d60854-b6fa-4fc1-b3f2-8e6adb8a393e,https://awrznjnofgmlqjiayhoi.supabase.co/storage/v1/object/public/yacht-images/new-yachts/f5d60854-b6fa-4fc1-b3f2-8e6adb8a393e/f5d60854-b6fa-4fc1-b3f2-8e6adb8a393e-10.jpg,new-yachts/f5d60854-b6fa-4fc1-b3f2-8e6adb8a393e/f5d60854-b6fa-4fc1-b3f2-8e6adb8a393e-10.jpg,10,2026-04-22 18:50:28.329928+00
06c8850b-c63a-4ffe-ba7c-1b62e35bc3cd,b8386205-38db-4b2c-b839-b02eb7dbdb4e,https://awrznjnofgmlqjiayhoi.supabase.co/storage/v1/object/public/yacht-images/new-yachts/b8386205-38db-4b2c-b839-b02eb7dbdb4e/b8386205-38db-4b2c-b839-b02eb7dbdb4e-4.jpg,new-yachts/b8386205-38db-4b2c-b839-b02eb7dbdb4e/b8386205-38db-4b2c-b839-b02eb7dbdb4e-4.jpg,4,2026-04-24 17:54:49.835799+00
07440715-b459-42ad-81f0-4dd31c23e7cf,9f57ec42-db09-4ed6-b8a0-17af63e10f17,https://awrznjnofgmlqjiayhoi.supabase.co/storage/v1/object/public/yacht-images/new-yachts/9f57ec42-db09-4ed6-b8a0-17af63e10f17/9f57ec42-db09-4ed6-b8a0-17af63e10f17-9.jpg,new-yachts/9f57ec42-db09-4ed6-b8a0-17af63e10f17/9f57ec42-db09-4ed6-b8a0-17af63e10f17-9.jpg,9,2026-04-22 18:48:14.966005+00
07680735-6549-437b-8df5-34380dfabe23,2574c261-52de-479f-9ccd-2f833f6ba6d6,https://awrznjnofgmlqjiayhoi.supabase.co/storage/v1/object/public/yacht-images/new-yachts/2574c261-52de-479f-9ccd-2f833f6ba6d6/2574c261-52de-479f-9ccd-2f833f6ba6d6-1.jpg,new-yachts/2574c261-52de-479f-9ccd-2f833f6ba6d6/2574c261-52de-479f-9ccd-2f833f6ba6d6-1.jpg,1,2026-04-22 16:26:07.660845+00
0784b737-4a7f-4a9b-9493-8cb89fcd0942,eb4c00ef-9609-4812-b38a-eb3742333511,https://awrznjnofgmlqjiayhoi.supabase.co/storage/v1/object/public/yacht-images/new-yachts/eb4c00ef-9609-4812-b38a-eb3742333511/eb4c00ef-9609-4812-b38a-eb3742333511-11.jpg,new-yachts/eb4c00ef-9609-4812-b38a-eb3742333511/eb4c00ef-9609-4812-b38a-eb3742333511-11.jpg,11,2026-04-22 17:03:27.562068+00
07aa3937-c867-4992-98cb-a87601f6897f,ff6db69f-5b1d-4403-a044-83e29b9f2fb1,https://awrznjnofgmlqjiayhoi.supabase.co/storage/v1/object/public/yacht-images/new-yachts/ff6db69f-5b1d-4403-a044-83e29b9f2fb1/ff6db69f-5b1d-4403-a044-83e29b9f2fb1-1.jpg,new-yachts/ff6db69f-5b1d-4403-a044-83e29b9f2fb1/ff6db69f-5b1d-4403-a044-83e29b9f2fb1-1.jpg,1,2026-03-26 21:36:04.63634+00
07b325ac-868b-4eac-820d-587ecdce8982,68193184-66ee-493e-b2f7-72ff5c829416,https://awrznjnofgmlqjiayhoi.supabase.co/storage/v1/object/public/yacht-images/new-yachts/68193184-66ee-493e-b2f7-72ff5c829416/68193184-66ee-493e-b2f7-72ff5c829416-10.jpg,new-yachts/68193184-66ee-493e-b2f7-72ff5c829416/68193184-66ee-493e-b2f7-72ff5c829416-10.jpg,10,2026-04-24 00:34:24.881021+00
07e2cde6-0a38-4844-8245-550be5d8f02d,093e8300-40b1-41b7-ab55-f8d53889c761,https://awrznjnofgmlqjiayhoi.supabase.co/storage/v1/object/public/yacht-images/new-yachts/093e8300-40b1-41b7-ab55-f8d53889c761/093e8300-40b1-41b7-ab55-f8d53889c761-2.png,new-yachts/093e8300-40b1-41b7-ab55-f8d53889c761/093e8300-40b1-41b7-ab55-f8d53889c761-2.png,2,2026-03-24 19:32:10.097883+00
07fe5fb4-a47b-45c2-8799-171c518d6905,81905b1b-c4c4-4345-aaf6-8e7152bfae48,https://awrznjnofgmlqjiayhoi.supabase.co/storage/v1/object/public/yacht-images/new-yachts/81905b1b-c4c4-4345-aaf6-8e7152bfae48/81905b1b-c4c4-4345-aaf6-8e7152bfae48-10.jpg,new-yachts/81905b1b-c4c4-4345-aaf6-8e7152bfae48/81905b1b-c4c4-4345-aaf6-8e7152bfae48-10.jpg,10,2026-04-22 17:09:08.465113+00
08040e29-f305-45ac-b8f7-3a3fff1e1e0b,46478d58-042a-4ac5-85df-9be0f1f1040e,https://awrznjnofgmlqjiayhoi.supabase.co/storage/v1/object/public/yacht-images/new-yachts/46478d58-042a-4ac5-85df-9be0f1f1040e/46478d58-042a-4ac5-85df-9be0f1f1040e-5.jpg,new-yachts/46478d58-042a-4ac5-85df-9be0f1f1040e/46478d58-042a-4ac5-85df-9be0f1f1040e-5.jpg,5,2026-04-24 18:49:09.08223+00
082df205-4a06-461a-9605-99725b377207,2dcb8ce7-6e7d-49ec-8c52-067db62ed412,https://awrznjnofgmlqjiayhoi.supabase.co/storage/v1/object/public/yacht-images/new-yachts/2dcb8ce7-6e7d-49ec-8c52-067db62ed412/2dcb8ce7-6e7d-49ec-8c52-067db62ed412-9.jpg,new-yachts/2dcb8ce7-6e7d-49ec-8c52-067db62ed412/2dcb8ce7-6e7d-49ec-8c52-067db62ed412-9.jpg,9,2026-04-24 22:45:13.257699+00
08956235-d7a3-47d1-890e-7c7aa5d994a5,671a273a-9c01-40cb-ba3a-a05127d28885,https://awrznjnofgmlqjiayhoi.supabase.co/storage/v1/object/public/yacht-images/new-yachts/671a273a-9c01-40cb-ba3a-a05127d28885/671a273a-9c01-40cb-ba3a-a05127d28885-1.jpg,new-yachts/671a273a-9c01-40cb-ba3a-a05127d28885/671a273a-9c01-40cb-ba3a-a05127d28885-1.jpg,1,2026-04-22 17:04:50.766329+00
08ab322d-85ce-47e7-aecf-99dc7d187035,1c5f2552-f6fb-43a0-b2d1-c841eae6e044,https://awrznjnofgmlqjiayhoi.supabase.co/storage/v1/object/public/yacht-images/new-yachts/1c5f2552-f6fb-43a0-b2d1-c841eae6e044/1c5f2552-f6fb-43a0-b2d1-c841eae6e044-5.jpg,new-yachts/1c5f2552-f6fb-43a0-b2d1-c841eae6e044/1c5f2552-f6fb-43a0-b2d1-c841eae6e044-5.jpg,5,2026-04-24 00:43:19.243837+00
08da7097-eed9-4c9c-86b8-7d993cc23c1d,1789ce0b-b617-4357-911e-6152f2799f45,https://awrznjnofgmlqjiayhoi.supabase.co/storage/v1/object/public/yacht-images/new-yachts/1789ce0b-b617-4357-911e-6152f2799f45/1789ce0b-b617-4357-911e-6152f2799f45-2.jpg,new-yachts/1789ce0b-b617-4357-911e-6152f2799f45/1789ce0b-b617-4357-911e-6152f2799f45-2.jpg,2,2026-04-24 00:00:50.021046+00
0947e9f9-e3c5-4516-80e2-564d332c6ff5,46dec82f-7d34-4f29-939d-9fcfb5d011cd,https://awrznjnofgmlqjiayhoi.supabase.co/storage/v1/object/public/yacht-images/new-yachts/46dec82f-7d34-4f29-939d-9fcfb5d011cd/46dec82f-7d34-4f29-939d-9fcfb5d011cd-8.jpg,new-yachts/46dec82f-7d34-4f29-939d-9fcfb5d011cd/46dec82f-7d34-4f29-939d-9fcfb5d011cd-8.jpg,8,2026-04-23 10:16:20.275773+00
097ffe72-ef2a-48d1-8103-fd295b2dda32,7a218c13-b279-49d9-8ee4-bec942046f18,https://awrznjnofgmlqjiayhoi.supabase.co/storage/v1/object/public/yacht-images/new-yachts/7a218c13-b279-49d9-8ee4-bec942046f18/7a218c13-b279-49d9-8ee4-bec942046f18-10.jpg,new-yachts/7a218c13-b279-49d9-8ee4-bec942046f18/7a218c13-b279-49d9-8ee4-bec942046f18-10.jpg,10,2026-04-23 13:00:07.407907+00
099c13ed-ae37-46c9-8f08-cb5377a4ff77,f4b8122c-8b42-473d-bec4-396b5cf3471c,https://awrznjnofgmlqjiayhoi.supabase.co/storage/v1/object/public/yacht-images/new-yachts/f4b8122c-8b42-473d-bec4-396b5cf3471c/f4b8122c-8b42-473d-bec4-396b5cf3471c-7.webp,new-yachts/f4b8122c-8b42-473d-bec4-396b5cf3471c/f4b8122c-8b42-473d-bec4-396b5cf3471c-7.webp,7,2026-03-13 10:29:05.064333+00
09c1e0d7-c0f4-4eb1-911e-b839620c6522,5ce670e1-2f6e-4855-ab51-e64f92813135,https://awrznjnofgmlqjiayhoi.supabase.co/storage/v1/object/public/yacht-images/new-yachts/5ce670e1-2f6e-4855-ab51-e64f92813135/5ce670e1-2f6e-4855-ab51-e64f92813135-2.jpg,new-yachts/5ce670e1-2f6e-4855-ab51-e64f92813135/5ce670e1-2f6e-4855-ab51-e64f92813135-2.jpg,2,2026-04-24 00:53:03.844018+00
09c3cb97-210c-4152-91e5-0add0bccb2b5,2376d7ee-cfbb-49e5-85fe-46552893c082,https://awrznjnofgmlqjiayhoi.supabase.co/storage/v1/object/public/yacht-images/new-yachts/2376d7ee-cfbb-49e5-85fe-46552893c082/2376d7ee-cfbb-49e5-85fe-46552893c082-8.jpg,new-yachts/2376d7ee-cfbb-49e5-85fe-46552893c082/2376d7ee-cfbb-49e5-85fe-46552893c082-8.jpg,8,2026-04-22 18:13:25.249633+00
09d2ec93-cbdd-48df-a8f4-9b28414b62a4,71152f00-7193-453c-9187-3cac259a9afe,https://awrznjnofgmlqjiayhoi.supabase.co/storage/v1/object/public/yacht-images/new-yachts/71152f00-7193-453c-9187-3cac259a9afe/71152f00-7193-453c-9187-3cac259a9afe-3.jpg,new-yachts/71152f00-7193-453c-9187-3cac259a9afe/71152f00-7193-453c-9187-3cac259a9afe-3.jpg,3,2026-04-22 16:20:45.687235+00
0a02c580-d2e6-46ba-878a-776f78b00b70,d42486ba-023e-4f5b-a7fe-6e39dc51969d,https://awrznjnofgmlqjiayhoi.supabase.co/storage/v1/object/public/yacht-images/new-yachts/d42486ba-023e-4f5b-a7fe-6e39dc51969d/d42486ba-023e-4f5b-a7fe-6e39dc51969d-3.webp,new-yachts/d42486ba-023e-4f5b-a7fe-6e39dc51969d/d42486ba-023e-4f5b-a7fe-6e39dc51969d-3.webp,3,2026-03-26 21:28:35.587135+00
0a1f9f75-9ff2-48f7-95f3-20dbf4fa41b9,02943908-9ea0-4048-8f13-5a2e9e8aa180,https://awrznjnofgmlqjiayhoi.supabase.co/storage/v1/object/public/yacht-images/new-yachts/02943908-9ea0-4048-8f13-5a2e9e8aa180/02943908-9ea0-4048-8f13-5a2e9e8aa180-5.jpg,new-yachts/02943908-9ea0-4048-8f13-5a2e9e8aa180/02943908-9ea0-4048-8f13-5a2e9e8aa180-5.jpg,5,2026-04-22 18:49:18.040273+00
0a3768c9-7f0d-4c28-9065-3c6e1e7b6c59,a333914a-50aa-4524-8f4c-1583fcdc0ade,https://awrznjnofgmlqjiayhoi.supabase.co/storage/v1/object/public/yacht-images/new-yachts/a333914a-50aa-4524-8f4c-1583fcdc0ade/a333914a-50aa-4524-8f4c-1583fcdc0ade-8.jpg,new-yachts/a333914a-50aa-4524-8f4c-1583fcdc0ade/a333914a-50aa-4524-8f4c-1583fcdc0ade-8.jpg,8,2026-04-22 17:12:28.920412+00
0a43ee5d-2776-48b5-a874-3c8f5298fca7,40725080-facb-4006-b428-02bd3234b688,https://awrznjnofgmlqjiayhoi.supabase.co/storage/v1/object/public/yacht-images/new-yachts/40725080-facb-4006-b428-02bd3234b688/40725080-facb-4006-b428-02bd3234b688-7.jpg,new-yachts/40725080-facb-4006-b428-02bd3234b688/40725080-facb-4006-b428-02bd3234b688-7.jpg,7,2026-04-23 12:53:26.040241+00
0a4a80fe-adc6-4164-ae5c-1de96a0fd45e,d0282847-d186-4083-920d-8b329d9ebfce,https://awrznjnofgmlqjiayhoi.supabase.co/storage/v1/object/public/yacht-images/new-yachts/d0282847-d186-4083-920d-8b329d9ebfce/d0282847-d186-4083-920d-8b329d9ebfce-6.jpg,new-yachts/d0282847-d186-4083-920d-8b329d9ebfce/d0282847-d186-4083-920d-8b329d9ebfce-6.jpg,6,2026-04-24 00:51:50.929222+00
0a51ecd3-4275-4839-b611-f7171c055680,3b566a87-1f34-4f83-8f51-8fc988f9d292,https://awrznjnofgmlqjiayhoi.supabase.co/storage/v1/object/public/yacht-images/new-yachts/3b566a87-1f34-4f83-8f51-8fc988f9d292/3b566a87-1f34-4f83-8f51-8fc988f9d292-11.jpg,new-yachts/3b566a87-1f34-4f83-8f51-8fc988f9d292/3b566a87-1f34-4f83-8f51-8fc988f9d292-11.jpg,11,2026-04-23 09:09:36.858451+00
0a62ba5d-5bc8-407f-a61b-ad9c11f8102a,c96d4ad4-068c-4543-8548-9bee6a9e902f,https://awrznjnofgmlqjiayhoi.supabase.co/storage/v1/object/public/yacht-images/new-yachts/c96d4ad4-068c-4543-8548-9bee6a9e902f/c96d4ad4-068c-4543-8548-9bee6a9e902f-5.jpg,new-yachts/c96d4ad4-068c-4543-8548-9bee6a9e902f/c96d4ad4-068c-4543-8548-9bee6a9e902f-5.jpg,5,2026-04-23 10:17:53.335349+00
0a7e57fb-78b0-4036-b4cc-49cde2819b75,1042edff-4705-46d8-9b10-fb0968840aac,https://awrznjnofgmlqjiayhoi.supabase.co/storage/v1/object/public/yacht-images/new-yachts/1042edff-4705-46d8-9b10-fb0968840aac/1042edff-4705-46d8-9b10-fb0968840aac-1.jpg,new-yachts/1042edff-4705-46d8-9b10-fb0968840aac/1042edff-4705-46d8-9b10-fb0968840aac-1.jpg,1,2026-03-26 21:14:55.707571+00
0a855087-06e6-4495-9508-71cc8446b0c0,59ad167b-dfee-4c44-aa33-60b6e1e05678,https://awrznjnofgmlqjiayhoi.supabase.co/storage/v1/object/public/yacht-images/new-yachts/59ad167b-dfee-4c44-aa33-60b6e1e05678/59ad167b-dfee-4c44-aa33-60b6e1e05678-11.jpg,new-yachts/59ad167b-dfee-4c44-aa33-60b6e1e05678/59ad167b-dfee-4c44-aa33-60b6e1e05678-11.jpg,11,2026-04-22 17:26:27.382889+00
0ab63695-c246-423c-a156-d5b735504f2c,d8c10543-eae9-4f8a-a3f8-738173fb7578,https://awrznjnofgmlqjiayhoi.supabase.co/storage/v1/object/public/yacht-images/new-yachts/d8c10543-eae9-4f8a-a3f8-738173fb7578/d8c10543-eae9-4f8a-a3f8-738173fb7578-3.webp,new-yachts/d8c10543-eae9-4f8a-a3f8-738173fb7578/d8c10543-eae9-4f8a-a3f8-738173fb7578-3.webp,3,2026-03-27 20:25:03.176041+00
0aca559b-aa95-4d7e-b9f9-d197bdc9d6b5,d7003aa7-7557-4e21-b9ce-73e4908e49a3,https://awrznjnofgmlqjiayhoi.supabase.co/storage/v1/object/public/yacht-images/new-yachts/d7003aa7-7557-4e21-b9ce-73e4908e49a3/d7003aa7-7557-4e21-b9ce-73e4908e49a3-5.jpg,new-yachts/d7003aa7-7557-4e21-b9ce-73e4908e49a3/d7003aa7-7557-4e21-b9ce-73e4908e49a3-5.jpg,5,2026-04-23 08:24:15.750714+00
0ad83347-a2bf-44cb-813e-8c8b0a57b58e,15b49175-2c23-45b4-ae75-868c180ffcb1,https://awrznjnofgmlqjiayhoi.supabase.co/storage/v1/object/public/yacht-images/new-yachts/15b49175-2c23-45b4-ae75-868c180ffcb1/15b49175-2c23-45b4-ae75-868c180ffcb1-3.jpg,new-yachts/15b49175-2c23-45b4-ae75-868c180ffcb1/15b49175-2c23-45b4-ae75-868c180ffcb1-3.jpg,3,2026-04-08 12:50:57.624052+00
0adaf60b-fd1b-4a73-a50a-976b55030668,bab48513-ac52-49e5-b77f-754867d91fee,https://awrznjnofgmlqjiayhoi.supabase.co/storage/v1/object/public/yacht-images/new-yachts/bab48513-ac52-49e5-b77f-754867d91fee/bab48513-ac52-49e5-b77f-754867d91fee-5.jpg,new-yachts/bab48513-ac52-49e5-b77f-754867d91fee/bab48513-ac52-49e5-b77f-754867d91fee-5.jpg,5,2026-04-24 15:54:09.89032+00
0b00c72a-c567-4998-b61f-d3d8c284d3de,5d02ef55-1f86-4529-b012-e26a73e30363,https://awrznjnofgmlqjiayhoi.supabase.co/storage/v1/object/public/yacht-images/new-yachts/5d02ef55-1f86-4529-b012-e26a73e30363/5d02ef55-1f86-4529-b012-e26a73e30363-3.jpg,new-yachts/5d02ef55-1f86-4529-b012-e26a73e30363/5d02ef55-1f86-4529-b012-e26a73e30363-3.jpg,3,2026-04-24 00:15:14.77104+00
0b07694e-5d29-401b-8364-ced527b946df,d15f9400-57d7-4e7e-8194-b1c06fe5f250,https://awrznjnofgmlqjiayhoi.supabase.co/storage/v1/object/public/yacht-images/new-yachts/d15f9400-57d7-4e7e-8194-b1c06fe5f250/d15f9400-57d7-4e7e-8194-b1c06fe5f250-2.jpg,new-yachts/d15f9400-57d7-4e7e-8194-b1c06fe5f250/d15f9400-57d7-4e7e-8194-b1c06fe5f250-2.jpg,2,2026-04-24 15:53:00.681794+00
0b1e9889-6a67-464f-8927-5fbcbd7715b8,649ce45c-bd0c-4bb4-97e7-fa5da64e4a18,https://awrznjnofgmlqjiayhoi.supabase.co/storage/v1/object/public/yacht-images/new-yachts/649ce45c-bd0c-4bb4-97e7-fa5da64e4a18/649ce45c-bd0c-4bb4-97e7-fa5da64e4a18-5.jpg,new-yachts/649ce45c-bd0c-4bb4-97e7-fa5da64e4a18/649ce45c-bd0c-4bb4-97e7-fa5da64e4a18-5.jpg,5,2026-04-10 12:17:01.5768+00
0b2d51a5-7e02-46fb-9de8-ece228f98274,5a7af5a2-016c-456b-9d50-b538f4929c78,https://awrznjnofgmlqjiayhoi.supabase.co/storage/v1/object/public/yacht-images/new-yachts/5a7af5a2-016c-456b-9d50-b538f4929c78/5a7af5a2-016c-456b-9d50-b538f4929c78-7.jpg,new-yachts/5a7af5a2-016c-456b-9d50-b538f4929c78/5a7af5a2-016c-456b-9d50-b538f4929c78-7.jpg,7,2026-04-23 09:19:20.119502+00
0b4ff9e5-c09f-421b-abc0-c4c73f09eb3a,fd6e9af7-14f4-4d1a-86f9-d0d49f46fbc5,https://awrznjnofgmlqjiayhoi.supabase.co/storage/v1/object/public/yacht-images/new-yachts/fd6e9af7-14f4-4d1a-86f9-d0d49f46fbc5/fd6e9af7-14f4-4d1a-86f9-d0d49f46fbc5-3.webp,new-yachts/fd6e9af7-14f4-4d1a-86f9-d0d49f46fbc5/fd6e9af7-14f4-4d1a-86f9-d0d49f46fbc5-3.webp,3,2026-03-26 21:23:48.245445+00
0b70fd74-e566-42c9-9601-7012e127a83e,1cddd9eb-4fd6-4f55-a3f8-8744a301fa2d,https://awrznjnofgmlqjiayhoi.supabase.co/storage/v1/object/public/yacht-images/new-yachts/1cddd9eb-4fd6-4f55-a3f8-8744a301fa2d/1cddd9eb-4fd6-4f55-a3f8-8744a301fa2d-6.jpg,new-yachts/1cddd9eb-4fd6-4f55-a3f8-8744a301fa2d/1cddd9eb-4fd6-4f55-a3f8-8744a301fa2d-6.jpg,6,2026-04-24 19:58:21.358003+00
0ba1bb4f-5c30-49fd-b2ac-aec813359adc,036b38ca-3c40-46d2-a5eb-0f44fd933ae7,https://awrznjnofgmlqjiayhoi.supabase.co/storage/v1/object/public/yacht-images/new-yachts/036b38ca-3c40-46d2-a5eb-0f44fd933ae7/036b38ca-3c40-46d2-a5eb-0f44fd933ae7-6.jpg,new-yachts/036b38ca-3c40-46d2-a5eb-0f44fd933ae7/036b38ca-3c40-46d2-a5eb-0f44fd933ae7-6.jpg,6,2026-04-23 12:55:25.649372+00
0bac7a5a-b8ed-400c-bff3-1e9adad86e73,96f0c491-d2d6-4d18-9673-195e14005b8b,https://awrznjnofgmlqjiayhoi.supabase.co/storage/v1/object/public/yacht-images/new-yachts/96f0c491-d2d6-4d18-9673-195e14005b8b/96f0c491-d2d6-4d18-9673-195e14005b8b-10.jpg,new-yachts/96f0c491-d2d6-4d18-9673-195e14005b8b/96f0c491-d2d6-4d18-9673-195e14005b8b-10.jpg,10,2026-04-24 22:12:13.864503+00
0bdbe70e-05f3-4a9f-8b6b-8826f78c8482,c7824eeb-5781-49ee-b923-aa636e73cb36,https://awrznjnofgmlqjiayhoi.supabase.co/storage/v1/object/public/yacht-images/new-yachts/c7824eeb-5781-49ee-b923-aa636e73cb36/c7824eeb-5781-49ee-b923-aa636e73cb36-10.jpg,new-yachts/c7824eeb-5781-49ee-b923-aa636e73cb36/c7824eeb-5781-49ee-b923-aa636e73cb36-10.jpg,10,2026-04-24 00:24:35.040234+00
0c0da71e-c8f2-4859-a0d0-7aa046431454,a333914a-50aa-4524-8f4c-1583fcdc0ade,https://awrznjnofgmlqjiayhoi.supabase.co/storage/v1/object/public/yacht-images/new-yachts/a333914a-50aa-4524-8f4c-1583fcdc0ade/a333914a-50aa-4524-8f4c-1583fcdc0ade-1.jpg,new-yachts/a333914a-50aa-4524-8f4c-1583fcdc0ade/a333914a-50aa-4524-8f4c-1583fcdc0ade-1.jpg,1,2026-04-22 17:12:24.102777+00
0c328a1c-6a33-4df1-b7e8-e9552e554380,5491dfd2-b60d-460f-a1c5-d20b54a68599,https://awrznjnofgmlqjiayhoi.supabase.co/storage/v1/object/public/yacht-images/new-yachts/5491dfd2-b60d-460f-a1c5-d20b54a68599/5491dfd2-b60d-460f-a1c5-d20b54a68599-6.jpg,new-yachts/5491dfd2-b60d-460f-a1c5-d20b54a68599/5491dfd2-b60d-460f-a1c5-d20b54a68599-6.jpg,6,2026-04-22 17:33:39.971947+00
0c8a11c5-2916-499e-b27c-ceb6078f98c8,cadd3216-79f0-42b7-9c76-190f169be432,https://awrznjnofgmlqjiayhoi.supabase.co/storage/v1/object/public/yacht-images/new-yachts/cadd3216-79f0-42b7-9c76-190f169be432/cadd3216-79f0-42b7-9c76-190f169be432-1.jpg,new-yachts/cadd3216-79f0-42b7-9c76-190f169be432/cadd3216-79f0-42b7-9c76-190f169be432-1.jpg,1,2026-04-22 15:07:05.583817+00
0cc8985e-8e4a-47b7-9af5-81e2d0fcf256,b71e779a-40eb-4110-b871-8d24a227e42f,https://awrznjnofgmlqjiayhoi.supabase.co/storage/v1/object/public/yacht-images/new-yachts/b71e779a-40eb-4110-b871-8d24a227e42f/b71e779a-40eb-4110-b871-8d24a227e42f-11.jpg,new-yachts/b71e779a-40eb-4110-b871-8d24a227e42f/b71e779a-40eb-4110-b871-8d24a227e42f-11.jpg,11,2026-04-24 18:50:28.280686+00
0d08f6a3-6d77-42a9-9911-f0456a14c0f1,fcf426c3-3c17-432e-a047-296441911089,https://awrznjnofgmlqjiayhoi.supabase.co/storage/v1/object/public/yacht-images/new-yachts/fcf426c3-3c17-432e-a047-296441911089/fcf426c3-3c17-432e-a047-296441911089-6.jpg,new-yachts/fcf426c3-3c17-432e-a047-296441911089/fcf426c3-3c17-432e-a047-296441911089-6.jpg,6,2026-04-24 00:35:31.830997+00
0d1bc65b-7c39-42f5-87ab-0e3fc21b1d7b,cbd5ddc7-f07d-46a1-98b7-663b7e4c9432,https://awrznjnofgmlqjiayhoi.supabase.co/storage/v1/object/public/yacht-images/new-yachts/cbd5ddc7-f07d-46a1-98b7-663b7e4c9432/cbd5ddc7-f07d-46a1-98b7-663b7e4c9432-9.jpg,new-yachts/cbd5ddc7-f07d-46a1-98b7-663b7e4c9432/cbd5ddc7-f07d-46a1-98b7-663b7e4c9432-9.jpg,9,2026-04-23 12:57:25.163335+00
0d22dee9-19f0-4876-b5f3-79919100585b,67178f72-eeb2-453d-a891-16e6e75edbff,https://awrznjnofgmlqjiayhoi.supabase.co/storage/v1/object/public/yacht-images/new-yachts/67178f72-eeb2-453d-a891-16e6e75edbff/67178f72-eeb2-453d-a891-16e6e75edbff-1.jpg,new-yachts/67178f72-eeb2-453d-a891-16e6e75edbff/67178f72-eeb2-453d-a891-16e6e75edbff-1.jpg,1,2026-04-22 14:30:59.626502+00
0d630398-71c0-40ac-99f9-01e826d9bd31,5ce670e1-2f6e-4855-ab51-e64f92813135,https://awrznjnofgmlqjiayhoi.supabase.co/storage/v1/object/public/yacht-images/new-yachts/5ce670e1-2f6e-4855-ab51-e64f92813135/5ce670e1-2f6e-4855-ab51-e64f92813135-1.jpg,new-yachts/5ce670e1-2f6e-4855-ab51-e64f92813135/5ce670e1-2f6e-4855-ab51-e64f92813135-1.jpg,1,2026-04-24 00:53:03.197651+00
0d828932-7644-4fd1-8a19-9b06d569bccf,75597bbd-243f-42fd-a534-fdeca57e3c9c,https://awrznjnofgmlqjiayhoi.supabase.co/storage/v1/object/public/yacht-images/new-yachts/75597bbd-243f-42fd-a534-fdeca57e3c9c/75597bbd-243f-42fd-a534-fdeca57e3c9c-7.jpg,new-yachts/75597bbd-243f-42fd-a534-fdeca57e3c9c/75597bbd-243f-42fd-a534-fdeca57e3c9c-7.jpg,7,2026-04-24 00:18:12.01904+00
0da78528-8fb6-4c83-b781-588d326daa56,671a273a-9c01-40cb-ba3a-a05127d28885,https://awrznjnofgmlqjiayhoi.supabase.co/storage/v1/object/public/yacht-images/new-yachts/671a273a-9c01-40cb-ba3a-a05127d28885/671a273a-9c01-40cb-ba3a-a05127d28885-7.jpg,new-yachts/671a273a-9c01-40cb-ba3a-a05127d28885/671a273a-9c01-40cb-ba3a-a05127d28885-7.jpg,7,2026-04-22 17:04:54.976169+00
0db74027-30d7-4747-ab1a-01587c3b757c,de914d22-4453-4f81-b61d-5d505a49d311,https://awrznjnofgmlqjiayhoi.supabase.co/storage/v1/object/public/yacht-images/new-yachts/de914d22-4453-4f81-b61d-5d505a49d311/de914d22-4453-4f81-b61d-5d505a49d311-2.webp,new-yachts/de914d22-4453-4f81-b61d-5d505a49d311/de914d22-4453-4f81-b61d-5d505a49d311-2.webp,2,2026-03-27 20:26:24.57798+00
0dbd61cd-06ac-4346-acde-01e91e9f97d3,dc252fdc-3279-49b1-b4bd-e577dc402ce7,https://awrznjnofgmlqjiayhoi.supabase.co/storage/v1/object/public/yacht-images/new-yachts/dc252fdc-3279-49b1-b4bd-e577dc402ce7/dc252fdc-3279-49b1-b4bd-e577dc402ce7-11.jpg,new-yachts/dc252fdc-3279-49b1-b4bd-e577dc402ce7/dc252fdc-3279-49b1-b4bd-e577dc402ce7-11.jpg,11,2026-04-23 10:15:33.139813+00
0dc803bb-66a3-4f4e-953a-e0f6bd721e1e,102e63a3-5829-440b-91c7-fbbb909decf6,https://awrznjnofgmlqjiayhoi.supabase.co/storage/v1/object/public/yacht-images/new-yachts/102e63a3-5829-440b-91c7-fbbb909decf6/102e63a3-5829-440b-91c7-fbbb909decf6-6.jpg,new-yachts/102e63a3-5829-440b-91c7-fbbb909decf6/102e63a3-5829-440b-91c7-fbbb909decf6-6.jpg,6,2026-04-22 18:19:24.378649+00
0e03f29d-47d0-4cd4-84ff-0ec9c8c6e1d4,62d68832-feb4-47c4-abf4-5ed5ac0ab054,https://awrznjnofgmlqjiayhoi.supabase.co/storage/v1/object/public/yacht-images/new-yachts/62d68832-feb4-47c4-abf4-5ed5ac0ab054/62d68832-feb4-47c4-abf4-5ed5ac0ab054-10.jpg,new-yachts/62d68832-feb4-47c4-abf4-5ed5ac0ab054/62d68832-feb4-47c4-abf4-5ed5ac0ab054-10.jpg,10,2026-04-22 18:16:35.883166+00
0e1891bf-86fe-4a1b-89dd-a2b3283c0d20,40725080-facb-4006-b428-02bd3234b688,https://awrznjnofgmlqjiayhoi.supabase.co/storage/v1/object/public/yacht-images/new-yachts/40725080-facb-4006-b428-02bd3234b688/40725080-facb-4006-b428-02bd3234b688-2.jpg,new-yachts/40725080-facb-4006-b428-02bd3234b688/40725080-facb-4006-b428-02bd3234b688-2.jpg,2,2026-04-23 12:53:22.073955+00
0e602f08-c1c4-4f38-81c9-db9b11c98fc0,34140b13-e5f4-4042-8f03-49390da36148,https://awrznjnofgmlqjiayhoi.supabase.co/storage/v1/object/public/yacht-images/new-yachts/34140b13-e5f4-4042-8f03-49390da36148/34140b13-e5f4-4042-8f03-49390da36148-10.jpg,new-yachts/34140b13-e5f4-4042-8f03-49390da36148/34140b13-e5f4-4042-8f03-49390da36148-10.jpg,10,2026-04-23 19:12:08.645543+00
0e674a30-8522-4788-8b27-a1c655c17004,8e5f6ed1-f9a8-43a4-b959-76c71e39942e,https://awrznjnofgmlqjiayhoi.supabase.co/storage/v1/object/public/yacht-images/new-yachts/8e5f6ed1-f9a8-43a4-b959-76c71e39942e/8e5f6ed1-f9a8-43a4-b959-76c71e39942e-9.jpg,new-yachts/8e5f6ed1-f9a8-43a4-b959-76c71e39942e/8e5f6ed1-f9a8-43a4-b959-76c71e39942e-9.jpg,9,2026-04-22 16:28:48.08789+00
0e8f502e-4716-4494-9574-9857bf30cb72,c238eaae-8820-4056-9ffe-a5f14320a23a,https://awrznjnofgmlqjiayhoi.supabase.co/storage/v1/object/public/yacht-images/new-yachts/c238eaae-8820-4056-9ffe-a5f14320a23a/c238eaae-8820-4056-9ffe-a5f14320a23a-6.jpg,new-yachts/c238eaae-8820-4056-9ffe-a5f14320a23a/c238eaae-8820-4056-9ffe-a5f14320a23a-6.jpg,6,2026-04-22 17:35:13.827921+00
0edf2f37-3848-4401-af77-90db9f11234c,efab5d6c-7ff4-4641-8abb-e8196d7a9f3d,https://awrznjnofgmlqjiayhoi.supabase.co/storage/v1/object/public/yacht-images/new-yachts/efab5d6c-7ff4-4641-8abb-e8196d7a9f3d/efab5d6c-7ff4-4641-8abb-e8196d7a9f3d-5.jpg,new-yachts/efab5d6c-7ff4-4641-8abb-e8196d7a9f3d/efab5d6c-7ff4-4641-8abb-e8196d7a9f3d-5.jpg,5,2026-04-22 15:11:47.983961+00
0efe88f2-972f-415b-bd1d-4b0880fb4b2e,1646a0a5-5fa5-410b-8b32-7ade84fab230,https://awrznjnofgmlqjiayhoi.supabase.co/storage/v1/object/public/yacht-images/new-yachts/1646a0a5-5fa5-410b-8b32-7ade84fab230/1646a0a5-5fa5-410b-8b32-7ade84fab230-9.jpg,new-yachts/1646a0a5-5fa5-410b-8b32-7ade84fab230/1646a0a5-5fa5-410b-8b32-7ade84fab230-9.jpg,9,2026-04-24 00:44:42.267545+00
0f0615a0-e0ed-4365-b8de-2502685e2715,6f462948-9675-4e1f-859a-5bf70e7e1ff0,https://awrznjnofgmlqjiayhoi.supabase.co/storage/v1/object/public/yacht-images/new-yachts/6f462948-9675-4e1f-859a-5bf70e7e1ff0/6f462948-9675-4e1f-859a-5bf70e7e1ff0-10.jpg,new-yachts/6f462948-9675-4e1f-859a-5bf70e7e1ff0/6f462948-9675-4e1f-859a-5bf70e7e1ff0-10.jpg,10,2026-04-22 18:00:37.60622+00
0f3d1439-f1dd-41ac-8cf5-6b9f937ae2b5,102e63a3-5829-440b-91c7-fbbb909decf6,https://awrznjnofgmlqjiayhoi.supabase.co/storage/v1/object/public/yacht-images/new-yachts/102e63a3-5829-440b-91c7-fbbb909decf6/102e63a3-5829-440b-91c7-fbbb909decf6-3.jpg,new-yachts/102e63a3-5829-440b-91c7-fbbb909decf6/102e63a3-5829-440b-91c7-fbbb909decf6-3.jpg,3,2026-04-22 18:19:22.269421+00
0f42f2d4-3a01-4101-bc32-f42b4595c612,6ba7e223-391d-4e9a-8228-0001d2b8ad99,https://awrznjnofgmlqjiayhoi.supabase.co/storage/v1/object/public/yacht-images/new-yachts/6ba7e223-391d-4e9a-8228-0001d2b8ad99/6ba7e223-391d-4e9a-8228-0001d2b8ad99-10.jpg,new-yachts/6ba7e223-391d-4e9a-8228-0001d2b8ad99/6ba7e223-391d-4e9a-8228-0001d2b8ad99-10.jpg,10,2026-04-24 00:04:36.973929+00
0f5c20c6-27ad-4ab6-b8b8-a1b8665d173c,b79617e8-78f0-4a13-a5df-9c00dfd10d41,https://awrznjnofgmlqjiayhoi.supabase.co/storage/v1/object/public/yacht-images/new-yachts/b79617e8-78f0-4a13-a5df-9c00dfd10d41/b79617e8-78f0-4a13-a5df-9c00dfd10d41-4.jpg,new-yachts/b79617e8-78f0-4a13-a5df-9c00dfd10d41/b79617e8-78f0-4a13-a5df-9c00dfd10d41-4.jpg,4,2026-04-22 14:49:42.161069+00
0f80a138-5656-4b41-81d0-eb0c2ca60fa7,338ef555-03ad-4c67-8ebd-8457ce40ca9e,https://awrznjnofgmlqjiayhoi.supabase.co/storage/v1/object/public/yacht-images/new-yachts/338ef555-03ad-4c67-8ebd-8457ce40ca9e/338ef555-03ad-4c67-8ebd-8457ce40ca9e-3.jpg,new-yachts/338ef555-03ad-4c67-8ebd-8457ce40ca9e/338ef555-03ad-4c67-8ebd-8457ce40ca9e-3.jpg,3,2026-04-24 00:46:21.330577+00
0ff42564-aa61-4b8a-a58c-c19f0b6c5a99,173fb8d6-c365-471d-aa65-ae65f21664a3,https://awrznjnofgmlqjiayhoi.supabase.co/storage/v1/object/public/yacht-images/new-yachts/173fb8d6-c365-471d-aa65-ae65f21664a3/173fb8d6-c365-471d-aa65-ae65f21664a3-5.jpg,new-yachts/173fb8d6-c365-471d-aa65-ae65f21664a3/173fb8d6-c365-471d-aa65-ae65f21664a3-5.jpg,5,2026-04-22 18:36:15.49463+00
0ff8c785-b5e1-4511-b26a-c6b11bdee3d0,3c3b41d1-6a5d-4bff-9ac4-74151a516eb2,https://awrznjnofgmlqjiayhoi.supabase.co/storage/v1/object/public/yacht-images/new-yachts/3c3b41d1-6a5d-4bff-9ac4-74151a516eb2/3c3b41d1-6a5d-4bff-9ac4-74151a516eb2-5.jpg,new-yachts/3c3b41d1-6a5d-4bff-9ac4-74151a516eb2/3c3b41d1-6a5d-4bff-9ac4-74151a516eb2-5.jpg,5,2026-04-22 17:43:04.684957+00
1012c0af-1cd7-45f6-b82b-15516279570e,68c062bb-e891-4c5a-8aa5-c2f096bff908,https://awrznjnofgmlqjiayhoi.supabase.co/storage/v1/object/public/yacht-images/new-yachts/68c062bb-e891-4c5a-8aa5-c2f096bff908/68c062bb-e891-4c5a-8aa5-c2f096bff908-11.jpg,new-yachts/68c062bb-e891-4c5a-8aa5-c2f096bff908/68c062bb-e891-4c5a-8aa5-c2f096bff908-11.jpg,11,2026-04-22 16:11:23.976502+00
103235dd-9a55-40d5-b999-f8eb8a216be9,58b73dc9-e3f7-45b6-b6bb-05639d77e162,https://awrznjnofgmlqjiayhoi.supabase.co/storage/v1/object/public/yacht-images/new-yachts/58b73dc9-e3f7-45b6-b6bb-05639d77e162/58b73dc9-e3f7-45b6-b6bb-05639d77e162-6.jpg,new-yachts/58b73dc9-e3f7-45b6-b6bb-05639d77e162/58b73dc9-e3f7-45b6-b6bb-05639d77e162-6.jpg,6,2026-04-22 14:37:41.422887+00
10a06418-c83d-425e-8250-639d8bf263f4,1c5f2552-f6fb-43a0-b2d1-c841eae6e044,https://awrznjnofgmlqjiayhoi.supabase.co/storage/v1/object/public/yacht-images/new-yachts/1c5f2552-f6fb-43a0-b2d1-c841eae6e044/1c5f2552-f6fb-43a0-b2d1-c841eae6e044-6.jpg,new-yachts/1c5f2552-f6fb-43a0-b2d1-c841eae6e044/1c5f2552-f6fb-43a0-b2d1-c841eae6e044-6.jpg,6,2026-04-24 00:43:19.923524+00
10b10989-98e7-47e2-b873-f46e0103ffa3,7e73b261-75f0-4206-8c2a-c5e07daaee16,https://awrznjnofgmlqjiayhoi.supabase.co/storage/v1/object/public/yacht-images/new-yachts/7e73b261-75f0-4206-8c2a-c5e07daaee16/7e73b261-75f0-4206-8c2a-c5e07daaee16-3.webp,new-yachts/7e73b261-75f0-4206-8c2a-c5e07daaee16/7e73b261-75f0-4206-8c2a-c5e07daaee16-3.webp,3,2026-03-27 20:11:01.483307+00
10c3681a-f0e9-4615-8c50-bba0f7123b11,9bb11399-c9d0-426a-b423-506c3373bf26,https://awrznjnofgmlqjiayhoi.supabase.co/storage/v1/object/public/yacht-images/new-yachts/9bb11399-c9d0-426a-b423-506c3373bf26/9bb11399-c9d0-426a-b423-506c3373bf26-4.jpg,new-yachts/9bb11399-c9d0-426a-b423-506c3373bf26/9bb11399-c9d0-426a-b423-506c3373bf26-4.jpg,4,2026-04-22 18:33:43.036337+00
10d72fcd-b76b-412f-b9dd-7d6250f054e5,ca11d0bc-19db-4d7f-965d-da4a896b189a,https://awrznjnofgmlqjiayhoi.supabase.co/storage/v1/object/public/yacht-images/new-yachts/ca11d0bc-19db-4d7f-965d-da4a896b189a/ca11d0bc-19db-4d7f-965d-da4a896b189a-7.webp,new-yachts/ca11d0bc-19db-4d7f-965d-da4a896b189a/ca11d0bc-19db-4d7f-965d-da4a896b189a-7.webp,7,2026-03-01 09:48:14.461967+00
10daa1fe-b46d-412c-9575-c97126f719b9,586b847c-46e1-42ee-97a4-5ae718d57b8c,https://awrznjnofgmlqjiayhoi.supabase.co/storage/v1/object/public/yacht-images/new-yachts/586b847c-46e1-42ee-97a4-5ae718d57b8c/586b847c-46e1-42ee-97a4-5ae718d57b8c-2.webp,new-yachts/586b847c-46e1-42ee-97a4-5ae718d57b8c/586b847c-46e1-42ee-97a4-5ae718d57b8c-2.webp,2,2026-03-27 20:07:14.300515+00
10e9010e-e851-4fa0-b4df-8764e51ddc94,c7ebbc0c-5644-4a96-b655-4d364326373e,https://awrznjnofgmlqjiayhoi.supabase.co/storage/v1/object/public/yacht-images/new-yachts/c7ebbc0c-5644-4a96-b655-4d364326373e/c7ebbc0c-5644-4a96-b655-4d364326373e-9.jpg,new-yachts/c7ebbc0c-5644-4a96-b655-4d364326373e/c7ebbc0c-5644-4a96-b655-4d364326373e-9.jpg,9,2026-04-22 18:03:54.392372+00
1114d739-592f-47c7-b19f-1b4d25bb8294,4b438c34-210e-49b0-96ad-2a3e9410eb11,https://awrznjnofgmlqjiayhoi.supabase.co/storage/v1/object/public/yacht-images/new-yachts/4b438c34-210e-49b0-96ad-2a3e9410eb11/4b438c34-210e-49b0-96ad-2a3e9410eb11-2.webp,new-yachts/4b438c34-210e-49b0-96ad-2a3e9410eb11/4b438c34-210e-49b0-96ad-2a3e9410eb11-2.webp,2,2026-03-26 21:06:57.27244+00
11153d8e-f6e9-4722-b533-15164575fcd2,2a59a9b9-e70a-4dd8-ba20-4d4eb7384cbc,https://awrznjnofgmlqjiayhoi.supabase.co/storage/v1/object/public/yacht-images/new-yachts/2a59a9b9-e70a-4dd8-ba20-4d4eb7384cbc/2a59a9b9-e70a-4dd8-ba20-4d4eb7384cbc-1.jpg,new-yachts/2a59a9b9-e70a-4dd8-ba20-4d4eb7384cbc/2a59a9b9-e70a-4dd8-ba20-4d4eb7384cbc-1.jpg,1,2026-04-23 08:58:01.836499+00
111d570d-cf10-4baf-9f3d-8d139b026111,77df49d2-ba0a-41af-930e-563752714ead,https://awrznjnofgmlqjiayhoi.supabase.co/storage/v1/object/public/yacht-images/new-yachts/77df49d2-ba0a-41af-930e-563752714ead/77df49d2-ba0a-41af-930e-563752714ead-8.jpg,new-yachts/77df49d2-ba0a-41af-930e-563752714ead/77df49d2-ba0a-41af-930e-563752714ead-8.jpg,8,2026-04-22 18:28:30.415273+00
11636ec3-8c59-438c-8837-c0861bbd5645,c04837c6-f2a3-4118-a6b3-0acd537b2841,https://awrznjnofgmlqjiayhoi.supabase.co/storage/v1/object/public/yacht-images/new-yachts/c04837c6-f2a3-4118-a6b3-0acd537b2841/c04837c6-f2a3-4118-a6b3-0acd537b2841-10.jpg,new-yachts/c04837c6-f2a3-4118-a6b3-0acd537b2841/c04837c6-f2a3-4118-a6b3-0acd537b2841-10.jpg,10,2026-04-22 18:40:40.258372+00
11654239-75e6-483a-ace5-6692bac1a164,bab48513-ac52-49e5-b77f-754867d91fee,https://awrznjnofgmlqjiayhoi.supabase.co/storage/v1/object/public/yacht-images/new-yachts/bab48513-ac52-49e5-b77f-754867d91fee/bab48513-ac52-49e5-b77f-754867d91fee-8.jpg,new-yachts/bab48513-ac52-49e5-b77f-754867d91fee/bab48513-ac52-49e5-b77f-754867d91fee-8.jpg,8,2026-04-24 15:54:12.033888+00
116d1879-42ee-4508-aa41-45732863559d,96f0c491-d2d6-4d18-9673-195e14005b8b,https://awrznjnofgmlqjiayhoi.supabase.co/storage/v1/object/public/yacht-images/new-yachts/96f0c491-d2d6-4d18-9673-195e14005b8b/96f0c491-d2d6-4d18-9673-195e14005b8b-1.jpg,new-yachts/96f0c491-d2d6-4d18-9673-195e14005b8b/96f0c491-d2d6-4d18-9673-195e14005b8b-1.jpg,1,2026-04-24 22:12:08.406113+00
1172e30e-bcc6-4f6a-8c87-724d66e8e9fc,6b05344c-d84a-40d5-b8a8-c8d00eccfb7d,https://awrznjnofgmlqjiayhoi.supabase.co/storage/v1/object/public/yacht-images/new-yachts/6b05344c-d84a-40d5-b8a8-c8d00eccfb7d/6b05344c-d84a-40d5-b8a8-c8d00eccfb7d-9.jpg,new-yachts/6b05344c-d84a-40d5-b8a8-c8d00eccfb7d/6b05344c-d84a-40d5-b8a8-c8d00eccfb7d-9.jpg,9,2026-04-22 17:22:26.223395+00
119d72ae-1a70-4dc1-a22a-52ac717175c6,0e381fe0-3d2f-401e-a912-3660d72aa7b2,https://awrznjnofgmlqjiayhoi.supabase.co/storage/v1/object/public/yacht-images/new-yachts/0e381fe0-3d2f-401e-a912-3660d72aa7b2/0e381fe0-3d2f-401e-a912-3660d72aa7b2-6.jpg,new-yachts/0e381fe0-3d2f-401e-a912-3660d72aa7b2/0e381fe0-3d2f-401e-a912-3660d72aa7b2-6.jpg,6,2026-04-22 18:11:14.463643+00
11b10c39-4296-4031-883f-1edd158c8ae1,d7003aa7-7557-4e21-b9ce-73e4908e49a3,https://awrznjnofgmlqjiayhoi.supabase.co/storage/v1/object/public/yacht-images/new-yachts/d7003aa7-7557-4e21-b9ce-73e4908e49a3/d7003aa7-7557-4e21-b9ce-73e4908e49a3-10.jpg,new-yachts/d7003aa7-7557-4e21-b9ce-73e4908e49a3/d7003aa7-7557-4e21-b9ce-73e4908e49a3-10.jpg,10,2026-04-23 08:24:18.696807+00
11bde204-628a-4914-983b-99d853a97c75,cf884b59-eebf-427e-b547-f2bde54c5d89,https://awrznjnofgmlqjiayhoi.supabase.co/storage/v1/object/public/yacht-images/new-yachts/cf884b59-eebf-427e-b547-f2bde54c5d89/cf884b59-eebf-427e-b547-f2bde54c5d89-1.jpg,new-yachts/cf884b59-eebf-427e-b547-f2bde54c5d89/cf884b59-eebf-427e-b547-f2bde54c5d89-1.jpg,1,2026-04-24 22:32:24.456751+00
11dc88f6-dba8-485f-822a-e46dcbbc6083,01c63518-616e-4da3-85ce-f598fe1975d2,https://awrznjnofgmlqjiayhoi.supabase.co/storage/v1/object/public/yacht-images/new-yachts/01c63518-616e-4da3-85ce-f598fe1975d2/01c63518-616e-4da3-85ce-f598fe1975d2-5.jpg,new-yachts/01c63518-616e-4da3-85ce-f598fe1975d2/01c63518-616e-4da3-85ce-f598fe1975d2-5.jpg,5,2026-04-24 21:26:39.798759+00
11e11156-d493-4766-9dca-16f0ac2d9b7b,f4b8122c-8b42-473d-bec4-396b5cf3471c,https://awrznjnofgmlqjiayhoi.supabase.co/storage/v1/object/public/yacht-images/new-yachts/f4b8122c-8b42-473d-bec4-396b5cf3471c/f4b8122c-8b42-473d-bec4-396b5cf3471c-8.webp,new-yachts/f4b8122c-8b42-473d-bec4-396b5cf3471c/f4b8122c-8b42-473d-bec4-396b5cf3471c-8.webp,8,2026-03-13 10:29:05.426323+00
11eb6a11-6702-4831-97cb-d3758aa2c449,a69e6979-5e73-4103-bb42-941d87b3fb36,https://awrznjnofgmlqjiayhoi.supabase.co/storage/v1/object/public/yacht-images/new-yachts/a69e6979-5e73-4103-bb42-941d87b3fb36/a69e6979-5e73-4103-bb42-941d87b3fb36-6.webp,new-yachts/a69e6979-5e73-4103-bb42-941d87b3fb36/a69e6979-5e73-4103-bb42-941d87b3fb36-6.webp,6,2026-03-26 21:18:12.085405+00
12439ec1-0ee5-4562-bd77-df7d654f150d,40725080-facb-4006-b428-02bd3234b688,https://awrznjnofgmlqjiayhoi.supabase.co/storage/v1/object/public/yacht-images/new-yachts/40725080-facb-4006-b428-02bd3234b688/40725080-facb-4006-b428-02bd3234b688-10.jpg,new-yachts/40725080-facb-4006-b428-02bd3234b688/40725080-facb-4006-b428-02bd3234b688-10.jpg,10,2026-04-23 12:53:28.022735+00
1253cb3a-f164-4d31-9030-5ab442cb6042,c7ebbc0c-5644-4a96-b655-4d364326373e,https://awrznjnofgmlqjiayhoi.supabase.co/storage/v1/object/public/yacht-images/new-yachts/c7ebbc0c-5644-4a96-b655-4d364326373e/c7ebbc0c-5644-4a96-b655-4d364326373e-5.jpg,new-yachts/c7ebbc0c-5644-4a96-b655-4d364326373e/c7ebbc0c-5644-4a96-b655-4d364326373e-5.jpg,5,2026-04-22 18:03:51.289256+00
12ace477-9907-4569-97f3-4736584e482c,fcf426c3-3c17-432e-a047-296441911089,https://awrznjnofgmlqjiayhoi.supabase.co/storage/v1/object/public/yacht-images/new-yachts/fcf426c3-3c17-432e-a047-296441911089/fcf426c3-3c17-432e-a047-296441911089-11.jpg,new-yachts/fcf426c3-3c17-432e-a047-296441911089/fcf426c3-3c17-432e-a047-296441911089-11.jpg,11,2026-04-24 00:35:35.548015+00
12b01c9f-a1a6-4900-9785-3dd79e24edac,036b38ca-3c40-46d2-a5eb-0f44fd933ae7,https://awrznjnofgmlqjiayhoi.supabase.co/storage/v1/object/public/yacht-images/new-yachts/036b38ca-3c40-46d2-a5eb-0f44fd933ae7/036b38ca-3c40-46d2-a5eb-0f44fd933ae7-8.jpg,new-yachts/036b38ca-3c40-46d2-a5eb-0f44fd933ae7/036b38ca-3c40-46d2-a5eb-0f44fd933ae7-8.jpg,8,2026-04-23 12:55:26.990584+00
12ece831-ae09-4052-a9c4-2f91031245c2,c8c5aac8-0250-456f-8eae-5c72e98aec4c,https://awrznjnofgmlqjiayhoi.supabase.co/storage/v1/object/public/yacht-images/new-yachts/c8c5aac8-0250-456f-8eae-5c72e98aec4c/c8c5aac8-0250-456f-8eae-5c72e98aec4c-1.jpg,new-yachts/c8c5aac8-0250-456f-8eae-5c72e98aec4c/c8c5aac8-0250-456f-8eae-5c72e98aec4c-1.jpg,1,2026-04-24 00:28:16.412068+00
12fe098a-d41e-498d-8c85-946315fa297e,431072c2-81c2-46f5-a089-5bf802cc7fb6,https://awrznjnofgmlqjiayhoi.supabase.co/storage/v1/object/public/yacht-images/new-yachts/431072c2-81c2-46f5-a089-5bf802cc7fb6/431072c2-81c2-46f5-a089-5bf802cc7fb6-6.jpg,new-yachts/431072c2-81c2-46f5-a089-5bf802cc7fb6/431072c2-81c2-46f5-a089-5bf802cc7fb6-6.jpg,6,2026-04-22 18:18:38.149101+00
1302f203-af7d-490d-b65e-0dc3c7a3445a,d74ccc10-d2f6-4021-b1c7-1a75d3f1b2b6,https://awrznjnofgmlqjiayhoi.supabase.co/storage/v1/object/public/yacht-images/new-yachts/d74ccc10-d2f6-4021-b1c7-1a75d3f1b2b6/d74ccc10-d2f6-4021-b1c7-1a75d3f1b2b6-8.jpg,new-yachts/d74ccc10-d2f6-4021-b1c7-1a75d3f1b2b6/d74ccc10-d2f6-4021-b1c7-1a75d3f1b2b6-8.jpg,8,2026-04-22 17:01:42.285341+00
1328d665-d164-41c2-bf64-b7d64dd23583,173fb8d6-c365-471d-aa65-ae65f21664a3,https://awrznjnofgmlqjiayhoi.supabase.co/storage/v1/object/public/yacht-images/new-yachts/173fb8d6-c365-471d-aa65-ae65f21664a3/173fb8d6-c365-471d-aa65-ae65f21664a3-10.jpg,new-yachts/173fb8d6-c365-471d-aa65-ae65f21664a3/173fb8d6-c365-471d-aa65-ae65f21664a3-10.jpg,10,2026-04-22 18:36:18.738491+00
1331bdbd-1003-40a0-8ab0-1fe138719711,edbf3b89-880d-42df-9940-7c851dd8c73a,https://awrznjnofgmlqjiayhoi.supabase.co/storage/v1/object/public/yacht-images/new-yachts/edbf3b89-880d-42df-9940-7c851dd8c73a/edbf3b89-880d-42df-9940-7c851dd8c73a-5.jpg,new-yachts/edbf3b89-880d-42df-9940-7c851dd8c73a/edbf3b89-880d-42df-9940-7c851dd8c73a-5.jpg,5,2026-04-22 18:39:19.383906+00
138e50d9-30e3-4165-a38d-a0356fa38a66,4896d80d-42ee-4f28-868c-c8414fa5321d,https://awrznjnofgmlqjiayhoi.supabase.co/storage/v1/object/public/yacht-images/new-yachts/4896d80d-42ee-4f28-868c-c8414fa5321d/4896d80d-42ee-4f28-868c-c8414fa5321d-7.jpg,new-yachts/4896d80d-42ee-4f28-868c-c8414fa5321d/4896d80d-42ee-4f28-868c-c8414fa5321d-7.jpg,7,2026-04-22 14:57:36.229663+00
13a9860c-b527-4138-a22b-73f29b46fa5a,e8098cfa-12af-43f8-8f79-66a356ab8eea,https://awrznjnofgmlqjiayhoi.supabase.co/storage/v1/object/public/yacht-images/new-yachts/e8098cfa-12af-43f8-8f79-66a356ab8eea/e8098cfa-12af-43f8-8f79-66a356ab8eea-4.jpg,new-yachts/e8098cfa-12af-43f8-8f79-66a356ab8eea/e8098cfa-12af-43f8-8f79-66a356ab8eea-4.jpg,4,2026-04-22 17:30:33.978074+00
13b44700-7a16-4b1e-9b07-90f5becfb8c7,572bec71-8a15-4844-8cd3-1f9a6e016810,https://awrznjnofgmlqjiayhoi.supabase.co/storage/v1/object/public/yacht-images/new-yachts/572bec71-8a15-4844-8cd3-1f9a6e016810/572bec71-8a15-4844-8cd3-1f9a6e016810-4.jpg,new-yachts/572bec71-8a15-4844-8cd3-1f9a6e016810/572bec71-8a15-4844-8cd3-1f9a6e016810-4.jpg,4,2026-04-22 14:32:31.99719+00
13dec3ef-3a38-412d-b33f-1a5fe7728ba2,b2cf654e-3d47-4d8a-893e-cccecaa359ac,https://awrznjnofgmlqjiayhoi.supabase.co/storage/v1/object/public/yacht-images/new-yachts/b2cf654e-3d47-4d8a-893e-cccecaa359ac/b2cf654e-3d47-4d8a-893e-cccecaa359ac-1.jpg,new-yachts/b2cf654e-3d47-4d8a-893e-cccecaa359ac/b2cf654e-3d47-4d8a-893e-cccecaa359ac-1.jpg,1,2026-04-22 18:10:12.527404+00
140a6e84-10ec-4a7f-a9fe-f8942e3d5e0f,1073dc8e-89c9-4598-a274-70645e470923,https://awrznjnofgmlqjiayhoi.supabase.co/storage/v1/object/public/yacht-images/new-yachts/1073dc8e-89c9-4598-a274-70645e470923/1073dc8e-89c9-4598-a274-70645e470923-8.jpg,new-yachts/1073dc8e-89c9-4598-a274-70645e470923/1073dc8e-89c9-4598-a274-70645e470923-8.jpg,8,2026-04-24 00:10:46.847072+00
1420b5ee-c095-44a4-9c36-d5034fefce49,d498bf47-d0e2-4d72-b4e2-cfed8ea1e453,https://awrznjnofgmlqjiayhoi.supabase.co/storage/v1/object/public/yacht-images/new-yachts/d498bf47-d0e2-4d72-b4e2-cfed8ea1e453/d498bf47-d0e2-4d72-b4e2-cfed8ea1e453-5.jpg,new-yachts/d498bf47-d0e2-4d72-b4e2-cfed8ea1e453/d498bf47-d0e2-4d72-b4e2-cfed8ea1e453-5.jpg,5,2026-04-22 15:18:17.844186+00
142f93e2-9d00-4ec3-8617-92f2c0ff33e2,cea16079-f9be-45ea-8c75-e7404b006298,https://awrznjnofgmlqjiayhoi.supabase.co/storage/v1/object/public/yacht-images/new-yachts/cea16079-f9be-45ea-8c75-e7404b006298/cea16079-f9be-45ea-8c75-e7404b006298-8.jpg,new-yachts/cea16079-f9be-45ea-8c75-e7404b006298/cea16079-f9be-45ea-8c75-e7404b006298-8.jpg,8,2026-04-22 18:22:56.102939+00
14391722-7950-47b8-b510-41d1c274e5cd,482d1927-5b7c-44d1-87a8-1cb33053bf9a,https://awrznjnofgmlqjiayhoi.supabase.co/storage/v1/object/public/yacht-images/new-yachts/482d1927-5b7c-44d1-87a8-1cb33053bf9a/482d1927-5b7c-44d1-87a8-1cb33053bf9a-1.jpg,new-yachts/482d1927-5b7c-44d1-87a8-1cb33053bf9a/482d1927-5b7c-44d1-87a8-1cb33053bf9a-1.jpg,1,2026-04-22 13:31:23.263432+00
144530ab-cc52-4ed5-9c55-c667333a4461,f4b8122c-8b42-473d-bec4-396b5cf3471c,https://awrznjnofgmlqjiayhoi.supabase.co/storage/v1/object/public/yacht-images/new-yachts/f4b8122c-8b42-473d-bec4-396b5cf3471c/f4b8122c-8b42-473d-bec4-396b5cf3471c-15.webp,new-yachts/f4b8122c-8b42-473d-bec4-396b5cf3471c/f4b8122c-8b42-473d-bec4-396b5cf3471c-15.webp,15,2026-03-13 10:29:08.560547+00
145abf27-7804-49e4-95b3-077717df708d,d0075994-96ea-41d7-99b0-7e2f908da0bc,https://awrznjnofgmlqjiayhoi.supabase.co/storage/v1/object/public/yacht-images/new-yachts/d0075994-96ea-41d7-99b0-7e2f908da0bc/d0075994-96ea-41d7-99b0-7e2f908da0bc-5.jpg,new-yachts/d0075994-96ea-41d7-99b0-7e2f908da0bc/d0075994-96ea-41d7-99b0-7e2f908da0bc-5.jpg,5,2026-04-24 00:25:52.337565+00
1475ce73-b03b-4f75-b9ea-a75b87a3e4f2,3be4e810-053d-4854-b2ae-708b86082bac,https://awrznjnofgmlqjiayhoi.supabase.co/storage/v1/object/public/yacht-images/new-yachts/3be4e810-053d-4854-b2ae-708b86082bac/3be4e810-053d-4854-b2ae-708b86082bac-6.jpg,new-yachts/3be4e810-053d-4854-b2ae-708b86082bac/3be4e810-053d-4854-b2ae-708b86082bac-6.jpg,6,2026-04-24 00:26:52.040822+00
14a63047-cf51-4558-a362-fbf41e74874e,8b026905-96da-43a2-8737-2b121fd4d64b,https://awrznjnofgmlqjiayhoi.supabase.co/storage/v1/object/public/yacht-images/new-yachts/8b026905-96da-43a2-8737-2b121fd4d64b/8b026905-96da-43a2-8737-2b121fd4d64b-3.jpg,new-yachts/8b026905-96da-43a2-8737-2b121fd4d64b/8b026905-96da-43a2-8737-2b121fd4d64b-3.jpg,3,2026-04-22 14:55:56.498445+00
14a6fdde-efeb-48e6-a534-01087e689759,3c394ac5-a52c-4c8d-b431-0eff672003b3,https://awrznjnofgmlqjiayhoi.supabase.co/storage/v1/object/public/yacht-images/new-yachts/3c394ac5-a52c-4c8d-b431-0eff672003b3/3c394ac5-a52c-4c8d-b431-0eff672003b3-7.jpg,new-yachts/3c394ac5-a52c-4c8d-b431-0eff672003b3/3c394ac5-a52c-4c8d-b431-0eff672003b3-7.jpg,7,2026-04-24 22:17:47.639893+00
14ae906b-3117-44b7-84c8-effd59bb88c5,21859cb0-f9b1-4ed4-a0b7-3478d96a10e3,https://awrznjnofgmlqjiayhoi.supabase.co/storage/v1/object/public/yacht-images/new-yachts/21859cb0-f9b1-4ed4-a0b7-3478d96a10e3/21859cb0-f9b1-4ed4-a0b7-3478d96a10e3-3.webp,new-yachts/21859cb0-f9b1-4ed4-a0b7-3478d96a10e3/21859cb0-f9b1-4ed4-a0b7-3478d96a10e3-3.webp,3,2026-03-27 20:00:47.261967+00
14d6e5d3-0e0f-4efe-b77b-51abd1d0e2c1,5571b971-bc7b-4c6f-ba4e-1b2beef70fe0,https://awrznjnofgmlqjiayhoi.supabase.co/storage/v1/object/public/yacht-images/new-yachts/5571b971-bc7b-4c6f-ba4e-1b2beef70fe0/5571b971-bc7b-4c6f-ba4e-1b2beef70fe0-1.jpg,new-yachts/5571b971-bc7b-4c6f-ba4e-1b2beef70fe0/5571b971-bc7b-4c6f-ba4e-1b2beef70fe0-1.jpg,1,2026-04-23 10:16:58.967768+00
14de1b27-f0e3-4758-b065-aeca85a2f194,4fb9b399-1afd-4ea0-b598-84b98be9613f,https://awrznjnofgmlqjiayhoi.supabase.co/storage/v1/object/public/yacht-images/new-yachts/4fb9b399-1afd-4ea0-b598-84b98be9613f/4fb9b399-1afd-4ea0-b598-84b98be9613f-4.jpg,new-yachts/4fb9b399-1afd-4ea0-b598-84b98be9613f/4fb9b399-1afd-4ea0-b598-84b98be9613f-4.jpg,4,2026-04-23 09:21:27.52479+00
1500ed02-feef-4177-a51d-793ab56e90e1,9e400cb1-773d-4639-9b83-cb70cecf164c,https://awrznjnofgmlqjiayhoi.supabase.co/storage/v1/object/public/yacht-images/new-yachts/9e400cb1-773d-4639-9b83-cb70cecf164c/9e400cb1-773d-4639-9b83-cb70cecf164c-7.jpg,new-yachts/9e400cb1-773d-4639-9b83-cb70cecf164c/9e400cb1-773d-4639-9b83-cb70cecf164c-7.jpg,7,2026-04-24 19:56:00.287113+00
1525a383-013a-47b6-89b0-d155b6cfbc70,55de1484-a539-4672-b108-3f36fd944eaa,https://awrznjnofgmlqjiayhoi.supabase.co/storage/v1/object/public/yacht-images/new-yachts/55de1484-a539-4672-b108-3f36fd944eaa/55de1484-a539-4672-b108-3f36fd944eaa-3.webp,new-yachts/55de1484-a539-4672-b108-3f36fd944eaa/55de1484-a539-4672-b108-3f36fd944eaa-3.webp,3,2026-03-26 21:45:23.972642+00
1527c7f1-44ad-4214-9a47-bb1e98d2301b,40725080-facb-4006-b428-02bd3234b688,https://awrznjnofgmlqjiayhoi.supabase.co/storage/v1/object/public/yacht-images/new-yachts/40725080-facb-4006-b428-02bd3234b688/40725080-facb-4006-b428-02bd3234b688-3.jpg,new-yachts/40725080-facb-4006-b428-02bd3234b688/40725080-facb-4006-b428-02bd3234b688-3.jpg,3,2026-04-23 12:53:22.771375+00
158f18a0-ff2f-4ce8-a4e8-1b07d43ecf5d,f0b64a0d-9a5e-4f99-845c-d08a55f5f529,https://awrznjnofgmlqjiayhoi.supabase.co/storage/v1/object/public/yacht-images/new-yachts/f0b64a0d-9a5e-4f99-845c-d08a55f5f529/f0b64a0d-9a5e-4f99-845c-d08a55f5f529-2.webp,new-yachts/f0b64a0d-9a5e-4f99-845c-d08a55f5f529/f0b64a0d-9a5e-4f99-845c-d08a55f5f529-2.webp,2,2026-03-26 21:08:36.812608+00
15aa52ba-1c4a-40ad-a0f5-3db254fcf3a3,b3f88d6a-810a-498e-b142-070a89081c74,https://awrznjnofgmlqjiayhoi.supabase.co/storage/v1/object/public/yacht-images/new-yachts/b3f88d6a-810a-498e-b142-070a89081c74/b3f88d6a-810a-498e-b142-070a89081c74-6.webp,new-yachts/b3f88d6a-810a-498e-b142-070a89081c74/b3f88d6a-810a-498e-b142-070a89081c74-6.webp,6,2026-03-26 21:54:09.798217+00
15b8e097-deb0-46c4-aad9-1cf8a5f34495,c238eaae-8820-4056-9ffe-a5f14320a23a,https://awrznjnofgmlqjiayhoi.supabase.co/storage/v1/object/public/yacht-images/new-yachts/c238eaae-8820-4056-9ffe-a5f14320a23a/c238eaae-8820-4056-9ffe-a5f14320a23a-4.jpg,new-yachts/c238eaae-8820-4056-9ffe-a5f14320a23a/c238eaae-8820-4056-9ffe-a5f14320a23a-4.jpg,4,2026-04-22 17:35:12.253302+00
15dd272d-e7b4-44cc-a87c-571e4b2bb0f0,eb2fce67-a66b-40a5-94ae-50cceec70566,https://awrznjnofgmlqjiayhoi.supabase.co/storage/v1/object/public/yacht-images/new-yachts/eb2fce67-a66b-40a5-94ae-50cceec70566/eb2fce67-a66b-40a5-94ae-50cceec70566-2.jpg,new-yachts/eb2fce67-a66b-40a5-94ae-50cceec70566/eb2fce67-a66b-40a5-94ae-50cceec70566-2.jpg,2,2026-04-22 17:07:08.339343+00
15e7e329-d1fa-4bcc-b268-046e90549c65,918b12a4-fcbf-46eb-8a39-6a1cc0bf196f,https://awrznjnofgmlqjiayhoi.supabase.co/storage/v1/object/public/yacht-images/new-yachts/918b12a4-fcbf-46eb-8a39-6a1cc0bf196f/918b12a4-fcbf-46eb-8a39-6a1cc0bf196f-7.jpg,new-yachts/918b12a4-fcbf-46eb-8a39-6a1cc0bf196f/918b12a4-fcbf-46eb-8a39-6a1cc0bf196f-7.jpg,7,2026-04-22 18:21:41.451697+00
16612226-98fe-47ab-87d7-fa76d8ba91da,67178f72-eeb2-453d-a891-16e6e75edbff,https://awrznjnofgmlqjiayhoi.supabase.co/storage/v1/object/public/yacht-images/new-yachts/67178f72-eeb2-453d-a891-16e6e75edbff/67178f72-eeb2-453d-a891-16e6e75edbff-6.jpg,new-yachts/67178f72-eeb2-453d-a891-16e6e75edbff/67178f72-eeb2-453d-a891-16e6e75edbff-6.jpg,6,2026-04-22 14:31:02.313654+00
168e9fb0-a17f-4f40-bc1e-02d070b6a443,9bb11399-c9d0-426a-b423-506c3373bf26,https://awrznjnofgmlqjiayhoi.supabase.co/storage/v1/object/public/yacht-images/new-yachts/9bb11399-c9d0-426a-b423-506c3373bf26/9bb11399-c9d0-426a-b423-506c3373bf26-1.jpg,new-yachts/9bb11399-c9d0-426a-b423-506c3373bf26/9bb11399-c9d0-426a-b423-506c3373bf26-1.jpg,1,2026-04-22 18:33:40.895417+00
16f1e192-e278-4482-81ec-e5ab36e3e816,3c3b41d1-6a5d-4bff-9ac4-74151a516eb2,https://awrznjnofgmlqjiayhoi.supabase.co/storage/v1/object/public/yacht-images/new-yachts/3c3b41d1-6a5d-4bff-9ac4-74151a516eb2/3c3b41d1-6a5d-4bff-9ac4-74151a516eb2-10.jpg,new-yachts/3c3b41d1-6a5d-4bff-9ac4-74151a516eb2/3c3b41d1-6a5d-4bff-9ac4-74151a516eb2-10.jpg,10,2026-04-22 17:43:08.168199+00
1793f626-7d72-4f68-9da3-3915910fd201,1042edff-4705-46d8-9b10-fb0968840aac,https://awrznjnofgmlqjiayhoi.supabase.co/storage/v1/object/public/yacht-images/new-yachts/1042edff-4705-46d8-9b10-fb0968840aac/1042edff-4705-46d8-9b10-fb0968840aac-3.webp,new-yachts/1042edff-4705-46d8-9b10-fb0968840aac/1042edff-4705-46d8-9b10-fb0968840aac-3.webp,3,2026-03-26 21:14:57.277733+00
17cedbe4-91b8-4283-a27f-0b15551c520a,c8de990e-7e4a-4ad6-8e58-490752e3cfab,https://awrznjnofgmlqjiayhoi.supabase.co/storage/v1/object/public/yacht-images/new-yachts/c8de990e-7e4a-4ad6-8e58-490752e3cfab/c8de990e-7e4a-4ad6-8e58-490752e3cfab-2.jpg,new-yachts/c8de990e-7e4a-4ad6-8e58-490752e3cfab/c8de990e-7e4a-4ad6-8e58-490752e3cfab-2.jpg,2,2026-04-22 18:20:32.626096+00
1863053a-f2e2-4818-9626-1598bf464a60,d498bf47-d0e2-4d72-b4e2-cfed8ea1e453,https://awrznjnofgmlqjiayhoi.supabase.co/storage/v1/object/public/yacht-images/new-yachts/d498bf47-d0e2-4d72-b4e2-cfed8ea1e453/d498bf47-d0e2-4d72-b4e2-cfed8ea1e453-4.jpg,new-yachts/d498bf47-d0e2-4d72-b4e2-cfed8ea1e453/d498bf47-d0e2-4d72-b4e2-cfed8ea1e453-4.jpg,4,2026-04-22 15:18:17.293674+00
187ad9e1-3493-4492-8474-c5c3cf6cc254,a4759571-4e3b-46b6-a622-05cfe4987629,https://awrznjnofgmlqjiayhoi.supabase.co/storage/v1/object/public/yacht-images/new-yachts/a4759571-4e3b-46b6-a622-05cfe4987629/a4759571-4e3b-46b6-a622-05cfe4987629-8.jpg,new-yachts/a4759571-4e3b-46b6-a622-05cfe4987629/a4759571-4e3b-46b6-a622-05cfe4987629-8.jpg,8,2026-04-24 22:50:22.617267+00
18c74554-d5ae-49f1-b8a5-56320c474e51,7db06b92-897d-47e6-a070-0b270a5b6d03,https://awrznjnofgmlqjiayhoi.supabase.co/storage/v1/object/public/yacht-images/new-yachts/7db06b92-897d-47e6-a070-0b270a5b6d03/7db06b92-897d-47e6-a070-0b270a5b6d03-2.jpg,new-yachts/7db06b92-897d-47e6-a070-0b270a5b6d03/7db06b92-897d-47e6-a070-0b270a5b6d03-2.jpg,2,2026-04-22 18:45:55.18982+00
19315723-afc3-40e8-a7c6-9a0e02b45b56,b8386205-38db-4b2c-b839-b02eb7dbdb4e,https://awrznjnofgmlqjiayhoi.supabase.co/storage/v1/object/public/yacht-images/new-yachts/b8386205-38db-4b2c-b839-b02eb7dbdb4e/b8386205-38db-4b2c-b839-b02eb7dbdb4e-8.jpg,new-yachts/b8386205-38db-4b2c-b839-b02eb7dbdb4e/b8386205-38db-4b2c-b839-b02eb7dbdb4e-8.jpg,8,2026-04-24 17:54:53.014626+00
195bdac1-73b2-4b4d-bc3b-faac04b348f9,da0d8573-24f0-46e0-80ec-c1436985d90e,https://awrznjnofgmlqjiayhoi.supabase.co/storage/v1/object/public/yacht-images/new-yachts/da0d8573-24f0-46e0-80ec-c1436985d90e/da0d8573-24f0-46e0-80ec-c1436985d90e-5.webp,new-yachts/da0d8573-24f0-46e0-80ec-c1436985d90e/da0d8573-24f0-46e0-80ec-c1436985d90e-5.webp,5,2026-03-26 21:42:22.138777+00
198bdc12-4d50-4e0b-bc6a-b86e3837990b,f1e49c91-4d25-4d02-b49c-79dd115b7609,https://awrznjnofgmlqjiayhoi.supabase.co/storage/v1/object/public/yacht-images/new-yachts/f1e49c91-4d25-4d02-b49c-79dd115b7609/f1e49c91-4d25-4d02-b49c-79dd115b7609-3.webp,new-yachts/f1e49c91-4d25-4d02-b49c-79dd115b7609/f1e49c91-4d25-4d02-b49c-79dd115b7609-3.webp,3,2026-03-27 19:57:13.968984+00
19d340f8-aa4a-4b73-8d8a-9964ccd4b48e,d74ccc10-d2f6-4021-b1c7-1a75d3f1b2b6,https://awrznjnofgmlqjiayhoi.supabase.co/storage/v1/object/public/yacht-images/new-yachts/d74ccc10-d2f6-4021-b1c7-1a75d3f1b2b6/d74ccc10-d2f6-4021-b1c7-1a75d3f1b2b6-2.jpg,new-yachts/d74ccc10-d2f6-4021-b1c7-1a75d3f1b2b6/d74ccc10-d2f6-4021-b1c7-1a75d3f1b2b6-2.jpg,2,2026-04-22 17:01:38.154651+00
19e24fef-5a47-423f-925f-11b7ae04506d,ba50d6c9-16f8-4617-ae3b-e2e962467098,https://awrznjnofgmlqjiayhoi.supabase.co/storage/v1/object/public/yacht-images/new-yachts/ba50d6c9-16f8-4617-ae3b-e2e962467098/ba50d6c9-16f8-4617-ae3b-e2e962467098-8.jpg,new-yachts/ba50d6c9-16f8-4617-ae3b-e2e962467098/ba50d6c9-16f8-4617-ae3b-e2e962467098-8.jpg,8,2026-04-23 12:58:51.839623+00
1a2288de-4e7e-426b-8871-ca2103c562e7,8d1b8b54-130f-4654-920d-13055151518e,https://awrznjnofgmlqjiayhoi.supabase.co/storage/v1/object/public/yacht-images/new-yachts/8d1b8b54-130f-4654-920d-13055151518e/8d1b8b54-130f-4654-920d-13055151518e-2.webp,new-yachts/8d1b8b54-130f-4654-920d-13055151518e/8d1b8b54-130f-4654-920d-13055151518e-2.webp,2,2026-02-28 19:46:49.370232+00
1a3b6dea-ef12-4775-85f8-6a1429547b04,99ef150a-4436-478c-9d40-05c7ebf085b4,https://awrznjnofgmlqjiayhoi.supabase.co/storage/v1/object/public/yacht-images/new-yachts/99ef150a-4436-478c-9d40-05c7ebf085b4/99ef150a-4436-478c-9d40-05c7ebf085b4-9.jpg,new-yachts/99ef150a-4436-478c-9d40-05c7ebf085b4/99ef150a-4436-478c-9d40-05c7ebf085b4-9.jpg,9,2026-04-22 18:27:17.162338+00
1a7d9f6b-1086-4361-bb35-d815461bd11a,6b302f73-4059-469d-98ee-cd0dbbaa3b4a,https://awrznjnofgmlqjiayhoi.supabase.co/storage/v1/object/public/yacht-images/new-yachts/6b302f73-4059-469d-98ee-cd0dbbaa3b4a/6b302f73-4059-469d-98ee-cd0dbbaa3b4a-1.jpg,new-yachts/6b302f73-4059-469d-98ee-cd0dbbaa3b4a/6b302f73-4059-469d-98ee-cd0dbbaa3b4a-1.jpg,1,2026-04-23 08:21:18.981975+00
1a8153a1-3c97-4ec5-8108-c3619a7c8334,3c394ac5-a52c-4c8d-b431-0eff672003b3,https://awrznjnofgmlqjiayhoi.supabase.co/storage/v1/object/public/yacht-images/new-yachts/3c394ac5-a52c-4c8d-b431-0eff672003b3/3c394ac5-a52c-4c8d-b431-0eff672003b3-3.jpg,new-yachts/3c394ac5-a52c-4c8d-b431-0eff672003b3/3c394ac5-a52c-4c8d-b431-0eff672003b3-3.jpg,3,2026-04-24 22:17:44.883096+00
1a948977-1921-46d0-a508-965d78587777,2eb81586-9a48-4d27-8380-edf002eb08db,https://awrznjnofgmlqjiayhoi.supabase.co/storage/v1/object/public/yacht-images/new-yachts/2eb81586-9a48-4d27-8380-edf002eb08db/2eb81586-9a48-4d27-8380-edf002eb08db-7.jpg,new-yachts/2eb81586-9a48-4d27-8380-edf002eb08db/2eb81586-9a48-4d27-8380-edf002eb08db-7.jpg,7,2026-04-24 17:57:01.678218+00
1aaac751-7f61-45d8-962d-56d57fb79bd3,5d02ef55-1f86-4529-b012-e26a73e30363,https://awrznjnofgmlqjiayhoi.supabase.co/storage/v1/object/public/yacht-images/new-yachts/5d02ef55-1f86-4529-b012-e26a73e30363/5d02ef55-1f86-4529-b012-e26a73e30363-9.jpg,new-yachts/5d02ef55-1f86-4529-b012-e26a73e30363/5d02ef55-1f86-4529-b012-e26a73e30363-9.jpg,9,2026-04-24 00:15:19.071146+00
1ac7eefb-b24a-49e9-872f-0343b6b502c1,2202596a-f8b5-44c3-ab52-6f4d6cfc8522,https://awrznjnofgmlqjiayhoi.supabase.co/storage/v1/object/public/yacht-images/new-yachts/2202596a-f8b5-44c3-ab52-6f4d6cfc8522/2202596a-f8b5-44c3-ab52-6f4d6cfc8522-2.jpg,new-yachts/2202596a-f8b5-44c3-ab52-6f4d6cfc8522/2202596a-f8b5-44c3-ab52-6f4d6cfc8522-2.jpg,2,2026-04-22 17:24:54.477801+00
1ad2f764-6f46-42e9-9747-02491aa73f22,b94a5341-8ff1-4cc3-bd0a-1c4c657e071a,https://awrznjnofgmlqjiayhoi.supabase.co/storage/v1/object/public/yacht-images/new-yachts/b94a5341-8ff1-4cc3-bd0a-1c4c657e071a/b94a5341-8ff1-4cc3-bd0a-1c4c657e071a-4.jpg,new-yachts/b94a5341-8ff1-4cc3-bd0a-1c4c657e071a/b94a5341-8ff1-4cc3-bd0a-1c4c657e071a-4.jpg,5,2026-04-24 18:51:01.020256+00
1adb5e43-27e4-4f48-839c-76cfe9116ac6,f4b8122c-8b42-473d-bec4-396b5cf3471c,https://awrznjnofgmlqjiayhoi.supabase.co/storage/v1/object/public/yacht-images/new-yachts/f4b8122c-8b42-473d-bec4-396b5cf3471c/f4b8122c-8b42-473d-bec4-396b5cf3471c-12.webp,new-yachts/f4b8122c-8b42-473d-bec4-396b5cf3471c/f4b8122c-8b42-473d-bec4-396b5cf3471c-12.webp,12,2026-03-13 10:29:07.139752+00
1b0383d3-da83-47e2-b154-a6a3d4108fb1,237c6c51-03ca-4beb-9c4a-7ff0afb95627,https://awrznjnofgmlqjiayhoi.supabase.co/storage/v1/object/public/yacht-images/new-yachts/237c6c51-03ca-4beb-9c4a-7ff0afb95627/237c6c51-03ca-4beb-9c4a-7ff0afb95627-8.jpg,new-yachts/237c6c51-03ca-4beb-9c4a-7ff0afb95627/237c6c51-03ca-4beb-9c4a-7ff0afb95627-8.jpg,8,2026-04-22 14:48:14.422777+00
1b0b2b84-d32a-4f3f-b322-7f49f21f8c2a,8e5f6ed1-f9a8-43a4-b959-76c71e39942e,https://awrznjnofgmlqjiayhoi.supabase.co/storage/v1/object/public/yacht-images/new-yachts/8e5f6ed1-f9a8-43a4-b959-76c71e39942e/8e5f6ed1-f9a8-43a4-b959-76c71e39942e-11.jpg,new-yachts/8e5f6ed1-f9a8-43a4-b959-76c71e39942e/8e5f6ed1-f9a8-43a4-b959-76c71e39942e-11.jpg,11,2026-04-22 16:28:49.346658+00
1b291587-4215-412b-8234-097583513fcf,eb2fce67-a66b-40a5-94ae-50cceec70566,https://awrznjnofgmlqjiayhoi.supabase.co/storage/v1/object/public/yacht-images/new-yachts/eb2fce67-a66b-40a5-94ae-50cceec70566/eb2fce67-a66b-40a5-94ae-50cceec70566-9.jpg,new-yachts/eb2fce67-a66b-40a5-94ae-50cceec70566/eb2fce67-a66b-40a5-94ae-50cceec70566-9.jpg,9,2026-04-22 17:07:13.403327+00
1b2eaf7c-1122-4251-a012-74b0d2427ffe,d8c51b24-2426-4721-96b7-5d34d56e8800,https://awrznjnofgmlqjiayhoi.supabase.co/storage/v1/object/public/yacht-images/new-yachts/d8c51b24-2426-4721-96b7-5d34d56e8800/d8c51b24-2426-4721-96b7-5d34d56e8800-10.jpg,new-yachts/d8c51b24-2426-4721-96b7-5d34d56e8800/d8c51b24-2426-4721-96b7-5d34d56e8800-10.jpg,10,2026-04-22 15:05:16.339761+00
1b49f586-3dd1-411b-8ebf-689abc741705,6a4ed0f9-5fb9-4acf-b027-dab0d6b648d0,https://awrznjnofgmlqjiayhoi.supabase.co/storage/v1/object/public/yacht-images/new-yachts/6a4ed0f9-5fb9-4acf-b027-dab0d6b648d0/6a4ed0f9-5fb9-4acf-b027-dab0d6b648d0-1.jpg,new-yachts/6a4ed0f9-5fb9-4acf-b027-dab0d6b648d0/6a4ed0f9-5fb9-4acf-b027-dab0d6b648d0-1.jpg,1,2026-03-26 21:32:26.839048+00
1b51caa1-0f30-49f1-8c27-9715cc09c32b,8e78c2bb-81da-4ae6-b09a-264a4e7f76ad,https://awrznjnofgmlqjiayhoi.supabase.co/storage/v1/object/public/yacht-images/new-yachts/8e78c2bb-81da-4ae6-b09a-264a4e7f76ad/8e78c2bb-81da-4ae6-b09a-264a4e7f76ad-8.jpg,new-yachts/8e78c2bb-81da-4ae6-b09a-264a4e7f76ad/8e78c2bb-81da-4ae6-b09a-264a4e7f76ad-8.jpg,8,2026-04-23 08:30:45.88028+00
1b99c0d6-a0ae-495d-86cd-4719cf3027f1,cea16079-f9be-45ea-8c75-e7404b006298,https://awrznjnofgmlqjiayhoi.supabase.co/storage/v1/object/public/yacht-images/new-yachts/cea16079-f9be-45ea-8c75-e7404b006298/cea16079-f9be-45ea-8c75-e7404b006298-9.jpg,new-yachts/cea16079-f9be-45ea-8c75-e7404b006298/cea16079-f9be-45ea-8c75-e7404b006298-9.jpg,9,2026-04-22 18:22:56.777195+00
1ba97e6d-7579-4b14-ad54-2b2211151078,46478d58-042a-4ac5-85df-9be0f1f1040e,https://awrznjnofgmlqjiayhoi.supabase.co/storage/v1/object/public/yacht-images/new-yachts/46478d58-042a-4ac5-85df-9be0f1f1040e/46478d58-042a-4ac5-85df-9be0f1f1040e-9.jpg,new-yachts/46478d58-042a-4ac5-85df-9be0f1f1040e/46478d58-042a-4ac5-85df-9be0f1f1040e-9.jpg,9,2026-04-24 18:49:12.553011+00
1bd08c30-57e8-4bd1-9605-87ac9ce21a8c,eb2fce67-a66b-40a5-94ae-50cceec70566,https://awrznjnofgmlqjiayhoi.supabase.co/storage/v1/object/public/yacht-images/new-yachts/eb2fce67-a66b-40a5-94ae-50cceec70566/eb2fce67-a66b-40a5-94ae-50cceec70566-7.jpg,new-yachts/eb2fce67-a66b-40a5-94ae-50cceec70566/eb2fce67-a66b-40a5-94ae-50cceec70566-7.jpg,7,2026-04-22 17:07:12.136206+00
1bde6099-0b74-450e-8633-71c191a5bebb,d498bf47-d0e2-4d72-b4e2-cfed8ea1e453,https://awrznjnofgmlqjiayhoi.supabase.co/storage/v1/object/public/yacht-images/new-yachts/d498bf47-d0e2-4d72-b4e2-cfed8ea1e453/d498bf47-d0e2-4d72-b4e2-cfed8ea1e453-11.jpg,new-yachts/d498bf47-d0e2-4d72-b4e2-cfed8ea1e453/d498bf47-d0e2-4d72-b4e2-cfed8ea1e453-11.jpg,11,2026-04-22 15:18:21.582815+00
1be1d905-0224-451b-b5d7-c412006709bd,81905b1b-c4c4-4345-aaf6-8e7152bfae48,https://awrznjnofgmlqjiayhoi.supabase.co/storage/v1/object/public/yacht-images/new-yachts/81905b1b-c4c4-4345-aaf6-8e7152bfae48/81905b1b-c4c4-4345-aaf6-8e7152bfae48-8.jpg,new-yachts/81905b1b-c4c4-4345-aaf6-8e7152bfae48/81905b1b-c4c4-4345-aaf6-8e7152bfae48-8.jpg,8,2026-04-22 17:09:07.173714+00
1c359969-a19f-4e7a-8840-153656a76a07,68193184-66ee-493e-b2f7-72ff5c829416,https://awrznjnofgmlqjiayhoi.supabase.co/storage/v1/object/public/yacht-images/new-yachts/68193184-66ee-493e-b2f7-72ff5c829416/68193184-66ee-493e-b2f7-72ff5c829416-8.jpg,new-yachts/68193184-66ee-493e-b2f7-72ff5c829416/68193184-66ee-493e-b2f7-72ff5c829416-8.jpg,8,2026-04-24 00:34:23.543066+00
1c433073-1cae-44ef-b374-b95291733300,431072c2-81c2-46f5-a089-5bf802cc7fb6,https://awrznjnofgmlqjiayhoi.supabase.co/storage/v1/object/public/yacht-images/new-yachts/431072c2-81c2-46f5-a089-5bf802cc7fb6/431072c2-81c2-46f5-a089-5bf802cc7fb6-7.jpg,new-yachts/431072c2-81c2-46f5-a089-5bf802cc7fb6/431072c2-81c2-46f5-a089-5bf802cc7fb6-7.jpg,7,2026-04-22 18:18:38.888031+00
1c59852f-3261-4171-acf6-56f42ccc4809,c96d4ad4-068c-4543-8548-9bee6a9e902f,https://awrznjnofgmlqjiayhoi.supabase.co/storage/v1/object/public/yacht-images/new-yachts/c96d4ad4-068c-4543-8548-9bee6a9e902f/c96d4ad4-068c-4543-8548-9bee6a9e902f-11.jpg,new-yachts/c96d4ad4-068c-4543-8548-9bee6a9e902f/c96d4ad4-068c-4543-8548-9bee6a9e902f-11.jpg,11,2026-04-23 10:17:57.015598+00
1c6d9449-155f-41e9-b98a-4aa23fbad034,d7a436a7-e4ac-4cc0-8f1c-52374949f9ec,https://awrznjnofgmlqjiayhoi.supabase.co/storage/v1/object/public/yacht-images/new-yachts/d7a436a7-e4ac-4cc0-8f1c-52374949f9ec/d7a436a7-e4ac-4cc0-8f1c-52374949f9ec-3.webp,new-yachts/d7a436a7-e4ac-4cc0-8f1c-52374949f9ec/d7a436a7-e4ac-4cc0-8f1c-52374949f9ec-3.webp,3,2026-03-27 20:29:31.513051+00
1c8568a3-3c07-4a98-9535-46fa382ccbab,6eb971f0-6cf7-451c-abf5-4cc2727165fc,https://awrznjnofgmlqjiayhoi.supabase.co/storage/v1/object/public/yacht-images/new-yachts/6eb971f0-6cf7-451c-abf5-4cc2727165fc/6eb971f0-6cf7-451c-abf5-4cc2727165fc-3.webp,new-yachts/6eb971f0-6cf7-451c-abf5-4cc2727165fc/6eb971f0-6cf7-451c-abf5-4cc2727165fc-3.webp,3,2026-03-26 21:12:22.178242+00
1c88407e-198a-4eef-a6fb-1c90ab2b6729,625d8ba4-c145-4673-affb-3de4e2f03886,https://awrznjnofgmlqjiayhoi.supabase.co/storage/v1/object/public/yacht-images/new-yachts/625d8ba4-c145-4673-affb-3de4e2f03886/625d8ba4-c145-4673-affb-3de4e2f03886-1.jpg,new-yachts/625d8ba4-c145-4673-affb-3de4e2f03886/625d8ba4-c145-4673-affb-3de4e2f03886-1.jpg,1,2026-03-26 21:21:03.00682+00
1c8dc45a-f79d-44f8-9775-0f6123dc2b7d,d7003aa7-7557-4e21-b9ce-73e4908e49a3,https://awrznjnofgmlqjiayhoi.supabase.co/storage/v1/object/public/yacht-images/new-yachts/d7003aa7-7557-4e21-b9ce-73e4908e49a3/d7003aa7-7557-4e21-b9ce-73e4908e49a3-1.jpg,new-yachts/d7003aa7-7557-4e21-b9ce-73e4908e49a3/d7003aa7-7557-4e21-b9ce-73e4908e49a3-1.jpg,1,2026-04-23 08:24:12.950245+00
1ca5504b-82e3-4012-8fc9-abd4f831ba5c,c7824eeb-5781-49ee-b923-aa636e73cb36,https://awrznjnofgmlqjiayhoi.supabase.co/storage/v1/object/public/yacht-images/new-yachts/c7824eeb-5781-49ee-b923-aa636e73cb36/c7824eeb-5781-49ee-b923-aa636e73cb36-4.jpg,new-yachts/c7824eeb-5781-49ee-b923-aa636e73cb36/c7824eeb-5781-49ee-b923-aa636e73cb36-4.jpg,4,2026-04-24 00:24:30.835625+00
1cadd45a-03b5-4384-8540-50defad44f67,2376d7ee-cfbb-49e5-85fe-46552893c082,https://awrznjnofgmlqjiayhoi.supabase.co/storage/v1/object/public/yacht-images/new-yachts/2376d7ee-cfbb-49e5-85fe-46552893c082/2376d7ee-cfbb-49e5-85fe-46552893c082-6.jpg,new-yachts/2376d7ee-cfbb-49e5-85fe-46552893c082/2376d7ee-cfbb-49e5-85fe-46552893c082-6.jpg,6,2026-04-22 18:13:23.567328+00
1cb1cd04-bbaf-4fed-981b-dbb84b15ec07,82e61cac-cd66-43b8-93f1-8a31b9a344f1,https://awrznjnofgmlqjiayhoi.supabase.co/storage/v1/object/public/yacht-images/new-yachts/82e61cac-cd66-43b8-93f1-8a31b9a344f1/82e61cac-cd66-43b8-93f1-8a31b9a344f1-3.webp,new-yachts/82e61cac-cd66-43b8-93f1-8a31b9a344f1/82e61cac-cd66-43b8-93f1-8a31b9a344f1-3.webp,3,2026-02-28 18:56:27.991759+00
1cbd4845-b3cb-432a-987c-d1e9938d30f2,aa8c6101-eb69-4a45-94b2-eb80dc49a261,https://awrznjnofgmlqjiayhoi.supabase.co/storage/v1/object/public/yacht-images/new-yachts/aa8c6101-eb69-4a45-94b2-eb80dc49a261/aa8c6101-eb69-4a45-94b2-eb80dc49a261-3.jpg,new-yachts/aa8c6101-eb69-4a45-94b2-eb80dc49a261/aa8c6101-eb69-4a45-94b2-eb80dc49a261-3.jpg,3,2026-04-24 17:50:33.881046+00
1cdcd72e-a52a-4997-b6ba-1d354a17a38a,d8ada534-6eb6-4282-b98a-49bf8e72c7df,https://awrznjnofgmlqjiayhoi.supabase.co/storage/v1/object/public/yacht-images/new-yachts/d8ada534-6eb6-4282-b98a-49bf8e72c7df/d8ada534-6eb6-4282-b98a-49bf8e72c7df-3.webp,new-yachts/d8ada534-6eb6-4282-b98a-49bf8e72c7df/d8ada534-6eb6-4282-b98a-49bf8e72c7df-3.webp,3,2026-03-26 19:15:03.745675+00
1ce54b5b-bde9-4293-ae8c-2abffa6888ad,2a59a9b9-e70a-4dd8-ba20-4d4eb7384cbc,https://awrznjnofgmlqjiayhoi.supabase.co/storage/v1/object/public/yacht-images/new-yachts/2a59a9b9-e70a-4dd8-ba20-4d4eb7384cbc/2a59a9b9-e70a-4dd8-ba20-4d4eb7384cbc-9.jpg,new-yachts/2a59a9b9-e70a-4dd8-ba20-4d4eb7384cbc/2a59a9b9-e70a-4dd8-ba20-4d4eb7384cbc-9.jpg,9,2026-04-23 08:58:06.678916+00
1d07084b-25d1-46cf-945d-508121cfcfb6,42444d77-7aaa-4f43-a408-c57aedf79d13,https://awrznjnofgmlqjiayhoi.supabase.co/storage/v1/object/public/yacht-images/new-yachts/42444d77-7aaa-4f43-a408-c57aedf79d13/42444d77-7aaa-4f43-a408-c57aedf79d13-4.jpg,new-yachts/42444d77-7aaa-4f43-a408-c57aedf79d13/42444d77-7aaa-4f43-a408-c57aedf79d13-4.jpg,4,2026-04-23 19:09:16.476897+00
1d20816a-71c1-4c61-8366-6b1b13c3b011,dad3e31e-782b-4453-8084-835e82cb6131,https://awrznjnofgmlqjiayhoi.supabase.co/storage/v1/object/public/yacht-images/new-yachts/dad3e31e-782b-4453-8084-835e82cb6131/dad3e31e-782b-4453-8084-835e82cb6131-9.jpg,new-yachts/dad3e31e-782b-4453-8084-835e82cb6131/dad3e31e-782b-4453-8084-835e82cb6131-9.jpg,9,2026-04-23 23:38:06.854105+00
1d4e8364-bb1a-4859-aab3-fdb26ce0e908,aa8c6101-eb69-4a45-94b2-eb80dc49a261,https://awrznjnofgmlqjiayhoi.supabase.co/storage/v1/object/public/yacht-images/new-yachts/aa8c6101-eb69-4a45-94b2-eb80dc49a261/aa8c6101-eb69-4a45-94b2-eb80dc49a261-5.jpg,new-yachts/aa8c6101-eb69-4a45-94b2-eb80dc49a261/aa8c6101-eb69-4a45-94b2-eb80dc49a261-5.jpg,5,2026-04-24 17:50:35.455285+00
1d9bf57c-5d33-478a-9720-a968c380c18c,199d0d16-14ce-4883-973e-e82706c8e0ca,https://awrznjnofgmlqjiayhoi.supabase.co/storage/v1/object/public/yacht-images/new-yachts/199d0d16-14ce-4883-973e-e82706c8e0ca/199d0d16-14ce-4883-973e-e82706c8e0ca-5.jpg,new-yachts/199d0d16-14ce-4883-973e-e82706c8e0ca/199d0d16-14ce-4883-973e-e82706c8e0ca-5.jpg,5,2026-04-24 00:11:43.733491+00
1db1a664-ad10-4c29-b68a-ffc9474c42ec,671a273a-9c01-40cb-ba3a-a05127d28885,https://awrznjnofgmlqjiayhoi.supabase.co/storage/v1/object/public/yacht-images/new-yachts/671a273a-9c01-40cb-ba3a-a05127d28885/671a273a-9c01-40cb-ba3a-a05127d28885-9.jpg,new-yachts/671a273a-9c01-40cb-ba3a-a05127d28885/671a273a-9c01-40cb-ba3a-a05127d28885-9.jpg,9,2026-04-22 17:04:56.316593+00
1dc8e9a1-6645-4275-a56b-150927caeb55,036b38ca-3c40-46d2-a5eb-0f44fd933ae7,https://awrznjnofgmlqjiayhoi.supabase.co/storage/v1/object/public/yacht-images/new-yachts/036b38ca-3c40-46d2-a5eb-0f44fd933ae7/036b38ca-3c40-46d2-a5eb-0f44fd933ae7-11.jpg,new-yachts/036b38ca-3c40-46d2-a5eb-0f44fd933ae7/036b38ca-3c40-46d2-a5eb-0f44fd933ae7-11.jpg,11,2026-04-23 12:55:29.035043+00
1dd885b1-b000-447f-98d7-971241c6f28c,da0d8573-24f0-46e0-80ec-c1436985d90e,https://awrznjnofgmlqjiayhoi.supabase.co/storage/v1/object/public/yacht-images/new-yachts/da0d8573-24f0-46e0-80ec-c1436985d90e/da0d8573-24f0-46e0-80ec-c1436985d90e-1.jpg,new-yachts/da0d8573-24f0-46e0-80ec-c1436985d90e/da0d8573-24f0-46e0-80ec-c1436985d90e-1.jpg,1,2026-03-26 21:42:19.805083+00
1ddc295a-06fa-438b-a6d0-4652bb245317,ff6db69f-5b1d-4403-a044-83e29b9f2fb1,https://awrznjnofgmlqjiayhoi.supabase.co/storage/v1/object/public/yacht-images/new-yachts/ff6db69f-5b1d-4403-a044-83e29b9f2fb1/ff6db69f-5b1d-4403-a044-83e29b9f2fb1-7.webp,new-yachts/ff6db69f-5b1d-4403-a044-83e29b9f2fb1/ff6db69f-5b1d-4403-a044-83e29b9f2fb1-7.webp,7,2026-03-26 21:36:07.604376+00
1de0f15d-ec4b-4f01-86f5-5ba96b88c032,1c5f2552-f6fb-43a0-b2d1-c841eae6e044,https://awrznjnofgmlqjiayhoi.supabase.co/storage/v1/object/public/yacht-images/new-yachts/1c5f2552-f6fb-43a0-b2d1-c841eae6e044/1c5f2552-f6fb-43a0-b2d1-c841eae6e044-9.jpg,new-yachts/1c5f2552-f6fb-43a0-b2d1-c841eae6e044/1c5f2552-f6fb-43a0-b2d1-c841eae6e044-9.jpg,9,2026-04-24 00:43:22.098433+00
1def470b-982a-447d-ae16-b27af7406e04,b94a5341-8ff1-4cc3-bd0a-1c4c657e071a,https://awrznjnofgmlqjiayhoi.supabase.co/storage/v1/object/public/yacht-images/new-yachts/b94a5341-8ff1-4cc3-bd0a-1c4c657e071a/b94a5341-8ff1-4cc3-bd0a-1c4c657e071a-6.jpg,new-yachts/b94a5341-8ff1-4cc3-bd0a-1c4c657e071a/b94a5341-8ff1-4cc3-bd0a-1c4c657e071a-6.jpg,7,2026-04-24 18:51:02.375363+00
1e1f852f-ca75-44d8-9e52-df9df3b694aa,a333914a-50aa-4524-8f4c-1583fcdc0ade,https://awrznjnofgmlqjiayhoi.supabase.co/storage/v1/object/public/yacht-images/new-yachts/a333914a-50aa-4524-8f4c-1583fcdc0ade/a333914a-50aa-4524-8f4c-1583fcdc0ade-2.jpg,new-yachts/a333914a-50aa-4524-8f4c-1583fcdc0ade/a333914a-50aa-4524-8f4c-1583fcdc0ade-2.jpg,2,2026-04-22 17:12:24.843593+00
1e20a904-6191-474e-b446-862c10993e20,71152f00-7193-453c-9187-3cac259a9afe,https://awrznjnofgmlqjiayhoi.supabase.co/storage/v1/object/public/yacht-images/new-yachts/71152f00-7193-453c-9187-3cac259a9afe/71152f00-7193-453c-9187-3cac259a9afe-8.jpg,new-yachts/71152f00-7193-453c-9187-3cac259a9afe/71152f00-7193-453c-9187-3cac259a9afe-8.jpg,8,2026-04-22 16:20:49.870727+00
1e72db5c-bed7-482a-918d-9d13819f1f99,24bfce86-bd6a-49a2-8c6d-f3defd842949,https://awrznjnofgmlqjiayhoi.supabase.co/storage/v1/object/public/yacht-images/new-yachts/24bfce86-bd6a-49a2-8c6d-f3defd842949/24bfce86-bd6a-49a2-8c6d-f3defd842949-2.jpg,new-yachts/24bfce86-bd6a-49a2-8c6d-f3defd842949/24bfce86-bd6a-49a2-8c6d-f3defd842949-2.jpg,2,2026-04-24 00:48:52.906094+00
1eb615dc-cd27-44a6-bca6-129724bbe887,4b3c7774-3467-46de-8410-9aafc0812957,https://awrznjnofgmlqjiayhoi.supabase.co/storage/v1/object/public/yacht-images/new-yachts/4b3c7774-3467-46de-8410-9aafc0812957/4b3c7774-3467-46de-8410-9aafc0812957-10.jpg,new-yachts/4b3c7774-3467-46de-8410-9aafc0812957/4b3c7774-3467-46de-8410-9aafc0812957-10.jpg,10,2026-04-24 19:59:40.350809+00
1ed8d59f-b14e-4ced-add9-392d66d2f554,fd6e9af7-14f4-4d1a-86f9-d0d49f46fbc5,https://awrznjnofgmlqjiayhoi.supabase.co/storage/v1/object/public/yacht-images/new-yachts/fd6e9af7-14f4-4d1a-86f9-d0d49f46fbc5/fd6e9af7-14f4-4d1a-86f9-d0d49f46fbc5-1.jpg,new-yachts/fd6e9af7-14f4-4d1a-86f9-d0d49f46fbc5/fd6e9af7-14f4-4d1a-86f9-d0d49f46fbc5-1.jpg,1,2026-03-26 21:23:47.218663+00
1f142f3c-6e00-4119-aa30-b878edca2720,42444d77-7aaa-4f43-a408-c57aedf79d13,https://awrznjnofgmlqjiayhoi.supabase.co/storage/v1/object/public/yacht-images/new-yachts/42444d77-7aaa-4f43-a408-c57aedf79d13/42444d77-7aaa-4f43-a408-c57aedf79d13-2.jpg,new-yachts/42444d77-7aaa-4f43-a408-c57aedf79d13/42444d77-7aaa-4f43-a408-c57aedf79d13-2.jpg,2,2026-04-23 19:09:14.33348+00
1f1cb6df-5a6c-456e-9e61-a6a7308f3846,23369539-310c-42d9-8d1a-c7fe6778be22,https://awrznjnofgmlqjiayhoi.supabase.co/storage/v1/object/public/yacht-images/new-yachts/23369539-310c-42d9-8d1a-c7fe6778be22/23369539-310c-42d9-8d1a-c7fe6778be22-2.jpg,new-yachts/23369539-310c-42d9-8d1a-c7fe6778be22/23369539-310c-42d9-8d1a-c7fe6778be22-2.jpg,2,2026-04-23 23:28:52.325357+00
1f240eb5-1d6a-485b-a493-e8ad8654cd18,81905b1b-c4c4-4345-aaf6-8e7152bfae48,https://awrznjnofgmlqjiayhoi.supabase.co/storage/v1/object/public/yacht-images/new-yachts/81905b1b-c4c4-4345-aaf6-8e7152bfae48/81905b1b-c4c4-4345-aaf6-8e7152bfae48-9.jpg,new-yachts/81905b1b-c4c4-4345-aaf6-8e7152bfae48/81905b1b-c4c4-4345-aaf6-8e7152bfae48-9.jpg,9,2026-04-22 17:09:07.815812+00
1f33029d-7d89-4dc4-a629-4ca5bd3c1155,ef48375a-8612-4743-87f7-8e1b9bacadce,https://awrznjnofgmlqjiayhoi.supabase.co/storage/v1/object/public/yacht-images/new-yachts/ef48375a-8612-4743-87f7-8e1b9bacadce/ef48375a-8612-4743-87f7-8e1b9bacadce-3.jpg,new-yachts/ef48375a-8612-4743-87f7-8e1b9bacadce/ef48375a-8612-4743-87f7-8e1b9bacadce-3.jpg,3,2026-04-22 14:44:51.027967+00
1f583fef-5994-4068-8c76-f6c5dd83f7c6,2a59a9b9-e70a-4dd8-ba20-4d4eb7384cbc,https://awrznjnofgmlqjiayhoi.supabase.co/storage/v1/object/public/yacht-images/new-yachts/2a59a9b9-e70a-4dd8-ba20-4d4eb7384cbc/2a59a9b9-e70a-4dd8-ba20-4d4eb7384cbc-8.jpg,new-yachts/2a59a9b9-e70a-4dd8-ba20-4d4eb7384cbc/2a59a9b9-e70a-4dd8-ba20-4d4eb7384cbc-8.jpg,8,2026-04-23 08:58:06.069869+00
1fa8496d-d16a-4972-a8a6-01ef4888168b,f0238dcf-548b-4271-af4f-cb068b72d462,https://awrznjnofgmlqjiayhoi.supabase.co/storage/v1/object/public/yacht-images/new-yachts/f0238dcf-548b-4271-af4f-cb068b72d462/f0238dcf-548b-4271-af4f-cb068b72d462-6.jpg,new-yachts/f0238dcf-548b-4271-af4f-cb068b72d462/f0238dcf-548b-4271-af4f-cb068b72d462-6.jpg,6,2026-04-22 13:24:09.683089+00
1fb784fd-c708-4044-b217-eebe967a90fa,cea16079-f9be-45ea-8c75-e7404b006298,https://awrznjnofgmlqjiayhoi.supabase.co/storage/v1/object/public/yacht-images/new-yachts/cea16079-f9be-45ea-8c75-e7404b006298/cea16079-f9be-45ea-8c75-e7404b006298-2.jpg,new-yachts/cea16079-f9be-45ea-8c75-e7404b006298/cea16079-f9be-45ea-8c75-e7404b006298-2.jpg,2,2026-04-22 18:22:52.176382+00
1fbe1954-9b15-439d-b0c9-421c995ade96,3b566a87-1f34-4f83-8f51-8fc988f9d292,https://awrznjnofgmlqjiayhoi.supabase.co/storage/v1/object/public/yacht-images/new-yachts/3b566a87-1f34-4f83-8f51-8fc988f9d292/3b566a87-1f34-4f83-8f51-8fc988f9d292-4.jpg,new-yachts/3b566a87-1f34-4f83-8f51-8fc988f9d292/3b566a87-1f34-4f83-8f51-8fc988f9d292-4.jpg,4,2026-04-23 09:09:32.317381+00
1fde77bc-e104-4a5d-a3c6-d8ab0cc36a8d,b5ecfff6-e293-4da0-a1b3-1ddb07e30a64,https://awrznjnofgmlqjiayhoi.supabase.co/storage/v1/object/public/yacht-images/new-yachts/b5ecfff6-e293-4da0-a1b3-1ddb07e30a64/b5ecfff6-e293-4da0-a1b3-1ddb07e30a64-update-1774642812039-1.jpg,new-yachts/b5ecfff6-e293-4da0-a1b3-1ddb07e30a64/b5ecfff6-e293-4da0-a1b3-1ddb07e30a64-update-1774642812039-1.jpg,1,2026-03-27 20:20:12.927212+00
1ff62e8d-f8a8-4318-a411-43ac2929b2bc,8b026905-96da-43a2-8737-2b121fd4d64b,https://awrznjnofgmlqjiayhoi.supabase.co/storage/v1/object/public/yacht-images/new-yachts/8b026905-96da-43a2-8737-2b121fd4d64b/8b026905-96da-43a2-8737-2b121fd4d64b-5.jpg,new-yachts/8b026905-96da-43a2-8737-2b121fd4d64b/8b026905-96da-43a2-8737-2b121fd4d64b-5.jpg,5,2026-04-22 14:55:57.182015+00
201e29ff-b4a5-486f-a395-1dc7c7e45d4d,e673472c-6fbd-4c9d-80da-a3781db27eaf,https://awrznjnofgmlqjiayhoi.supabase.co/storage/v1/object/public/yacht-images/new-yachts/e673472c-6fbd-4c9d-80da-a3781db27eaf/e673472c-6fbd-4c9d-80da-a3781db27eaf-2.jpg,new-yachts/e673472c-6fbd-4c9d-80da-a3781db27eaf/e673472c-6fbd-4c9d-80da-a3781db27eaf-2.jpg,2,2026-04-24 00:42:49.724328+00
20294a55-7d82-44bb-aabb-6ec38502b8e0,e9027657-7dcb-4ff3-993b-ee589e17b607,https://awrznjnofgmlqjiayhoi.supabase.co/storage/v1/object/public/yacht-images/new-yachts/e9027657-7dcb-4ff3-993b-ee589e17b607/e9027657-7dcb-4ff3-993b-ee589e17b607-10.jpg,new-yachts/e9027657-7dcb-4ff3-993b-ee589e17b607/e9027657-7dcb-4ff3-993b-ee589e17b607-10.jpg,10,2026-04-23 09:00:19.785181+00
2035dee5-f402-49cc-8c29-ffdeaea1ad22,2eb81586-9a48-4d27-8380-edf002eb08db,https://awrznjnofgmlqjiayhoi.supabase.co/storage/v1/object/public/yacht-images/new-yachts/2eb81586-9a48-4d27-8380-edf002eb08db/2eb81586-9a48-4d27-8380-edf002eb08db-9.jpg,new-yachts/2eb81586-9a48-4d27-8380-edf002eb08db/2eb81586-9a48-4d27-8380-edf002eb08db-9.jpg,9,2026-04-24 17:57:03.297431+00
2038e5c7-5c26-48a8-9436-74a3f122659c,59ad167b-dfee-4c44-aa33-60b6e1e05678,https://awrznjnofgmlqjiayhoi.supabase.co/storage/v1/object/public/yacht-images/new-yachts/59ad167b-dfee-4c44-aa33-60b6e1e05678/59ad167b-dfee-4c44-aa33-60b6e1e05678-4.jpg,new-yachts/59ad167b-dfee-4c44-aa33-60b6e1e05678/59ad167b-dfee-4c44-aa33-60b6e1e05678-4.jpg,4,2026-04-22 17:26:22.556895+00
2047e556-7987-4785-905a-eebbe6c11ce1,99ef150a-4436-478c-9d40-05c7ebf085b4,https://awrznjnofgmlqjiayhoi.supabase.co/storage/v1/object/public/yacht-images/new-yachts/99ef150a-4436-478c-9d40-05c7ebf085b4/99ef150a-4436-478c-9d40-05c7ebf085b4-11.jpg,new-yachts/99ef150a-4436-478c-9d40-05c7ebf085b4/99ef150a-4436-478c-9d40-05c7ebf085b4-11.jpg,11,2026-04-22 18:27:18.599817+00
204acfbd-553b-4bfb-a7e1-5671840e0cdc,d0282847-d186-4083-920d-8b329d9ebfce,https://awrznjnofgmlqjiayhoi.supabase.co/storage/v1/object/public/yacht-images/new-yachts/d0282847-d186-4083-920d-8b329d9ebfce/d0282847-d186-4083-920d-8b329d9ebfce-11.jpg,new-yachts/d0282847-d186-4083-920d-8b329d9ebfce/d0282847-d186-4083-920d-8b329d9ebfce-11.jpg,11,2026-04-24 00:51:54.422406+00
20aab684-1519-46cb-8ef6-5d4219c07e56,df67c4de-872b-425c-8adc-b85469ae16dd,https://awrznjnofgmlqjiayhoi.supabase.co/storage/v1/object/public/yacht-images/new-yachts/df67c4de-872b-425c-8adc-b85469ae16dd/df67c4de-872b-425c-8adc-b85469ae16dd-6.jpg,new-yachts/df67c4de-872b-425c-8adc-b85469ae16dd/df67c4de-872b-425c-8adc-b85469ae16dd-6.jpg,6,2026-04-24 21:59:19.960668+00
20b29311-72a3-4f89-90c3-187d465a5f87,5b8bf348-8319-4418-ad3e-0166da6ea16c,https://awrznjnofgmlqjiayhoi.supabase.co/storage/v1/object/public/yacht-images/new-yachts/5b8bf348-8319-4418-ad3e-0166da6ea16c/5b8bf348-8319-4418-ad3e-0166da6ea16c-1.jpg,new-yachts/5b8bf348-8319-4418-ad3e-0166da6ea16c/5b8bf348-8319-4418-ad3e-0166da6ea16c-1.jpg,1,2026-03-26 19:39:03.714483+00
20d7ca15-d900-4005-b339-4b32e96b2546,3011de4f-421b-4c6e-9433-a9f0417d7d89,https://awrznjnofgmlqjiayhoi.supabase.co/storage/v1/object/public/yacht-images/new-yachts/3011de4f-421b-4c6e-9433-a9f0417d7d89/3011de4f-421b-4c6e-9433-a9f0417d7d89-1.jpg,new-yachts/3011de4f-421b-4c6e-9433-a9f0417d7d89/3011de4f-421b-4c6e-9433-a9f0417d7d89-1.jpg,1,2026-04-22 14:50:59.818951+00
212ff94e-5120-44b5-ac3a-0f0a680effc3,dc252fdc-3279-49b1-b4bd-e577dc402ce7,https://awrznjnofgmlqjiayhoi.supabase.co/storage/v1/object/public/yacht-images/new-yachts/dc252fdc-3279-49b1-b4bd-e577dc402ce7/dc252fdc-3279-49b1-b4bd-e577dc402ce7-10.jpg,new-yachts/dc252fdc-3279-49b1-b4bd-e577dc402ce7/dc252fdc-3279-49b1-b4bd-e577dc402ce7-10.jpg,10,2026-04-23 10:15:32.517861+00
2136b67c-654e-461f-b68d-cf9eb36f4065,eb2fce67-a66b-40a5-94ae-50cceec70566,https://awrznjnofgmlqjiayhoi.supabase.co/storage/v1/object/public/yacht-images/new-yachts/eb2fce67-a66b-40a5-94ae-50cceec70566/eb2fce67-a66b-40a5-94ae-50cceec70566-8.jpg,new-yachts/eb2fce67-a66b-40a5-94ae-50cceec70566/eb2fce67-a66b-40a5-94ae-50cceec70566-8.jpg,8,2026-04-22 17:07:12.778528+00
21590416-a559-450a-a0c3-5582d00d2ab2,8e78c2bb-81da-4ae6-b09a-264a4e7f76ad,https://awrznjnofgmlqjiayhoi.supabase.co/storage/v1/object/public/yacht-images/new-yachts/8e78c2bb-81da-4ae6-b09a-264a4e7f76ad/8e78c2bb-81da-4ae6-b09a-264a4e7f76ad-10.jpg,new-yachts/8e78c2bb-81da-4ae6-b09a-264a4e7f76ad/8e78c2bb-81da-4ae6-b09a-264a4e7f76ad-10.jpg,10,2026-04-23 08:30:47.081821+00
216951ed-2e46-4d3b-bb20-acbeb21a7be1,f0238dcf-548b-4271-af4f-cb068b72d462,https://awrznjnofgmlqjiayhoi.supabase.co/storage/v1/object/public/yacht-images/new-yachts/f0238dcf-548b-4271-af4f-cb068b72d462/f0238dcf-548b-4271-af4f-cb068b72d462-11.jpg,new-yachts/f0238dcf-548b-4271-af4f-cb068b72d462/f0238dcf-548b-4271-af4f-cb068b72d462-11.jpg,11,2026-04-22 13:24:12.930001+00
21804c03-e795-4e72-a235-7944e549ab92,ef48375a-8612-4743-87f7-8e1b9bacadce,https://awrznjnofgmlqjiayhoi.supabase.co/storage/v1/object/public/yacht-images/new-yachts/ef48375a-8612-4743-87f7-8e1b9bacadce/ef48375a-8612-4743-87f7-8e1b9bacadce-10.jpg,new-yachts/ef48375a-8612-4743-87f7-8e1b9bacadce/ef48375a-8612-4743-87f7-8e1b9bacadce-10.jpg,10,2026-04-22 14:44:53.287815+00
21b2dd1a-f31c-43bd-9188-b1506ce165d5,c238eaae-8820-4056-9ffe-a5f14320a23a,https://awrznjnofgmlqjiayhoi.supabase.co/storage/v1/object/public/yacht-images/new-yachts/c238eaae-8820-4056-9ffe-a5f14320a23a/c238eaae-8820-4056-9ffe-a5f14320a23a-8.jpg,new-yachts/c238eaae-8820-4056-9ffe-a5f14320a23a/c238eaae-8820-4056-9ffe-a5f14320a23a-8.jpg,8,2026-04-22 17:35:15.175846+00
21c55cab-30fe-44f3-84ca-6a7167ef9bdb,46478d58-042a-4ac5-85df-9be0f1f1040e,https://awrznjnofgmlqjiayhoi.supabase.co/storage/v1/object/public/yacht-images/new-yachts/46478d58-042a-4ac5-85df-9be0f1f1040e/46478d58-042a-4ac5-85df-9be0f1f1040e-4.jpg,new-yachts/46478d58-042a-4ac5-85df-9be0f1f1040e/46478d58-042a-4ac5-85df-9be0f1f1040e-4.jpg,4,2026-04-24 18:49:08.150345+00
21cbf22c-e4d6-474d-a82f-d59608239046,6ba7e223-391d-4e9a-8228-0001d2b8ad99,https://awrznjnofgmlqjiayhoi.supabase.co/storage/v1/object/public/yacht-images/new-yachts/6ba7e223-391d-4e9a-8228-0001d2b8ad99/6ba7e223-391d-4e9a-8228-0001d2b8ad99-4.jpg,new-yachts/6ba7e223-391d-4e9a-8228-0001d2b8ad99/6ba7e223-391d-4e9a-8228-0001d2b8ad99-4.jpg,4,2026-04-24 00:04:32.743297+00
21d5a32e-5345-4d39-9def-80d7ccc30779,72968c30-468e-475b-9c74-a6afb74ff62e,https://awrznjnofgmlqjiayhoi.supabase.co/storage/v1/object/public/yacht-images/new-yachts/72968c30-468e-475b-9c74-a6afb74ff62e/72968c30-468e-475b-9c74-a6afb74ff62e-1.jpg,new-yachts/72968c30-468e-475b-9c74-a6afb74ff62e/72968c30-468e-475b-9c74-a6afb74ff62e-1.jpg,1,2026-04-24 22:13:17.35554+00
21e6fe12-f5c6-4fdf-8898-8bd4481173e6,c8de990e-7e4a-4ad6-8e58-490752e3cfab,https://awrznjnofgmlqjiayhoi.supabase.co/storage/v1/object/public/yacht-images/new-yachts/c8de990e-7e4a-4ad6-8e58-490752e3cfab/c8de990e-7e4a-4ad6-8e58-490752e3cfab-6.jpg,new-yachts/c8de990e-7e4a-4ad6-8e58-490752e3cfab/c8de990e-7e4a-4ad6-8e58-490752e3cfab-6.jpg,6,2026-04-22 18:20:35.8626+00
21e7c05c-a77a-40e0-aef0-0626ac8beb74,34140b13-e5f4-4042-8f03-49390da36148,https://awrznjnofgmlqjiayhoi.supabase.co/storage/v1/object/public/yacht-images/new-yachts/34140b13-e5f4-4042-8f03-49390da36148/34140b13-e5f4-4042-8f03-49390da36148-8.jpg,new-yachts/34140b13-e5f4-4042-8f03-49390da36148/34140b13-e5f4-4042-8f03-49390da36148-8.jpg,8,2026-04-23 19:12:07.022009+00
220ab4f7-3a6d-46f6-87fe-c3ef2a6a0209,4896d80d-42ee-4f28-868c-c8414fa5321d,https://awrznjnofgmlqjiayhoi.supabase.co/storage/v1/object/public/yacht-images/new-yachts/4896d80d-42ee-4f28-868c-c8414fa5321d/4896d80d-42ee-4f28-868c-c8414fa5321d-8.jpg,new-yachts/4896d80d-42ee-4f28-868c-c8414fa5321d/4896d80d-42ee-4f28-868c-c8414fa5321d-8.jpg,8,2026-04-22 14:57:36.575441+00
2254b703-5775-41a2-b93b-c1fc17ab72f8,b8386205-38db-4b2c-b839-b02eb7dbdb4e,https://awrznjnofgmlqjiayhoi.supabase.co/storage/v1/object/public/yacht-images/new-yachts/b8386205-38db-4b2c-b839-b02eb7dbdb4e/b8386205-38db-4b2c-b839-b02eb7dbdb4e-7.jpg,new-yachts/b8386205-38db-4b2c-b839-b02eb7dbdb4e/b8386205-38db-4b2c-b839-b02eb7dbdb4e-7.jpg,7,2026-04-24 17:54:52.317554+00
22584e2d-7fce-4e06-8de6-25aee96f6155,918b12a4-fcbf-46eb-8a39-6a1cc0bf196f,https://awrznjnofgmlqjiayhoi.supabase.co/storage/v1/object/public/yacht-images/new-yachts/918b12a4-fcbf-46eb-8a39-6a1cc0bf196f/918b12a4-fcbf-46eb-8a39-6a1cc0bf196f-10.jpg,new-yachts/918b12a4-fcbf-46eb-8a39-6a1cc0bf196f/918b12a4-fcbf-46eb-8a39-6a1cc0bf196f-10.jpg,10,2026-04-22 18:21:43.525835+00
2265665e-810b-40bf-bcc7-165dc124e87a,b8449191-5116-4c89-a6fe-00bd80345381,https://awrznjnofgmlqjiayhoi.supabase.co/storage/v1/object/public/yacht-images/new-yachts/b8449191-5116-4c89-a6fe-00bd80345381/b8449191-5116-4c89-a6fe-00bd80345381-3.jpg,new-yachts/b8449191-5116-4c89-a6fe-00bd80345381/b8449191-5116-4c89-a6fe-00bd80345381-3.jpg,3,2026-04-22 14:36:34.117687+00
22c4de63-fb64-41f9-a959-3a4e6bd51ac2,e77f9842-d7df-4821-aaea-022f37c657ab,https://awrznjnofgmlqjiayhoi.supabase.co/storage/v1/object/public/yacht-images/new-yachts/e77f9842-d7df-4821-aaea-022f37c657ab/e77f9842-d7df-4821-aaea-022f37c657ab-6.jpg,new-yachts/e77f9842-d7df-4821-aaea-022f37c657ab/e77f9842-d7df-4821-aaea-022f37c657ab-6.jpg,6,2026-04-22 15:02:36.556459+00
22d3472d-7f33-4937-ad1d-adbad98db142,048be10f-7f58-4426-858b-64c0cb21305c,https://awrznjnofgmlqjiayhoi.supabase.co/storage/v1/object/public/yacht-images/new-yachts/048be10f-7f58-4426-858b-64c0cb21305c/048be10f-7f58-4426-858b-64c0cb21305c-4.webp,new-yachts/048be10f-7f58-4426-858b-64c0cb21305c/048be10f-7f58-4426-858b-64c0cb21305c-4.webp,4,2026-03-27 20:01:57.742715+00
22d36ceb-03b0-441e-822a-bb7ea6046c3e,062adaff-6e68-4667-aa06-21653f05ee5e,https://awrznjnofgmlqjiayhoi.supabase.co/storage/v1/object/public/yacht-images/new-yachts/062adaff-6e68-4667-aa06-21653f05ee5e/062adaff-6e68-4667-aa06-21653f05ee5e-2.jpg,new-yachts/062adaff-6e68-4667-aa06-21653f05ee5e/062adaff-6e68-4667-aa06-21653f05ee5e-2.jpg,2,2026-04-10 12:15:36.814596+00
22ec2ec7-0f0f-4026-bba5-219c6c9d9ac0,9e400cb1-773d-4639-9b83-cb70cecf164c,https://awrznjnofgmlqjiayhoi.supabase.co/storage/v1/object/public/yacht-images/new-yachts/9e400cb1-773d-4639-9b83-cb70cecf164c/9e400cb1-773d-4639-9b83-cb70cecf164c-10.jpg,new-yachts/9e400cb1-773d-4639-9b83-cb70cecf164c/9e400cb1-773d-4639-9b83-cb70cecf164c-10.jpg,10,2026-04-24 19:56:02.476885+00
23078df8-a9b0-4c77-a93f-49c7a9a2ff9b,b91a48c7-b650-4d3e-8163-342f849e50a2,https://awrznjnofgmlqjiayhoi.supabase.co/storage/v1/object/public/yacht-images/new-yachts/b91a48c7-b650-4d3e-8163-342f849e50a2/b91a48c7-b650-4d3e-8163-342f849e50a2-6.jpg,new-yachts/b91a48c7-b650-4d3e-8163-342f849e50a2/b91a48c7-b650-4d3e-8163-342f849e50a2-6.jpg,6,2026-04-22 17:00:23.297449+00
232cae98-3dde-4d2d-bcaf-61123df6f940,a6460b88-dc2d-48c2-af4f-f2b01260ae26,https://awrznjnofgmlqjiayhoi.supabase.co/storage/v1/object/public/yacht-images/new-yachts/a6460b88-dc2d-48c2-af4f-f2b01260ae26/a6460b88-dc2d-48c2-af4f-f2b01260ae26-5.jpg,new-yachts/a6460b88-dc2d-48c2-af4f-f2b01260ae26/a6460b88-dc2d-48c2-af4f-f2b01260ae26-5.jpg,5,2026-04-23 08:50:26.374788+00
23617a10-f609-4a07-a88e-cb94e5706604,4f898d95-3ae9-42eb-ae5c-640dae133de1,https://awrznjnofgmlqjiayhoi.supabase.co/storage/v1/object/public/yacht-images/new-yachts/4f898d95-3ae9-42eb-ae5c-640dae133de1/4f898d95-3ae9-42eb-ae5c-640dae133de1-2.webp,new-yachts/4f898d95-3ae9-42eb-ae5c-640dae133de1/4f898d95-3ae9-42eb-ae5c-640dae133de1-2.webp,2,2026-03-10 18:59:14.94752+00
23665fd9-7df5-4d7e-8929-2a7a95aee84b,8e78c2bb-81da-4ae6-b09a-264a4e7f76ad,https://awrznjnofgmlqjiayhoi.supabase.co/storage/v1/object/public/yacht-images/new-yachts/8e78c2bb-81da-4ae6-b09a-264a4e7f76ad/8e78c2bb-81da-4ae6-b09a-264a4e7f76ad-5.jpg,new-yachts/8e78c2bb-81da-4ae6-b09a-264a4e7f76ad/8e78c2bb-81da-4ae6-b09a-264a4e7f76ad-5.jpg,5,2026-04-23 08:30:43.357676+00
237df0d7-ced4-481e-9d8e-0c7298c16244,4fb9b399-1afd-4ea0-b598-84b98be9613f,https://awrznjnofgmlqjiayhoi.supabase.co/storage/v1/object/public/yacht-images/new-yachts/4fb9b399-1afd-4ea0-b598-84b98be9613f/4fb9b399-1afd-4ea0-b598-84b98be9613f-2.jpg,new-yachts/4fb9b399-1afd-4ea0-b598-84b98be9613f/4fb9b399-1afd-4ea0-b598-84b98be9613f-2.jpg,2,2026-04-23 09:21:26.400338+00
23943343-410a-4578-9758-932d5909a59e,cf884b59-eebf-427e-b547-f2bde54c5d89,https://awrznjnofgmlqjiayhoi.supabase.co/storage/v1/object/public/yacht-images/new-yachts/cf884b59-eebf-427e-b547-f2bde54c5d89/cf884b59-eebf-427e-b547-f2bde54c5d89-5.jpg,new-yachts/cf884b59-eebf-427e-b547-f2bde54c5d89/cf884b59-eebf-427e-b547-f2bde54c5d89-5.jpg,5,2026-04-24 22:32:27.254199+00
23a8a401-46d9-4278-886d-fd679755fc83,8f6ead2d-9e5a-4952-89a3-fa782ef6db82,https://awrznjnofgmlqjiayhoi.supabase.co/storage/v1/object/public/yacht-images/new-yachts/8f6ead2d-9e5a-4952-89a3-fa782ef6db82/8f6ead2d-9e5a-4952-89a3-fa782ef6db82-11.jpg,new-yachts/8f6ead2d-9e5a-4952-89a3-fa782ef6db82/8f6ead2d-9e5a-4952-89a3-fa782ef6db82-11.jpg,11,2026-04-22 15:20:01.102376+00
23b88a5a-3bcb-4b6b-aa02-9a6a260a9705,9e9bce66-2b64-416a-89f1-5990e18004ce,https://awrznjnofgmlqjiayhoi.supabase.co/storage/v1/object/public/yacht-images/new-yachts/9e9bce66-2b64-416a-89f1-5990e18004ce/9e9bce66-2b64-416a-89f1-5990e18004ce-2.webp,new-yachts/9e9bce66-2b64-416a-89f1-5990e18004ce/9e9bce66-2b64-416a-89f1-5990e18004ce-2.webp,2,2026-03-27 20:22:42.924348+00
23d0b87a-fe45-4f45-b0f0-c557b0a7c021,7c786725-2810-4b6c-ab69-e4001a918ea0,https://awrznjnofgmlqjiayhoi.supabase.co/storage/v1/object/public/yacht-images/new-yachts/7c786725-2810-4b6c-ab69-e4001a918ea0/7c786725-2810-4b6c-ab69-e4001a918ea0-6.jpg,new-yachts/7c786725-2810-4b6c-ab69-e4001a918ea0/7c786725-2810-4b6c-ab69-e4001a918ea0-6.jpg,6,2026-04-24 13:38:04.848245+00
241eb7b2-21ee-4166-8acf-41973862db06,b8449191-5116-4c89-a6fe-00bd80345381,https://awrznjnofgmlqjiayhoi.supabase.co/storage/v1/object/public/yacht-images/new-yachts/b8449191-5116-4c89-a6fe-00bd80345381/b8449191-5116-4c89-a6fe-00bd80345381-4.jpg,new-yachts/b8449191-5116-4c89-a6fe-00bd80345381/b8449191-5116-4c89-a6fe-00bd80345381-4.jpg,4,2026-04-22 14:36:34.695372+00
2438d141-2d71-4f8d-8f6c-a02e56be37b8,c7824eeb-5781-49ee-b923-aa636e73cb36,https://awrznjnofgmlqjiayhoi.supabase.co/storage/v1/object/public/yacht-images/new-yachts/c7824eeb-5781-49ee-b923-aa636e73cb36/c7824eeb-5781-49ee-b923-aa636e73cb36-2.jpg,new-yachts/c7824eeb-5781-49ee-b923-aa636e73cb36/c7824eeb-5781-49ee-b923-aa636e73cb36-2.jpg,2,2026-04-24 00:24:29.230245+00
244556a2-34c1-4803-a431-c38aa8e5fe88,23369539-310c-42d9-8d1a-c7fe6778be22,https://awrznjnofgmlqjiayhoi.supabase.co/storage/v1/object/public/yacht-images/new-yachts/23369539-310c-42d9-8d1a-c7fe6778be22/23369539-310c-42d9-8d1a-c7fe6778be22-7.jpg,new-yachts/23369539-310c-42d9-8d1a-c7fe6778be22/23369539-310c-42d9-8d1a-c7fe6778be22-7.jpg,7,2026-04-23 23:28:56.591292+00
2457fa03-9501-4655-bd35-83743f89cc7a,102e63a3-5829-440b-91c7-fbbb909decf6,https://awrznjnofgmlqjiayhoi.supabase.co/storage/v1/object/public/yacht-images/new-yachts/102e63a3-5829-440b-91c7-fbbb909decf6/102e63a3-5829-440b-91c7-fbbb909decf6-8.jpg,new-yachts/102e63a3-5829-440b-91c7-fbbb909decf6/102e63a3-5829-440b-91c7-fbbb909decf6-8.jpg,8,2026-04-22 18:19:25.894376+00
2475c111-358b-4714-8e6f-491e58538602,2202596a-f8b5-44c3-ab52-6f4d6cfc8522,https://awrznjnofgmlqjiayhoi.supabase.co/storage/v1/object/public/yacht-images/new-yachts/2202596a-f8b5-44c3-ab52-6f4d6cfc8522/2202596a-f8b5-44c3-ab52-6f4d6cfc8522-11.jpg,new-yachts/2202596a-f8b5-44c3-ab52-6f4d6cfc8522/2202596a-f8b5-44c3-ab52-6f4d6cfc8522-11.jpg,11,2026-04-22 17:25:01.151999+00
24838340-39bf-4e72-84ec-87e09f5ebc00,c5b0d543-c566-43ab-b8a7-1075c0144fa9,https://awrznjnofgmlqjiayhoi.supabase.co/storage/v1/object/public/yacht-images/new-yachts/c5b0d543-c566-43ab-b8a7-1075c0144fa9/c5b0d543-c566-43ab-b8a7-1075c0144fa9-6.jpg,new-yachts/c5b0d543-c566-43ab-b8a7-1075c0144fa9/c5b0d543-c566-43ab-b8a7-1075c0144fa9-6.jpg,6,2026-04-22 18:43:42.281988+00
249ea6cb-4c53-43f0-b1fd-97c588230040,8b026905-96da-43a2-8737-2b121fd4d64b,https://awrznjnofgmlqjiayhoi.supabase.co/storage/v1/object/public/yacht-images/new-yachts/8b026905-96da-43a2-8737-2b121fd4d64b/8b026905-96da-43a2-8737-2b121fd4d64b-1.jpg,new-yachts/8b026905-96da-43a2-8737-2b121fd4d64b/8b026905-96da-43a2-8737-2b121fd4d64b-1.jpg,1,2026-04-22 14:55:55.476978+00
24bd28d9-7d71-4526-8467-a6e21cbc0fb1,0c015923-44a5-4de2-8d0c-532e76fc17c7,https://awrznjnofgmlqjiayhoi.supabase.co/storage/v1/object/public/yacht-images/new-yachts/0c015923-44a5-4de2-8d0c-532e76fc17c7/0c015923-44a5-4de2-8d0c-532e76fc17c7-4.jpg,new-yachts/0c015923-44a5-4de2-8d0c-532e76fc17c7/0c015923-44a5-4de2-8d0c-532e76fc17c7-4.jpg,4,2026-04-22 16:25:14.395321+00
24d76c18-a5d0-4f83-9924-f25e96212d54,338ef555-03ad-4c67-8ebd-8457ce40ca9e,https://awrznjnofgmlqjiayhoi.supabase.co/storage/v1/object/public/yacht-images/new-yachts/338ef555-03ad-4c67-8ebd-8457ce40ca9e/338ef555-03ad-4c67-8ebd-8457ce40ca9e-8.jpg,new-yachts/338ef555-03ad-4c67-8ebd-8457ce40ca9e/338ef555-03ad-4c67-8ebd-8457ce40ca9e-8.jpg,8,2026-04-24 00:46:24.721718+00
24e5a46b-4db9-474d-a7f8-4cac9732a94e,96f0c491-d2d6-4d18-9673-195e14005b8b,https://awrznjnofgmlqjiayhoi.supabase.co/storage/v1/object/public/yacht-images/new-yachts/96f0c491-d2d6-4d18-9673-195e14005b8b/96f0c491-d2d6-4d18-9673-195e14005b8b-2.jpg,new-yachts/96f0c491-d2d6-4d18-9673-195e14005b8b/96f0c491-d2d6-4d18-9673-195e14005b8b-2.jpg,2,2026-04-24 22:12:09.037767+00
24ee6541-5fed-4d8c-aa2b-426ed08e5200,5d02ef55-1f86-4529-b012-e26a73e30363,https://awrznjnofgmlqjiayhoi.supabase.co/storage/v1/object/public/yacht-images/new-yachts/5d02ef55-1f86-4529-b012-e26a73e30363/5d02ef55-1f86-4529-b012-e26a73e30363-5.jpg,new-yachts/5d02ef55-1f86-4529-b012-e26a73e30363/5d02ef55-1f86-4529-b012-e26a73e30363-5.jpg,5,2026-04-24 00:15:16.214901+00
2501e366-fef5-4837-baa7-35e032ba5551,29681b23-bcb9-4d30-937c-5e1b61f98be0,https://awrznjnofgmlqjiayhoi.supabase.co/storage/v1/object/public/yacht-images/new-yachts/29681b23-bcb9-4d30-937c-5e1b61f98be0/29681b23-bcb9-4d30-937c-5e1b61f98be0-3.webp,new-yachts/29681b23-bcb9-4d30-937c-5e1b61f98be0/29681b23-bcb9-4d30-937c-5e1b61f98be0-3.webp,3,2026-03-26 21:26:42.581394+00
25091b08-ea0c-43b7-b66f-dddce450d841,e8098cfa-12af-43f8-8f79-66a356ab8eea,https://awrznjnofgmlqjiayhoi.supabase.co/storage/v1/object/public/yacht-images/new-yachts/e8098cfa-12af-43f8-8f79-66a356ab8eea/e8098cfa-12af-43f8-8f79-66a356ab8eea-6.jpg,new-yachts/e8098cfa-12af-43f8-8f79-66a356ab8eea/e8098cfa-12af-43f8-8f79-66a356ab8eea-6.jpg,6,2026-04-22 17:30:35.40715+00
25143df8-bcc0-439f-a802-a78c5412dc9a,6f462948-9675-4e1f-859a-5bf70e7e1ff0,https://awrznjnofgmlqjiayhoi.supabase.co/storage/v1/object/public/yacht-images/new-yachts/6f462948-9675-4e1f-859a-5bf70e7e1ff0/6f462948-9675-4e1f-859a-5bf70e7e1ff0-6.jpg,new-yachts/6f462948-9675-4e1f-859a-5bf70e7e1ff0/6f462948-9675-4e1f-859a-5bf70e7e1ff0-6.jpg,6,2026-04-22 18:00:32.016238+00
253791a4-c42d-489d-a2b2-08d97d00c722,4b3c7774-3467-46de-8410-9aafc0812957,https://awrznjnofgmlqjiayhoi.supabase.co/storage/v1/object/public/yacht-images/new-yachts/4b3c7774-3467-46de-8410-9aafc0812957/4b3c7774-3467-46de-8410-9aafc0812957-7.jpg,new-yachts/4b3c7774-3467-46de-8410-9aafc0812957/4b3c7774-3467-46de-8410-9aafc0812957-7.jpg,7,2026-04-24 19:59:38.24918+00
255bf194-58d8-4d26-8e80-a0fa65fbb57e,4c428a0f-213e-4899-b826-1f110b9fee53,https://awrznjnofgmlqjiayhoi.supabase.co/storage/v1/object/public/yacht-images/new-yachts/4c428a0f-213e-4899-b826-1f110b9fee53/4c428a0f-213e-4899-b826-1f110b9fee53-2.jpg,new-yachts/4c428a0f-213e-4899-b826-1f110b9fee53/4c428a0f-213e-4899-b826-1f110b9fee53-2.jpg,2,2026-04-23 09:23:13.589134+00
257898d0-e434-466b-829f-b617183a51d9,f651b6e2-9576-490b-a593-877bcb8944e0,https://awrznjnofgmlqjiayhoi.supabase.co/storage/v1/object/public/yacht-images/new-yachts/f651b6e2-9576-490b-a593-877bcb8944e0/f651b6e2-9576-490b-a593-877bcb8944e0-4.jpg,new-yachts/f651b6e2-9576-490b-a593-877bcb8944e0/f651b6e2-9576-490b-a593-877bcb8944e0-4.jpg,4,2026-04-23 12:44:45.629179+00
25abe7f6-be0e-4365-8b14-b7c09cb68ad5,d7003aa7-7557-4e21-b9ce-73e4908e49a3,https://awrznjnofgmlqjiayhoi.supabase.co/storage/v1/object/public/yacht-images/new-yachts/d7003aa7-7557-4e21-b9ce-73e4908e49a3/d7003aa7-7557-4e21-b9ce-73e4908e49a3-7.jpg,new-yachts/d7003aa7-7557-4e21-b9ce-73e4908e49a3/d7003aa7-7557-4e21-b9ce-73e4908e49a3-7.jpg,7,2026-04-23 08:24:16.952885+00
25e1f8a8-c19a-4ca8-96a8-24323426ba25,eb4c00ef-9609-4812-b38a-eb3742333511,https://awrznjnofgmlqjiayhoi.supabase.co/storage/v1/object/public/yacht-images/new-yachts/eb4c00ef-9609-4812-b38a-eb3742333511/eb4c00ef-9609-4812-b38a-eb3742333511-6.jpg,new-yachts/eb4c00ef-9609-4812-b38a-eb3742333511/eb4c00ef-9609-4812-b38a-eb3742333511-6.jpg,6,2026-04-22 17:03:23.964258+00
25e2b176-410b-44b7-b2d8-e95920b9015b,5b8bf348-8319-4418-ad3e-0166da6ea16c,https://awrznjnofgmlqjiayhoi.supabase.co/storage/v1/object/public/yacht-images/new-yachts/5b8bf348-8319-4418-ad3e-0166da6ea16c/5b8bf348-8319-4418-ad3e-0166da6ea16c-5.webp,new-yachts/5b8bf348-8319-4418-ad3e-0166da6ea16c/5b8bf348-8319-4418-ad3e-0166da6ea16c-5.webp,5,2026-03-26 19:39:06.696377+00
26006771-c08c-47c0-a2ff-50260dd840af,3c394ac5-a52c-4c8d-b431-0eff672003b3,https://awrznjnofgmlqjiayhoi.supabase.co/storage/v1/object/public/yacht-images/new-yachts/3c394ac5-a52c-4c8d-b431-0eff672003b3/3c394ac5-a52c-4c8d-b431-0eff672003b3-2.jpg,new-yachts/3c394ac5-a52c-4c8d-b431-0eff672003b3/3c394ac5-a52c-4c8d-b431-0eff672003b3-2.jpg,2,2026-04-24 22:17:44.237336+00
264a3145-2032-45d1-810e-c6768fcf80f0,aa8c6101-eb69-4a45-94b2-eb80dc49a261,https://awrznjnofgmlqjiayhoi.supabase.co/storage/v1/object/public/yacht-images/new-yachts/aa8c6101-eb69-4a45-94b2-eb80dc49a261/aa8c6101-eb69-4a45-94b2-eb80dc49a261-8.jpg,new-yachts/aa8c6101-eb69-4a45-94b2-eb80dc49a261/aa8c6101-eb69-4a45-94b2-eb80dc49a261-8.jpg,8,2026-04-24 17:50:37.46159+00
264f939d-508c-4524-b013-ef7f91c792dc,671a273a-9c01-40cb-ba3a-a05127d28885,https://awrznjnofgmlqjiayhoi.supabase.co/storage/v1/object/public/yacht-images/new-yachts/671a273a-9c01-40cb-ba3a-a05127d28885/671a273a-9c01-40cb-ba3a-a05127d28885-3.jpg,new-yachts/671a273a-9c01-40cb-ba3a-a05127d28885/671a273a-9c01-40cb-ba3a-a05127d28885-3.jpg,3,2026-04-22 17:04:52.160376+00
267467c6-887a-4b84-ba77-6f6c7af281a9,ca11d0bc-19db-4d7f-965d-da4a896b189a,https://awrznjnofgmlqjiayhoi.supabase.co/storage/v1/object/public/yacht-images/new-yachts/ca11d0bc-19db-4d7f-965d-da4a896b189a/ca11d0bc-19db-4d7f-965d-da4a896b189a-5.webp,new-yachts/ca11d0bc-19db-4d7f-965d-da4a896b189a/ca11d0bc-19db-4d7f-965d-da4a896b189a-5.webp,5,2026-03-01 09:48:13.700629+00
268574cc-d312-4149-a137-5dae961cd24b,39b52f16-b578-4028-8bae-27a9af3df2ae,https://awrznjnofgmlqjiayhoi.supabase.co/storage/v1/object/public/yacht-images/new-yachts/39b52f16-b578-4028-8bae-27a9af3df2ae/39b52f16-b578-4028-8bae-27a9af3df2ae-6.jpg,new-yachts/39b52f16-b578-4028-8bae-27a9af3df2ae/39b52f16-b578-4028-8bae-27a9af3df2ae-6.jpg,6,2026-04-22 17:18:06.194834+00
26a6e1d6-5f23-4158-bcc3-cc7944a682ce,a4759571-4e3b-46b6-a622-05cfe4987629,https://awrznjnofgmlqjiayhoi.supabase.co/storage/v1/object/public/yacht-images/new-yachts/a4759571-4e3b-46b6-a622-05cfe4987629/a4759571-4e3b-46b6-a622-05cfe4987629-1.jpg,new-yachts/a4759571-4e3b-46b6-a622-05cfe4987629/a4759571-4e3b-46b6-a622-05cfe4987629-1.jpg,1,2026-04-24 22:50:18.252909+00
26c832f8-058f-4c29-be9c-487ba5453c9c,a69e6979-5e73-4103-bb42-941d87b3fb36,https://awrznjnofgmlqjiayhoi.supabase.co/storage/v1/object/public/yacht-images/new-yachts/a69e6979-5e73-4103-bb42-941d87b3fb36/a69e6979-5e73-4103-bb42-941d87b3fb36-5.webp,new-yachts/a69e6979-5e73-4103-bb42-941d87b3fb36/a69e6979-5e73-4103-bb42-941d87b3fb36-5.webp,5,2026-03-26 21:18:11.62743+00
26d31fc9-55ac-4217-9c90-908bf7bd1504,71152f00-7193-453c-9187-3cac259a9afe,https://awrznjnofgmlqjiayhoi.supabase.co/storage/v1/object/public/yacht-images/new-yachts/71152f00-7193-453c-9187-3cac259a9afe/71152f00-7193-453c-9187-3cac259a9afe-7.jpg,new-yachts/71152f00-7193-453c-9187-3cac259a9afe/71152f00-7193-453c-9187-3cac259a9afe-7.jpg,7,2026-04-22 16:20:49.158365+00
26e96c53-dcdd-4652-a803-993b9c2f85c1,4c428a0f-213e-4899-b826-1f110b9fee53,https://awrznjnofgmlqjiayhoi.supabase.co/storage/v1/object/public/yacht-images/new-yachts/4c428a0f-213e-4899-b826-1f110b9fee53/4c428a0f-213e-4899-b826-1f110b9fee53-3.jpg,new-yachts/4c428a0f-213e-4899-b826-1f110b9fee53/4c428a0f-213e-4899-b826-1f110b9fee53-3.jpg,3,2026-04-23 09:23:14.212287+00
26f4843f-9dcf-41b7-b3fb-adf3135f0af4,e3ed0b65-11ce-434b-b654-3450349c0ac2,https://awrznjnofgmlqjiayhoi.supabase.co/storage/v1/object/public/yacht-images/new-yachts/e3ed0b65-11ce-434b-b654-3450349c0ac2/e3ed0b65-11ce-434b-b654-3450349c0ac2-8.jpg,new-yachts/e3ed0b65-11ce-434b-b654-3450349c0ac2/e3ed0b65-11ce-434b-b654-3450349c0ac2-8.jpg,8,2026-04-22 17:28:19.919189+00
26fe192f-465f-4e20-9b9e-1cf663a01eb6,a54bba97-e7af-453a-bfaf-6fa33d98faba,https://awrznjnofgmlqjiayhoi.supabase.co/storage/v1/object/public/yacht-images/new-yachts/a54bba97-e7af-453a-bfaf-6fa33d98faba/a54bba97-e7af-453a-bfaf-6fa33d98faba-7.jpg,new-yachts/a54bba97-e7af-453a-bfaf-6fa33d98faba/a54bba97-e7af-453a-bfaf-6fa33d98faba-7.jpg,7,2026-04-22 18:31:33.158528+00
270c7710-8b48-4130-a0a2-7ea021aca1b9,1073dc8e-89c9-4598-a274-70645e470923,https://awrznjnofgmlqjiayhoi.supabase.co/storage/v1/object/public/yacht-images/new-yachts/1073dc8e-89c9-4598-a274-70645e470923/1073dc8e-89c9-4598-a274-70645e470923-5.jpg,new-yachts/1073dc8e-89c9-4598-a274-70645e470923/1073dc8e-89c9-4598-a274-70645e470923-5.jpg,5,2026-04-24 00:10:44.668913+00
27145018-d467-4990-baf7-9323ee1dd6ca,0e541ad4-8295-4b8e-87e1-847060de50a8,https://awrznjnofgmlqjiayhoi.supabase.co/storage/v1/object/public/yacht-images/new-yachts/0e541ad4-8295-4b8e-87e1-847060de50a8/0e541ad4-8295-4b8e-87e1-847060de50a8-11.jpg,new-yachts/0e541ad4-8295-4b8e-87e1-847060de50a8/0e541ad4-8295-4b8e-87e1-847060de50a8-11.jpg,11,2026-04-22 16:29:51.396426+00
2736c493-3728-434b-82be-a7bea51275f3,7003d27f-6b57-46b0-a81b-704b45d99e4b,https://awrznjnofgmlqjiayhoi.supabase.co/storage/v1/object/public/yacht-images/new-yachts/7003d27f-6b57-46b0-a81b-704b45d99e4b/7003d27f-6b57-46b0-a81b-704b45d99e4b-9.jpg,new-yachts/7003d27f-6b57-46b0-a81b-704b45d99e4b/7003d27f-6b57-46b0-a81b-704b45d99e4b-9.jpg,9,2026-04-23 23:58:01.663655+00
274d8c57-d759-4432-8975-3238722b9f5d,b71e779a-40eb-4110-b871-8d24a227e42f,https://awrznjnofgmlqjiayhoi.supabase.co/storage/v1/object/public/yacht-images/new-yachts/b71e779a-40eb-4110-b871-8d24a227e42f/b71e779a-40eb-4110-b871-8d24a227e42f-5.jpg,new-yachts/b71e779a-40eb-4110-b871-8d24a227e42f/b71e779a-40eb-4110-b871-8d24a227e42f-5.jpg,5,2026-04-24 18:50:23.842391+00
2757236c-e06a-4ee2-a390-5fe6d6768096,cadd3216-79f0-42b7-9c76-190f169be432,https://awrznjnofgmlqjiayhoi.supabase.co/storage/v1/object/public/yacht-images/new-yachts/cadd3216-79f0-42b7-9c76-190f169be432/cadd3216-79f0-42b7-9c76-190f169be432-10.jpg,new-yachts/cadd3216-79f0-42b7-9c76-190f169be432/cadd3216-79f0-42b7-9c76-190f169be432-10.jpg,10,2026-04-22 15:07:12.662377+00
2766a241-0f4a-4023-bca0-77523fcbceb4,5571b971-bc7b-4c6f-ba4e-1b2beef70fe0,https://awrznjnofgmlqjiayhoi.supabase.co/storage/v1/object/public/yacht-images/new-yachts/5571b971-bc7b-4c6f-ba4e-1b2beef70fe0/5571b971-bc7b-4c6f-ba4e-1b2beef70fe0-8.jpg,new-yachts/5571b971-bc7b-4c6f-ba4e-1b2beef70fe0/5571b971-bc7b-4c6f-ba4e-1b2beef70fe0-8.jpg,8,2026-04-23 10:17:03.21719+00
276b4354-f3b6-4985-82fd-abc6f2ae0b18,81905b1b-c4c4-4345-aaf6-8e7152bfae48,https://awrznjnofgmlqjiayhoi.supabase.co/storage/v1/object/public/yacht-images/new-yachts/81905b1b-c4c4-4345-aaf6-8e7152bfae48/81905b1b-c4c4-4345-aaf6-8e7152bfae48-7.jpg,new-yachts/81905b1b-c4c4-4345-aaf6-8e7152bfae48/81905b1b-c4c4-4345-aaf6-8e7152bfae48-7.jpg,7,2026-04-22 17:09:06.394+00
277612ca-a23a-46e3-9cd3-d7804295d4d0,75597bbd-243f-42fd-a534-fdeca57e3c9c,https://awrznjnofgmlqjiayhoi.supabase.co/storage/v1/object/public/yacht-images/new-yachts/75597bbd-243f-42fd-a534-fdeca57e3c9c/75597bbd-243f-42fd-a534-fdeca57e3c9c-4.jpg,new-yachts/75597bbd-243f-42fd-a534-fdeca57e3c9c/75597bbd-243f-42fd-a534-fdeca57e3c9c-4.jpg,4,2026-04-24 00:18:09.898304+00
27789dfa-4c47-43dc-8566-caf45b101c26,8077c30c-b54a-4554-9574-20b30ac55af9,https://awrznjnofgmlqjiayhoi.supabase.co/storage/v1/object/public/yacht-images/new-yachts/8077c30c-b54a-4554-9574-20b30ac55af9/8077c30c-b54a-4554-9574-20b30ac55af9-9.jpg,new-yachts/8077c30c-b54a-4554-9574-20b30ac55af9/8077c30c-b54a-4554-9574-20b30ac55af9-9.jpg,9,2026-04-22 18:14:23.879335+00
2797291f-b7f3-4d0f-8b99-0d7c96696976,df67c4de-872b-425c-8adc-b85469ae16dd,https://awrznjnofgmlqjiayhoi.supabase.co/storage/v1/object/public/yacht-images/new-yachts/df67c4de-872b-425c-8adc-b85469ae16dd/df67c4de-872b-425c-8adc-b85469ae16dd-1.jpg,new-yachts/df67c4de-872b-425c-8adc-b85469ae16dd/df67c4de-872b-425c-8adc-b85469ae16dd-1.jpg,1,2026-04-24 21:58:16.226827+00
279acef4-5dc5-40f0-9d05-46d9cdae7f33,62d68832-feb4-47c4-abf4-5ed5ac0ab054,https://awrznjnofgmlqjiayhoi.supabase.co/storage/v1/object/public/yacht-images/new-yachts/62d68832-feb4-47c4-abf4-5ed5ac0ab054/62d68832-feb4-47c4-abf4-5ed5ac0ab054-7.jpg,new-yachts/62d68832-feb4-47c4-abf4-5ed5ac0ab054/62d68832-feb4-47c4-abf4-5ed5ac0ab054-7.jpg,7,2026-04-22 18:16:33.873051+00
27c97fc8-73ef-4c41-a74a-50321f5e35f0,7a218c13-b279-49d9-8ee4-bec942046f18,https://awrznjnofgmlqjiayhoi.supabase.co/storage/v1/object/public/yacht-images/new-yachts/7a218c13-b279-49d9-8ee4-bec942046f18/7a218c13-b279-49d9-8ee4-bec942046f18-7.jpg,new-yachts/7a218c13-b279-49d9-8ee4-bec942046f18/7a218c13-b279-49d9-8ee4-bec942046f18-7.jpg,7,2026-04-23 13:00:04.245825+00
27d2b340-0322-4393-acc9-8ad2cc3e9999,1646a0a5-5fa5-410b-8b32-7ade84fab230,https://awrznjnofgmlqjiayhoi.supabase.co/storage/v1/object/public/yacht-images/new-yachts/1646a0a5-5fa5-410b-8b32-7ade84fab230/1646a0a5-5fa5-410b-8b32-7ade84fab230-11.jpg,new-yachts/1646a0a5-5fa5-410b-8b32-7ade84fab230/1646a0a5-5fa5-410b-8b32-7ade84fab230-11.jpg,11,2026-04-24 00:44:43.969021+00
28293dd2-10fe-4517-a687-3e432f1abb1a,68c062bb-e891-4c5a-8aa5-c2f096bff908,https://awrznjnofgmlqjiayhoi.supabase.co/storage/v1/object/public/yacht-images/new-yachts/68c062bb-e891-4c5a-8aa5-c2f096bff908/68c062bb-e891-4c5a-8aa5-c2f096bff908-9.jpg,new-yachts/68c062bb-e891-4c5a-8aa5-c2f096bff908/68c062bb-e891-4c5a-8aa5-c2f096bff908-9.jpg,9,2026-04-22 16:11:22.108181+00
282d19a3-b17f-4e68-8996-db416cdb5f0d,5d1d0fd5-44d0-434f-a273-fcfaa436c374,https://awrznjnofgmlqjiayhoi.supabase.co/storage/v1/object/public/yacht-images/new-yachts/5d1d0fd5-44d0-434f-a273-fcfaa436c374/5d1d0fd5-44d0-434f-a273-fcfaa436c374-update-1773151931635-2.jpg,new-yachts/5d1d0fd5-44d0-434f-a273-fcfaa436c374/5d1d0fd5-44d0-434f-a273-fcfaa436c374-update-1773151931635-2.jpg,2,2026-03-10 14:12:12.469335+00
282d6aaf-087c-409e-ae7d-aff643888e9b,370c34aa-94d0-43d9-8609-7cb172eaa603,https://awrznjnofgmlqjiayhoi.supabase.co/storage/v1/object/public/yacht-images/new-yachts/370c34aa-94d0-43d9-8609-7cb172eaa603/370c34aa-94d0-43d9-8609-7cb172eaa603-9.jpg,new-yachts/370c34aa-94d0-43d9-8609-7cb172eaa603/370c34aa-94d0-43d9-8609-7cb172eaa603-9.jpg,9,2026-04-24 00:19:45.498677+00
28b2d84c-7827-472f-ba8c-20c705c53a52,7db06b92-897d-47e6-a070-0b270a5b6d03,https://awrznjnofgmlqjiayhoi.supabase.co/storage/v1/object/public/yacht-images/new-yachts/7db06b92-897d-47e6-a070-0b270a5b6d03/7db06b92-897d-47e6-a070-0b270a5b6d03-3.jpg,new-yachts/7db06b92-897d-47e6-a070-0b270a5b6d03/7db06b92-897d-47e6-a070-0b270a5b6d03-3.jpg,3,2026-04-22 18:45:55.800421+00
28bf4e9d-f8fb-4a58-8d3f-31fbb0f0d099,f5d60854-b6fa-4fc1-b3f2-8e6adb8a393e,https://awrznjnofgmlqjiayhoi.supabase.co/storage/v1/object/public/yacht-images/new-yachts/f5d60854-b6fa-4fc1-b3f2-8e6adb8a393e/f5d60854-b6fa-4fc1-b3f2-8e6adb8a393e-4.jpg,new-yachts/f5d60854-b6fa-4fc1-b3f2-8e6adb8a393e/f5d60854-b6fa-4fc1-b3f2-8e6adb8a393e-4.jpg,4,2026-04-22 18:50:23.277978+00
290bc611-ef9e-44b2-b808-434069c2d3b3,b2cf654e-3d47-4d8a-893e-cccecaa359ac,https://awrznjnofgmlqjiayhoi.supabase.co/storage/v1/object/public/yacht-images/new-yachts/b2cf654e-3d47-4d8a-893e-cccecaa359ac/b2cf654e-3d47-4d8a-893e-cccecaa359ac-10.jpg,new-yachts/b2cf654e-3d47-4d8a-893e-cccecaa359ac/b2cf654e-3d47-4d8a-893e-cccecaa359ac-10.jpg,10,2026-04-22 18:10:18.762468+00
2938cad4-e040-4d77-ad28-c4cde9b69a56,370c34aa-94d0-43d9-8609-7cb172eaa603,https://awrznjnofgmlqjiayhoi.supabase.co/storage/v1/object/public/yacht-images/new-yachts/370c34aa-94d0-43d9-8609-7cb172eaa603/370c34aa-94d0-43d9-8609-7cb172eaa603-1.jpg,new-yachts/370c34aa-94d0-43d9-8609-7cb172eaa603/370c34aa-94d0-43d9-8609-7cb172eaa603-1.jpg,1,2026-04-24 00:19:39.065018+00
2952e17e-cee8-4304-9ed5-7797882d2074,2202596a-f8b5-44c3-ab52-6f4d6cfc8522,https://awrznjnofgmlqjiayhoi.supabase.co/storage/v1/object/public/yacht-images/new-yachts/2202596a-f8b5-44c3-ab52-6f4d6cfc8522/2202596a-f8b5-44c3-ab52-6f4d6cfc8522-7.jpg,new-yachts/2202596a-f8b5-44c3-ab52-6f4d6cfc8522/2202596a-f8b5-44c3-ab52-6f4d6cfc8522-7.jpg,7,2026-04-22 17:24:58.169832+00
29604835-d9cb-47bf-818d-91c3575e6f6f,29681b23-bcb9-4d30-937c-5e1b61f98be0,https://awrznjnofgmlqjiayhoi.supabase.co/storage/v1/object/public/yacht-images/new-yachts/29681b23-bcb9-4d30-937c-5e1b61f98be0/29681b23-bcb9-4d30-937c-5e1b61f98be0-6.webp,new-yachts/29681b23-bcb9-4d30-937c-5e1b61f98be0/29681b23-bcb9-4d30-937c-5e1b61f98be0-6.webp,6,2026-03-26 21:26:43.71773+00
2962ab1e-f05e-45ee-a619-0e3a25f33b10,e3ed0b65-11ce-434b-b654-3450349c0ac2,https://awrznjnofgmlqjiayhoi.supabase.co/storage/v1/object/public/yacht-images/new-yachts/e3ed0b65-11ce-434b-b654-3450349c0ac2/e3ed0b65-11ce-434b-b654-3450349c0ac2-3.jpg,new-yachts/e3ed0b65-11ce-434b-b654-3450349c0ac2/e3ed0b65-11ce-434b-b654-3450349c0ac2-3.jpg,3,2026-04-22 17:28:16.352984+00
296375a2-482b-46be-b95a-8f3e71984e25,a6460b88-dc2d-48c2-af4f-f2b01260ae26,https://awrznjnofgmlqjiayhoi.supabase.co/storage/v1/object/public/yacht-images/new-yachts/a6460b88-dc2d-48c2-af4f-f2b01260ae26/a6460b88-dc2d-48c2-af4f-f2b01260ae26-11.jpg,new-yachts/a6460b88-dc2d-48c2-af4f-f2b01260ae26/a6460b88-dc2d-48c2-af4f-f2b01260ae26-11.jpg,11,2026-04-23 08:50:30.247043+00
297363d1-6c59-449b-beb1-7fe74c09ece7,338ef555-03ad-4c67-8ebd-8457ce40ca9e,https://awrznjnofgmlqjiayhoi.supabase.co/storage/v1/object/public/yacht-images/new-yachts/338ef555-03ad-4c67-8ebd-8457ce40ca9e/338ef555-03ad-4c67-8ebd-8457ce40ca9e-1.jpg,new-yachts/338ef555-03ad-4c67-8ebd-8457ce40ca9e/338ef555-03ad-4c67-8ebd-8457ce40ca9e-1.jpg,1,2026-04-24 00:46:19.674634+00
2992edaa-0cc4-46ce-9aa6-253bea12b04e,bab48513-ac52-49e5-b77f-754867d91fee,https://awrznjnofgmlqjiayhoi.supabase.co/storage/v1/object/public/yacht-images/new-yachts/bab48513-ac52-49e5-b77f-754867d91fee/bab48513-ac52-49e5-b77f-754867d91fee-10.jpg,new-yachts/bab48513-ac52-49e5-b77f-754867d91fee/bab48513-ac52-49e5-b77f-754867d91fee-10.jpg,10,2026-04-24 15:54:13.401458+00
2993964a-d929-4541-bd23-592c3f8363e9,e9027657-7dcb-4ff3-993b-ee589e17b607,https://awrznjnofgmlqjiayhoi.supabase.co/storage/v1/object/public/yacht-images/new-yachts/e9027657-7dcb-4ff3-993b-ee589e17b607/e9027657-7dcb-4ff3-993b-ee589e17b607-3.jpg,new-yachts/e9027657-7dcb-4ff3-993b-ee589e17b607/e9027657-7dcb-4ff3-993b-ee589e17b607-3.jpg,3,2026-04-23 09:00:14.578278+00
29add08e-ac08-40a6-a501-b5ffac1d299d,23369539-310c-42d9-8d1a-c7fe6778be22,https://awrznjnofgmlqjiayhoi.supabase.co/storage/v1/object/public/yacht-images/new-yachts/23369539-310c-42d9-8d1a-c7fe6778be22/23369539-310c-42d9-8d1a-c7fe6778be22-1.jpg,new-yachts/23369539-310c-42d9-8d1a-c7fe6778be22/23369539-310c-42d9-8d1a-c7fe6778be22-1.jpg,1,2026-04-23 23:28:51.671376+00
29ce2787-f0e5-4805-9e95-33626ae8a11b,3c394ac5-a52c-4c8d-b431-0eff672003b3,https://awrznjnofgmlqjiayhoi.supabase.co/storage/v1/object/public/yacht-images/new-yachts/3c394ac5-a52c-4c8d-b431-0eff672003b3/3c394ac5-a52c-4c8d-b431-0eff672003b3-10.jpg,new-yachts/3c394ac5-a52c-4c8d-b431-0eff672003b3/3c394ac5-a52c-4c8d-b431-0eff672003b3-10.jpg,10,2026-04-24 22:17:49.722316+00
29f01091-de05-4ef3-a0ca-3f2f16888bc7,1789ce0b-b617-4357-911e-6152f2799f45,https://awrznjnofgmlqjiayhoi.supabase.co/storage/v1/object/public/yacht-images/new-yachts/1789ce0b-b617-4357-911e-6152f2799f45/1789ce0b-b617-4357-911e-6152f2799f45-6.jpg,new-yachts/1789ce0b-b617-4357-911e-6152f2799f45/1789ce0b-b617-4357-911e-6152f2799f45-6.jpg,6,2026-04-24 00:00:53.212167+00
2a16aedb-18f6-4cc2-84d7-da7a06aad510,34a9704a-6e5d-48ab-9f0d-7b4fa78fb240,https://awrznjnofgmlqjiayhoi.supabase.co/storage/v1/object/public/yacht-images/new-yachts/34a9704a-6e5d-48ab-9f0d-7b4fa78fb240/34a9704a-6e5d-48ab-9f0d-7b4fa78fb240-10.jpg,new-yachts/34a9704a-6e5d-48ab-9f0d-7b4fa78fb240/34a9704a-6e5d-48ab-9f0d-7b4fa78fb240-10.jpg,10,2026-04-22 18:17:51.404296+00
2a63a4b0-fe92-4958-8e31-31bf145d3c86,d7003aa7-7557-4e21-b9ce-73e4908e49a3,https://awrznjnofgmlqjiayhoi.supabase.co/storage/v1/object/public/yacht-images/new-yachts/d7003aa7-7557-4e21-b9ce-73e4908e49a3/d7003aa7-7557-4e21-b9ce-73e4908e49a3-8.jpg,new-yachts/d7003aa7-7557-4e21-b9ce-73e4908e49a3/d7003aa7-7557-4e21-b9ce-73e4908e49a3-8.jpg,8,2026-04-23 08:24:17.542643+00
2aa907e6-ba4a-405e-bb30-f96d2e5f5a7f,20d0e3b6-8f8c-442c-84b9-d6b0ec964c8d,https://awrznjnofgmlqjiayhoi.supabase.co/storage/v1/object/public/yacht-images/new-yachts/20d0e3b6-8f8c-442c-84b9-d6b0ec964c8d/20d0e3b6-8f8c-442c-84b9-d6b0ec964c8d-1.jpg,new-yachts/20d0e3b6-8f8c-442c-84b9-d6b0ec964c8d/20d0e3b6-8f8c-442c-84b9-d6b0ec964c8d-1.jpg,1,2026-04-22 16:23:01.912014+00
2ab3f017-feb1-420f-b9b4-2548018c0ce7,032e6c07-1353-4bf5-8770-311b7c1e4d9e,https://awrznjnofgmlqjiayhoi.supabase.co/storage/v1/object/public/yacht-images/new-yachts/032e6c07-1353-4bf5-8770-311b7c1e4d9e/032e6c07-1353-4bf5-8770-311b7c1e4d9e-11.jpg,new-yachts/032e6c07-1353-4bf5-8770-311b7c1e4d9e/032e6c07-1353-4bf5-8770-311b7c1e4d9e-11.jpg,11,2026-04-24 22:18:56.675629+00
2af524f6-0c9d-4538-a346-cb0ec271581a,d3b00e8b-5743-46d3-9660-80b6783e38ad,https://awrznjnofgmlqjiayhoi.supabase.co/storage/v1/object/public/yacht-images/new-yachts/d3b00e8b-5743-46d3-9660-80b6783e38ad/d3b00e8b-5743-46d3-9660-80b6783e38ad-1.jpg,new-yachts/d3b00e8b-5743-46d3-9660-80b6783e38ad/d3b00e8b-5743-46d3-9660-80b6783e38ad-1.jpg,1,2026-04-23 23:40:15.956296+00
2b05652d-0b75-4f36-9122-90b6999da5b7,40ad641d-8678-4762-ae92-ed4a9b0cb3b9,https://awrznjnofgmlqjiayhoi.supabase.co/storage/v1/object/public/yacht-images/new-yachts/40ad641d-8678-4762-ae92-ed4a9b0cb3b9/40ad641d-8678-4762-ae92-ed4a9b0cb3b9-8.jpg,new-yachts/40ad641d-8678-4762-ae92-ed4a9b0cb3b9/40ad641d-8678-4762-ae92-ed4a9b0cb3b9-8.jpg,8,2026-04-23 09:17:39.132487+00
2b194795-383d-4908-ae47-9e6d14f9cbd3,d7003aa7-7557-4e21-b9ce-73e4908e49a3,https://awrznjnofgmlqjiayhoi.supabase.co/storage/v1/object/public/yacht-images/new-yachts/d7003aa7-7557-4e21-b9ce-73e4908e49a3/d7003aa7-7557-4e21-b9ce-73e4908e49a3-6.jpg,new-yachts/d7003aa7-7557-4e21-b9ce-73e4908e49a3/d7003aa7-7557-4e21-b9ce-73e4908e49a3-6.jpg,6,2026-04-23 08:24:16.369611+00
2b1f8cb6-6a45-473f-a6d4-a259a851fcf3,1646a0a5-5fa5-410b-8b32-7ade84fab230,https://awrznjnofgmlqjiayhoi.supabase.co/storage/v1/object/public/yacht-images/new-yachts/1646a0a5-5fa5-410b-8b32-7ade84fab230/1646a0a5-5fa5-410b-8b32-7ade84fab230-10.jpg,new-yachts/1646a0a5-5fa5-410b-8b32-7ade84fab230/1646a0a5-5fa5-410b-8b32-7ade84fab230-10.jpg,10,2026-04-24 00:44:43.01482+00
2b2c404a-5353-4825-8123-8ef365351b8a,09a650f0-cd9d-4633-b0d5-cf777d3c2b64,https://awrznjnofgmlqjiayhoi.supabase.co/storage/v1/object/public/yacht-images/new-yachts/09a650f0-cd9d-4633-b0d5-cf777d3c2b64/09a650f0-cd9d-4633-b0d5-cf777d3c2b64-7.jpg,new-yachts/09a650f0-cd9d-4633-b0d5-cf777d3c2b64/09a650f0-cd9d-4633-b0d5-cf777d3c2b64-7.jpg,7,2026-04-22 18:30:39.228723+00
2b3fb439-4e4f-4ccc-bbe3-de858382f214,0c015923-44a5-4de2-8d0c-532e76fc17c7,https://awrznjnofgmlqjiayhoi.supabase.co/storage/v1/object/public/yacht-images/new-yachts/0c015923-44a5-4de2-8d0c-532e76fc17c7/0c015923-44a5-4de2-8d0c-532e76fc17c7-2.jpg,new-yachts/0c015923-44a5-4de2-8d0c-532e76fc17c7/0c015923-44a5-4de2-8d0c-532e76fc17c7-2.jpg,2,2026-04-22 16:25:12.543328+00
2b55e95f-c3dc-4f5d-9a8e-7db1462f2e0c,d43803e9-b003-4476-8e95-055499dd2f2f,https://awrznjnofgmlqjiayhoi.supabase.co/storage/v1/object/public/yacht-images/new-yachts/d43803e9-b003-4476-8e95-055499dd2f2f/d43803e9-b003-4476-8e95-055499dd2f2f-8.jpg,new-yachts/d43803e9-b003-4476-8e95-055499dd2f2f/d43803e9-b003-4476-8e95-055499dd2f2f-8.jpg,8,2026-04-22 18:08:56.3394+00
2b63b986-cea7-45d8-8741-fdba492c60e1,036b38ca-3c40-46d2-a5eb-0f44fd933ae7,https://awrznjnofgmlqjiayhoi.supabase.co/storage/v1/object/public/yacht-images/new-yachts/036b38ca-3c40-46d2-a5eb-0f44fd933ae7/036b38ca-3c40-46d2-a5eb-0f44fd933ae7-4.jpg,new-yachts/036b38ca-3c40-46d2-a5eb-0f44fd933ae7/036b38ca-3c40-46d2-a5eb-0f44fd933ae7-4.jpg,4,2026-04-23 12:55:24.302567+00
2b89b9d3-cb59-40c8-b4dc-8a079ff80b8a,8d7a0fc8-4b08-4d64-8427-2d433e120720,https://awrznjnofgmlqjiayhoi.supabase.co/storage/v1/object/public/yacht-images/new-yachts/8d7a0fc8-4b08-4d64-8427-2d433e120720/8d7a0fc8-4b08-4d64-8427-2d433e120720-7.jpg,new-yachts/8d7a0fc8-4b08-4d64-8427-2d433e120720/8d7a0fc8-4b08-4d64-8427-2d433e120720-7.jpg,7,2026-04-23 10:14:03.293481+00
2bd62692-2572-4b41-93ab-0fbedaa2191f,1c9c5021-243c-4924-8493-30151cb88f63,https://awrznjnofgmlqjiayhoi.supabase.co/storage/v1/object/public/yacht-images/new-yachts/1c9c5021-243c-4924-8493-30151cb88f63/1c9c5021-243c-4924-8493-30151cb88f63-6.jpg,new-yachts/1c9c5021-243c-4924-8493-30151cb88f63/1c9c5021-243c-4924-8493-30151cb88f63-6.jpg,6,2026-04-22 18:05:17.229728+00
2becdd06-247f-4334-904c-50b927d3fb26,942682e5-0ff5-4cab-af32-707ca61c402c,https://awrznjnofgmlqjiayhoi.supabase.co/storage/v1/object/public/yacht-images/new-yachts/942682e5-0ff5-4cab-af32-707ca61c402c/942682e5-0ff5-4cab-af32-707ca61c402c-7.jpg,new-yachts/942682e5-0ff5-4cab-af32-707ca61c402c/942682e5-0ff5-4cab-af32-707ca61c402c-7.jpg,7,2026-04-08 10:24:56.325667+00
2bf2f5ec-e4ae-4c85-afa4-e6add777ef26,f9904641-715e-47d0-a6b0-3b971b5da052,https://awrznjnofgmlqjiayhoi.supabase.co/storage/v1/object/public/yacht-images/new-yachts/f9904641-715e-47d0-a6b0-3b971b5da052/f9904641-715e-47d0-a6b0-3b971b5da052-11.jpg,new-yachts/f9904641-715e-47d0-a6b0-3b971b5da052/f9904641-715e-47d0-a6b0-3b971b5da052-11.jpg,11,2026-04-22 17:58:06.874117+00
2c206415-e94a-45ec-9c32-3c152e94d114,31a517e0-a08d-4a26-ac29-7d15135d7cb3,https://awrznjnofgmlqjiayhoi.supabase.co/storage/v1/object/public/yacht-images/new-yachts/31a517e0-a08d-4a26-ac29-7d15135d7cb3/31a517e0-a08d-4a26-ac29-7d15135d7cb3-2.webp,new-yachts/31a517e0-a08d-4a26-ac29-7d15135d7cb3/31a517e0-a08d-4a26-ac29-7d15135d7cb3-2.webp,2,2026-03-26 22:03:28.519062+00
2c313aa4-c105-43ff-a6d9-6089f2ae6328,42444d77-7aaa-4f43-a408-c57aedf79d13,https://awrznjnofgmlqjiayhoi.supabase.co/storage/v1/object/public/yacht-images/new-yachts/42444d77-7aaa-4f43-a408-c57aedf79d13/42444d77-7aaa-4f43-a408-c57aedf79d13-1.jpg,new-yachts/42444d77-7aaa-4f43-a408-c57aedf79d13/42444d77-7aaa-4f43-a408-c57aedf79d13-1.jpg,1,2026-04-23 19:09:13.642328+00
2c33615d-ab79-4011-8855-9cd341afa7a4,d85e9a27-4ab1-4bd7-965e-f9d60c543317,https://awrznjnofgmlqjiayhoi.supabase.co/storage/v1/object/public/yacht-images/new-yachts/d85e9a27-4ab1-4bd7-965e-f9d60c543317/d85e9a27-4ab1-4bd7-965e-f9d60c543317-1.webp,new-yachts/d85e9a27-4ab1-4bd7-965e-f9d60c543317/d85e9a27-4ab1-4bd7-965e-f9d60c543317-1.webp,1,2026-03-12 20:51:33.698738+00
2c3ad1f1-fe4e-4da6-990a-aabc82b89598,44637863-e1b1-4505-9f38-065853e6693c,https://awrznjnofgmlqjiayhoi.supabase.co/storage/v1/object/public/yacht-images/new-yachts/44637863-e1b1-4505-9f38-065853e6693c/44637863-e1b1-4505-9f38-065853e6693c-6.jpg,new-yachts/44637863-e1b1-4505-9f38-065853e6693c/44637863-e1b1-4505-9f38-065853e6693c-6.jpg,6,2026-04-22 15:15:26.007769+00
2c47072b-2af2-45f5-b159-44d63a6ce0ae,4946a8d3-25c4-46a5-b04f-a79ff159ab15,https://awrznjnofgmlqjiayhoi.supabase.co/storage/v1/object/public/yacht-images/new-yachts/4946a8d3-25c4-46a5-b04f-a79ff159ab15/4946a8d3-25c4-46a5-b04f-a79ff159ab15-9.jpg,new-yachts/4946a8d3-25c4-46a5-b04f-a79ff159ab15/4946a8d3-25c4-46a5-b04f-a79ff159ab15-9.jpg,9,2026-04-24 00:38:50.278522+00
2c505af0-167e-4140-943d-f7a23e8cac2b,cadd3216-79f0-42b7-9c76-190f169be432,https://awrznjnofgmlqjiayhoi.supabase.co/storage/v1/object/public/yacht-images/new-yachts/cadd3216-79f0-42b7-9c76-190f169be432/cadd3216-79f0-42b7-9c76-190f169be432-3.jpg,new-yachts/cadd3216-79f0-42b7-9c76-190f169be432/cadd3216-79f0-42b7-9c76-190f169be432-3.jpg,3,2026-04-22 15:07:07.149091+00
2c81323e-bd90-4822-a4b3-b0a33bacd610,3ae371a3-e26d-4636-80b0-d7b349ba30eb,https://awrznjnofgmlqjiayhoi.supabase.co/storage/v1/object/public/yacht-images/new-yachts/3ae371a3-e26d-4636-80b0-d7b349ba30eb/3ae371a3-e26d-4636-80b0-d7b349ba30eb-1.webp,new-yachts/3ae371a3-e26d-4636-80b0-d7b349ba30eb/3ae371a3-e26d-4636-80b0-d7b349ba30eb-1.webp,1,2026-03-26 21:26:32.082491+00
2c8a810d-47d1-4bce-bea8-07b834b14396,42444d77-7aaa-4f43-a408-c57aedf79d13,https://awrznjnofgmlqjiayhoi.supabase.co/storage/v1/object/public/yacht-images/new-yachts/42444d77-7aaa-4f43-a408-c57aedf79d13/42444d77-7aaa-4f43-a408-c57aedf79d13-9.jpg,new-yachts/42444d77-7aaa-4f43-a408-c57aedf79d13/42444d77-7aaa-4f43-a408-c57aedf79d13-9.jpg,9,2026-04-23 19:09:20.284791+00
2cb11e1f-477d-4870-a684-380a7a14d1e3,d49fd6fe-849a-4007-937a-516892a4cdb9,https://awrznjnofgmlqjiayhoi.supabase.co/storage/v1/object/public/yacht-images/new-yachts/d49fd6fe-849a-4007-937a-516892a4cdb9/d49fd6fe-849a-4007-937a-516892a4cdb9-9.jpg,new-yachts/d49fd6fe-849a-4007-937a-516892a4cdb9/d49fd6fe-849a-4007-937a-516892a4cdb9-9.jpg,9,2026-04-23 08:33:21.339831+00
2d2ac74f-8287-428b-aaaa-1b0b59ec26a8,7a218c13-b279-49d9-8ee4-bec942046f18,https://awrznjnofgmlqjiayhoi.supabase.co/storage/v1/object/public/yacht-images/new-yachts/7a218c13-b279-49d9-8ee4-bec942046f18/7a218c13-b279-49d9-8ee4-bec942046f18-11.jpg,new-yachts/7a218c13-b279-49d9-8ee4-bec942046f18/7a218c13-b279-49d9-8ee4-bec942046f18-11.jpg,11,2026-04-23 13:00:08.230879+00
2d55891f-a41b-4858-a57f-9a7c2da05e3d,c8c5aac8-0250-456f-8eae-5c72e98aec4c,https://awrznjnofgmlqjiayhoi.supabase.co/storage/v1/object/public/yacht-images/new-yachts/c8c5aac8-0250-456f-8eae-5c72e98aec4c/c8c5aac8-0250-456f-8eae-5c72e98aec4c-6.jpg,new-yachts/c8c5aac8-0250-456f-8eae-5c72e98aec4c/c8c5aac8-0250-456f-8eae-5c72e98aec4c-6.jpg,6,2026-04-24 00:28:19.577703+00
2d705032-3e06-4dc4-8cd7-461e9a3107fb,cbd5ddc7-f07d-46a1-98b7-663b7e4c9432,https://awrznjnofgmlqjiayhoi.supabase.co/storage/v1/object/public/yacht-images/new-yachts/cbd5ddc7-f07d-46a1-98b7-663b7e4c9432/cbd5ddc7-f07d-46a1-98b7-663b7e4c9432-4.jpg,new-yachts/cbd5ddc7-f07d-46a1-98b7-663b7e4c9432/cbd5ddc7-f07d-46a1-98b7-663b7e4c9432-4.jpg,4,2026-04-23 12:57:21.576535+00
2d744a87-fb50-42b1-b372-eb7810c973d3,6691a397-12b2-4bec-9729-2e36bbeda61a,https://awrznjnofgmlqjiayhoi.supabase.co/storage/v1/object/public/yacht-images/new-yachts/6691a397-12b2-4bec-9729-2e36bbeda61a/6691a397-12b2-4bec-9729-2e36bbeda61a-3.jpg,new-yachts/6691a397-12b2-4bec-9729-2e36bbeda61a/6691a397-12b2-4bec-9729-2e36bbeda61a-3.jpg,3,2026-04-22 18:47:22.702122+00
2d7fcc90-b153-4589-97c1-4d55668644d0,181ed202-b6c2-4bd0-ac28-1d1f2115dea3,https://awrznjnofgmlqjiayhoi.supabase.co/storage/v1/object/public/yacht-images/new-yachts/181ed202-b6c2-4bd0-ac28-1d1f2115dea3/181ed202-b6c2-4bd0-ac28-1d1f2115dea3-4.jpg,new-yachts/181ed202-b6c2-4bd0-ac28-1d1f2115dea3/181ed202-b6c2-4bd0-ac28-1d1f2115dea3-4.jpg,4,2026-04-22 17:10:56.722692+00
2d9488c4-b385-4f0e-a4ad-a0b438f1697b,1042edff-4705-46d8-9b10-fb0968840aac,https://awrznjnofgmlqjiayhoi.supabase.co/storage/v1/object/public/yacht-images/new-yachts/1042edff-4705-46d8-9b10-fb0968840aac/1042edff-4705-46d8-9b10-fb0968840aac-4.webp,new-yachts/1042edff-4705-46d8-9b10-fb0968840aac/1042edff-4705-46d8-9b10-fb0968840aac-4.webp,4,2026-03-26 21:14:57.942224+00
2dc99812-f7c3-4f5e-849f-151696c8c628,173fb8d6-c365-471d-aa65-ae65f21664a3,https://awrznjnofgmlqjiayhoi.supabase.co/storage/v1/object/public/yacht-images/new-yachts/173fb8d6-c365-471d-aa65-ae65f21664a3/173fb8d6-c365-471d-aa65-ae65f21664a3-4.jpg,new-yachts/173fb8d6-c365-471d-aa65-ae65f21664a3/173fb8d6-c365-471d-aa65-ae65f21664a3-4.jpg,4,2026-04-22 18:36:14.674327+00
2dcc8e43-73fa-4f41-a0fc-4f90299ff23f,c94ca279-8bba-4a24-b161-a4b3ca384209,https://awrznjnofgmlqjiayhoi.supabase.co/storage/v1/object/public/yacht-images/new-yachts/c94ca279-8bba-4a24-b161-a4b3ca384209/c94ca279-8bba-4a24-b161-a4b3ca384209-4.webp,new-yachts/c94ca279-8bba-4a24-b161-a4b3ca384209/c94ca279-8bba-4a24-b161-a4b3ca384209-4.webp,4,2026-03-26 21:58:44.192401+00
2dcc9ff7-b1ad-4e9a-aaf9-116c1b28b8b6,2eb81586-9a48-4d27-8380-edf002eb08db,https://awrznjnofgmlqjiayhoi.supabase.co/storage/v1/object/public/yacht-images/new-yachts/2eb81586-9a48-4d27-8380-edf002eb08db/2eb81586-9a48-4d27-8380-edf002eb08db-5.jpg,new-yachts/2eb81586-9a48-4d27-8380-edf002eb08db/2eb81586-9a48-4d27-8380-edf002eb08db-5.jpg,5,2026-04-24 17:57:00.126457+00
2df15038-34aa-4f56-94b9-a7def2eefcbd,42444d77-7aaa-4f43-a408-c57aedf79d13,https://awrznjnofgmlqjiayhoi.supabase.co/storage/v1/object/public/yacht-images/new-yachts/42444d77-7aaa-4f43-a408-c57aedf79d13/42444d77-7aaa-4f43-a408-c57aedf79d13-8.jpg,new-yachts/42444d77-7aaa-4f43-a408-c57aedf79d13/42444d77-7aaa-4f43-a408-c57aedf79d13-8.jpg,8,2026-04-23 19:09:19.641392+00
2df30be0-070f-4adf-95e0-6e1703c01cf9,c5b0d543-c566-43ab-b8a7-1075c0144fa9,https://awrznjnofgmlqjiayhoi.supabase.co/storage/v1/object/public/yacht-images/new-yachts/c5b0d543-c566-43ab-b8a7-1075c0144fa9/c5b0d543-c566-43ab-b8a7-1075c0144fa9-9.jpg,new-yachts/c5b0d543-c566-43ab-b8a7-1075c0144fa9/c5b0d543-c566-43ab-b8a7-1075c0144fa9-9.jpg,9,2026-04-22 18:43:44.568921+00
2e2aa80d-f2aa-42bb-be91-d7885b05d14a,d15f9400-57d7-4e7e-8194-b1c06fe5f250,https://awrznjnofgmlqjiayhoi.supabase.co/storage/v1/object/public/yacht-images/new-yachts/d15f9400-57d7-4e7e-8194-b1c06fe5f250/d15f9400-57d7-4e7e-8194-b1c06fe5f250-7.jpg,new-yachts/d15f9400-57d7-4e7e-8194-b1c06fe5f250/d15f9400-57d7-4e7e-8194-b1c06fe5f250-7.jpg,7,2026-04-24 15:53:03.683719+00
2e2df210-a97e-4e4c-92aa-79aa6513b457,d7a436a7-e4ac-4cc0-8f1c-52374949f9ec,https://awrznjnofgmlqjiayhoi.supabase.co/storage/v1/object/public/yacht-images/new-yachts/d7a436a7-e4ac-4cc0-8f1c-52374949f9ec/d7a436a7-e4ac-4cc0-8f1c-52374949f9ec-5.webp,new-yachts/d7a436a7-e4ac-4cc0-8f1c-52374949f9ec/d7a436a7-e4ac-4cc0-8f1c-52374949f9ec-5.webp,5,2026-03-27 20:29:32.618271+00
2e8629f3-1f54-42f1-8dea-b0ad77ef405a,093e8300-40b1-41b7-ab55-f8d53889c761,https://awrznjnofgmlqjiayhoi.supabase.co/storage/v1/object/public/yacht-images/new-yachts/093e8300-40b1-41b7-ab55-f8d53889c761/093e8300-40b1-41b7-ab55-f8d53889c761-1.jpg,new-yachts/093e8300-40b1-41b7-ab55-f8d53889c761/093e8300-40b1-41b7-ab55-f8d53889c761-1.jpg,1,2026-03-24 19:32:09.327689+00
2e8f6042-dfbe-4c08-b03e-4f15969d794c,ca11d0bc-19db-4d7f-965d-da4a896b189a,https://awrznjnofgmlqjiayhoi.supabase.co/storage/v1/object/public/yacht-images/new-yachts/ca11d0bc-19db-4d7f-965d-da4a896b189a/ca11d0bc-19db-4d7f-965d-da4a896b189a-6.webp,new-yachts/ca11d0bc-19db-4d7f-965d-da4a896b189a/ca11d0bc-19db-4d7f-965d-da4a896b189a-6.webp,6,2026-03-01 09:48:14.077635+00
2ebec54a-f933-4f9e-a2fa-fee9854f304f,efab5d6c-7ff4-4641-8abb-e8196d7a9f3d,https://awrznjnofgmlqjiayhoi.supabase.co/storage/v1/object/public/yacht-images/new-yachts/efab5d6c-7ff4-4641-8abb-e8196d7a9f3d/efab5d6c-7ff4-4641-8abb-e8196d7a9f3d-10.jpg,new-yachts/efab5d6c-7ff4-4641-8abb-e8196d7a9f3d/efab5d6c-7ff4-4641-8abb-e8196d7a9f3d-10.jpg,10,2026-04-22 15:11:50.661706+00
2f0187bc-b511-4ae4-bf3f-b458090836a8,044f0cd0-401b-4f8f-b83f-727774222f6e,https://awrznjnofgmlqjiayhoi.supabase.co/storage/v1/object/public/yacht-images/new-yachts/044f0cd0-401b-4f8f-b83f-727774222f6e/044f0cd0-401b-4f8f-b83f-727774222f6e-3.jpg,new-yachts/044f0cd0-401b-4f8f-b83f-727774222f6e/044f0cd0-401b-4f8f-b83f-727774222f6e-3.jpg,3,2026-04-23 09:20:29.021124+00
2f12b4ec-c075-48f7-a827-fbc99c9990ca,9e9bce66-2b64-416a-89f1-5990e18004ce,https://awrznjnofgmlqjiayhoi.supabase.co/storage/v1/object/public/yacht-images/new-yachts/9e9bce66-2b64-416a-89f1-5990e18004ce/9e9bce66-2b64-416a-89f1-5990e18004ce-1.jpg,new-yachts/9e9bce66-2b64-416a-89f1-5990e18004ce/9e9bce66-2b64-416a-89f1-5990e18004ce-1.jpg,1,2026-03-27 20:22:42.110013+00
2f1bb10a-ba25-422c-914d-f187b5684d8b,b3f88d6a-810a-498e-b142-070a89081c74,https://awrznjnofgmlqjiayhoi.supabase.co/storage/v1/object/public/yacht-images/new-yachts/b3f88d6a-810a-498e-b142-070a89081c74/b3f88d6a-810a-498e-b142-070a89081c74-2.webp,new-yachts/b3f88d6a-810a-498e-b142-070a89081c74/b3f88d6a-810a-498e-b142-070a89081c74-2.webp,2,2026-03-26 21:54:07.931183+00
2f2b5bd6-e959-4991-8ec4-8d6be6ce633c,e8098cfa-12af-43f8-8f79-66a356ab8eea,https://awrznjnofgmlqjiayhoi.supabase.co/storage/v1/object/public/yacht-images/new-yachts/e8098cfa-12af-43f8-8f79-66a356ab8eea/e8098cfa-12af-43f8-8f79-66a356ab8eea-1.jpg,new-yachts/e8098cfa-12af-43f8-8f79-66a356ab8eea/e8098cfa-12af-43f8-8f79-66a356ab8eea-1.jpg,1,2026-04-22 17:30:31.592144+00
2f475ebb-e38f-4444-b42b-d93601328aa4,199d0d16-14ce-4883-973e-e82706c8e0ca,https://awrznjnofgmlqjiayhoi.supabase.co/storage/v1/object/public/yacht-images/new-yachts/199d0d16-14ce-4883-973e-e82706c8e0ca/199d0d16-14ce-4883-973e-e82706c8e0ca-6.jpg,new-yachts/199d0d16-14ce-4883-973e-e82706c8e0ca/199d0d16-14ce-4883-973e-e82706c8e0ca-6.jpg,6,2026-04-24 00:11:44.580225+00
2f5b5c7f-2d84-4e97-913e-a9eed6440755,044f0cd0-401b-4f8f-b83f-727774222f6e,https://awrznjnofgmlqjiayhoi.supabase.co/storage/v1/object/public/yacht-images/new-yachts/044f0cd0-401b-4f8f-b83f-727774222f6e/044f0cd0-401b-4f8f-b83f-727774222f6e-7.jpg,new-yachts/044f0cd0-401b-4f8f-b83f-727774222f6e/044f0cd0-401b-4f8f-b83f-727774222f6e-7.jpg,7,2026-04-23 09:20:31.673725+00
2f75863a-805c-4660-bc56-3086b0a18eb3,8f6ead2d-9e5a-4952-89a3-fa782ef6db82,https://awrznjnofgmlqjiayhoi.supabase.co/storage/v1/object/public/yacht-images/new-yachts/8f6ead2d-9e5a-4952-89a3-fa782ef6db82/8f6ead2d-9e5a-4952-89a3-fa782ef6db82-5.jpg,new-yachts/8f6ead2d-9e5a-4952-89a3-fa782ef6db82/8f6ead2d-9e5a-4952-89a3-fa782ef6db82-5.jpg,5,2026-04-22 15:19:56.107131+00
2f833b95-265a-4b4a-a33d-33306699b5c3,cf884b59-eebf-427e-b547-f2bde54c5d89,https://awrznjnofgmlqjiayhoi.supabase.co/storage/v1/object/public/yacht-images/new-yachts/cf884b59-eebf-427e-b547-f2bde54c5d89/cf884b59-eebf-427e-b547-f2bde54c5d89-4.jpg,new-yachts/cf884b59-eebf-427e-b547-f2bde54c5d89/cf884b59-eebf-427e-b547-f2bde54c5d89-4.jpg,4,2026-04-24 22:32:26.600056+00
2fb1f5b1-a269-4e94-8e45-9a92b048dbb5,58b73dc9-e3f7-45b6-b6bb-05639d77e162,https://awrznjnofgmlqjiayhoi.supabase.co/storage/v1/object/public/yacht-images/new-yachts/58b73dc9-e3f7-45b6-b6bb-05639d77e162/58b73dc9-e3f7-45b6-b6bb-05639d77e162-1.jpg,new-yachts/58b73dc9-e3f7-45b6-b6bb-05639d77e162/58b73dc9-e3f7-45b6-b6bb-05639d77e162-1.jpg,1,2026-04-22 14:37:37.024259+00
2ffa99b9-3944-454b-b87c-0d5dd4d4c9c3,d8c51b24-2426-4721-96b7-5d34d56e8800,https://awrznjnofgmlqjiayhoi.supabase.co/storage/v1/object/public/yacht-images/new-yachts/d8c51b24-2426-4721-96b7-5d34d56e8800/d8c51b24-2426-4721-96b7-5d34d56e8800-11.jpg,new-yachts/d8c51b24-2426-4721-96b7-5d34d56e8800/d8c51b24-2426-4721-96b7-5d34d56e8800-11.jpg,11,2026-04-22 15:05:16.742222+00
30232c1e-e294-4805-8a6d-7cb9242423a4,1c9c5021-243c-4924-8493-30151cb88f63,https://awrznjnofgmlqjiayhoi.supabase.co/storage/v1/object/public/yacht-images/new-yachts/1c9c5021-243c-4924-8493-30151cb88f63/1c9c5021-243c-4924-8493-30151cb88f63-1.jpg,new-yachts/1c9c5021-243c-4924-8493-30151cb88f63/1c9c5021-243c-4924-8493-30151cb88f63-1.jpg,1,2026-04-22 18:05:12.645882+00
3079cc0a-f41f-497c-87bf-71b56e5a0f4e,8d7a0fc8-4b08-4d64-8427-2d433e120720,https://awrznjnofgmlqjiayhoi.supabase.co/storage/v1/object/public/yacht-images/new-yachts/8d7a0fc8-4b08-4d64-8427-2d433e120720/8d7a0fc8-4b08-4d64-8427-2d433e120720-2.jpg,new-yachts/8d7a0fc8-4b08-4d64-8427-2d433e120720/8d7a0fc8-4b08-4d64-8427-2d433e120720-2.jpg,2,2026-04-23 10:13:59.878751+00
308b5f88-378f-46ea-9339-ee5ac9917cda,d4d051c3-8265-40c7-a211-75a07354158f,https://awrznjnofgmlqjiayhoi.supabase.co/storage/v1/object/public/yacht-images/new-yachts/d4d051c3-8265-40c7-a211-75a07354158f/d4d051c3-8265-40c7-a211-75a07354158f-3.jpg,new-yachts/d4d051c3-8265-40c7-a211-75a07354158f/d4d051c3-8265-40c7-a211-75a07354158f-3.jpg,3,2026-04-23 09:15:29.190402+00
30abc3ae-9a27-4faf-a32a-cf4732ed44d0,077c9e0d-ef5b-4229-9d5c-42ab6bf99aba,https://awrznjnofgmlqjiayhoi.supabase.co/storage/v1/object/public/yacht-images/new-yachts/077c9e0d-ef5b-4229-9d5c-42ab6bf99aba/077c9e0d-ef5b-4229-9d5c-42ab6bf99aba-6.jpg,new-yachts/077c9e0d-ef5b-4229-9d5c-42ab6bf99aba/077c9e0d-ef5b-4229-9d5c-42ab6bf99aba-6.jpg,6,2026-04-22 18:06:36.43378+00
30b5a6fd-06e7-4bbe-9a2d-17cce739935b,a4759571-4e3b-46b6-a622-05cfe4987629,https://awrznjnofgmlqjiayhoi.supabase.co/storage/v1/object/public/yacht-images/new-yachts/a4759571-4e3b-46b6-a622-05cfe4987629/a4759571-4e3b-46b6-a622-05cfe4987629-11.jpg,new-yachts/a4759571-4e3b-46b6-a622-05cfe4987629/a4759571-4e3b-46b6-a622-05cfe4987629-11.jpg,11,2026-04-24 22:50:24.663998+00
30c4d3f4-4280-4eff-8389-a60be8145291,d8ada534-6eb6-4282-b98a-49bf8e72c7df,https://awrznjnofgmlqjiayhoi.supabase.co/storage/v1/object/public/yacht-images/new-yachts/d8ada534-6eb6-4282-b98a-49bf8e72c7df/d8ada534-6eb6-4282-b98a-49bf8e72c7df-4.webp,new-yachts/d8ada534-6eb6-4282-b98a-49bf8e72c7df/d8ada534-6eb6-4282-b98a-49bf8e72c7df-4.webp,4,2026-03-26 19:15:04.23593+00
30c98408-cc1f-4c59-a3f0-72153282ce7a,3ae371a3-e26d-4636-80b0-d7b349ba30eb,https://awrznjnofgmlqjiayhoi.supabase.co/storage/v1/object/public/yacht-images/new-yachts/3ae371a3-e26d-4636-80b0-d7b349ba30eb/3ae371a3-e26d-4636-80b0-d7b349ba30eb-4.webp,new-yachts/3ae371a3-e26d-4636-80b0-d7b349ba30eb/3ae371a3-e26d-4636-80b0-d7b349ba30eb-4.webp,4,2026-03-26 21:26:33.777864+00
30e8993c-ea94-4c43-a296-22aaa509fd22,eb4c00ef-9609-4812-b38a-eb3742333511,https://awrznjnofgmlqjiayhoi.supabase.co/storage/v1/object/public/yacht-images/new-yachts/eb4c00ef-9609-4812-b38a-eb3742333511/eb4c00ef-9609-4812-b38a-eb3742333511-8.jpg,new-yachts/eb4c00ef-9609-4812-b38a-eb3742333511/eb4c00ef-9609-4812-b38a-eb3742333511-8.jpg,8,2026-04-22 17:03:25.469064+00
30f31dd5-a6b3-4a90-bd72-ecf8fcba5c9b,b79617e8-78f0-4a13-a5df-9c00dfd10d41,https://awrznjnofgmlqjiayhoi.supabase.co/storage/v1/object/public/yacht-images/new-yachts/b79617e8-78f0-4a13-a5df-9c00dfd10d41/b79617e8-78f0-4a13-a5df-9c00dfd10d41-5.jpg,new-yachts/b79617e8-78f0-4a13-a5df-9c00dfd10d41/b79617e8-78f0-4a13-a5df-9c00dfd10d41-5.jpg,5,2026-04-22 14:49:42.666897+00
311d1f29-dd19-4fb5-8e2f-e0031b9f23b0,d43803e9-b003-4476-8e95-055499dd2f2f,https://awrznjnofgmlqjiayhoi.supabase.co/storage/v1/object/public/yacht-images/new-yachts/d43803e9-b003-4476-8e95-055499dd2f2f/d43803e9-b003-4476-8e95-055499dd2f2f-5.jpg,new-yachts/d43803e9-b003-4476-8e95-055499dd2f2f/d43803e9-b003-4476-8e95-055499dd2f2f-5.jpg,5,2026-04-22 18:08:54.089371+00
31546903-9bcd-496d-8a37-e4318748c5f5,6691a397-12b2-4bec-9729-2e36bbeda61a,https://awrznjnofgmlqjiayhoi.supabase.co/storage/v1/object/public/yacht-images/new-yachts/6691a397-12b2-4bec-9729-2e36bbeda61a/6691a397-12b2-4bec-9729-2e36bbeda61a-5.jpg,new-yachts/6691a397-12b2-4bec-9729-2e36bbeda61a/6691a397-12b2-4bec-9729-2e36bbeda61a-5.jpg,5,2026-04-22 18:47:24.080462+00
31580b4b-93c5-4374-a9ae-58545732144c,da0d8573-24f0-46e0-80ec-c1436985d90e,https://awrznjnofgmlqjiayhoi.supabase.co/storage/v1/object/public/yacht-images/new-yachts/da0d8573-24f0-46e0-80ec-c1436985d90e/da0d8573-24f0-46e0-80ec-c1436985d90e-3.webp,new-yachts/da0d8573-24f0-46e0-80ec-c1436985d90e/da0d8573-24f0-46e0-80ec-c1436985d90e-3.webp,3,2026-03-26 21:42:21.220932+00
31850f96-c40d-4f7a-a98e-77731905c21d,942682e5-0ff5-4cab-af32-707ca61c402c,https://awrznjnofgmlqjiayhoi.supabase.co/storage/v1/object/public/yacht-images/new-yachts/942682e5-0ff5-4cab-af32-707ca61c402c/942682e5-0ff5-4cab-af32-707ca61c402c-2.jpg,new-yachts/942682e5-0ff5-4cab-af32-707ca61c402c/942682e5-0ff5-4cab-af32-707ca61c402c-2.jpg,2,2026-04-08 10:24:54.003306+00
319102db-8940-4e90-8e86-4e2d5d0067c7,58b73dc9-e3f7-45b6-b6bb-05639d77e162,https://awrznjnofgmlqjiayhoi.supabase.co/storage/v1/object/public/yacht-images/new-yachts/58b73dc9-e3f7-45b6-b6bb-05639d77e162/58b73dc9-e3f7-45b6-b6bb-05639d77e162-3.jpg,new-yachts/58b73dc9-e3f7-45b6-b6bb-05639d77e162/58b73dc9-e3f7-45b6-b6bb-05639d77e162-3.jpg,3,2026-04-22 14:37:38.983804+00
31a1f27a-4568-4a3a-971a-426750305f3a,e47fa1f8-0cfa-49ec-a8ad-ba2c0b17417c,https://awrznjnofgmlqjiayhoi.supabase.co/storage/v1/object/public/yacht-images/new-yachts/e47fa1f8-0cfa-49ec-a8ad-ba2c0b17417c/e47fa1f8-0cfa-49ec-a8ad-ba2c0b17417c-10.jpg,new-yachts/e47fa1f8-0cfa-49ec-a8ad-ba2c0b17417c/e47fa1f8-0cfa-49ec-a8ad-ba2c0b17417c-10.jpg,10,2026-04-08 15:05:39.569984+00
31c507d9-d742-4ba7-85d7-f46d80662829,a4759571-4e3b-46b6-a622-05cfe4987629,https://awrznjnofgmlqjiayhoi.supabase.co/storage/v1/object/public/yacht-images/new-yachts/a4759571-4e3b-46b6-a622-05cfe4987629/a4759571-4e3b-46b6-a622-05cfe4987629-2.jpg,new-yachts/a4759571-4e3b-46b6-a622-05cfe4987629/a4759571-4e3b-46b6-a622-05cfe4987629-2.jpg,2,2026-04-24 22:50:18.903331+00
31d479e6-a0e6-4de6-a66e-df1f4971837c,fcf426c3-3c17-432e-a047-296441911089,https://awrznjnofgmlqjiayhoi.supabase.co/storage/v1/object/public/yacht-images/new-yachts/fcf426c3-3c17-432e-a047-296441911089/fcf426c3-3c17-432e-a047-296441911089-3.jpg,new-yachts/fcf426c3-3c17-432e-a047-296441911089/fcf426c3-3c17-432e-a047-296441911089-3.jpg,3,2026-04-24 00:35:29.504396+00
31e1984c-ec85-44b4-b1a9-76f891e820c2,7db06b92-897d-47e6-a070-0b270a5b6d03,https://awrznjnofgmlqjiayhoi.supabase.co/storage/v1/object/public/yacht-images/new-yachts/7db06b92-897d-47e6-a070-0b270a5b6d03/7db06b92-897d-47e6-a070-0b270a5b6d03-9.jpg,new-yachts/7db06b92-897d-47e6-a070-0b270a5b6d03/7db06b92-897d-47e6-a070-0b270a5b6d03-9.jpg,9,2026-04-22 18:46:00.280204+00
3212e4a4-aaea-4c95-8079-25526a6b54b1,3c394ac5-a52c-4c8d-b431-0eff672003b3,https://awrznjnofgmlqjiayhoi.supabase.co/storage/v1/object/public/yacht-images/new-yachts/3c394ac5-a52c-4c8d-b431-0eff672003b3/3c394ac5-a52c-4c8d-b431-0eff672003b3-4.jpg,new-yachts/3c394ac5-a52c-4c8d-b431-0eff672003b3/3c394ac5-a52c-4c8d-b431-0eff672003b3-4.jpg,4,2026-04-24 22:17:45.674784+00
32184526-fe7d-4718-ae17-ae68ce6ebefa,77df49d2-ba0a-41af-930e-563752714ead,https://awrznjnofgmlqjiayhoi.supabase.co/storage/v1/object/public/yacht-images/new-yachts/77df49d2-ba0a-41af-930e-563752714ead/77df49d2-ba0a-41af-930e-563752714ead-11.jpg,new-yachts/77df49d2-ba0a-41af-930e-563752714ead/77df49d2-ba0a-41af-930e-563752714ead-11.jpg,11,2026-04-22 18:28:33.109952+00
321f7e65-9e28-40a6-8c7c-f2a11c20ec5a,e3ed0b65-11ce-434b-b654-3450349c0ac2,https://awrznjnofgmlqjiayhoi.supabase.co/storage/v1/object/public/yacht-images/new-yachts/e3ed0b65-11ce-434b-b654-3450349c0ac2/e3ed0b65-11ce-434b-b654-3450349c0ac2-4.jpg,new-yachts/e3ed0b65-11ce-434b-b654-3450349c0ac2/e3ed0b65-11ce-434b-b654-3450349c0ac2-4.jpg,4,2026-04-22 17:28:17.227738+00
3248d187-f4ac-44df-bf74-4fe2c1e881ad,9ec06a62-12e4-4bb0-9fe9-56bced3c8bc2,https://awrznjnofgmlqjiayhoi.supabase.co/storage/v1/object/public/yacht-images/new-yachts/9ec06a62-12e4-4bb0-9fe9-56bced3c8bc2/9ec06a62-12e4-4bb0-9fe9-56bced3c8bc2-1.jpg,new-yachts/9ec06a62-12e4-4bb0-9fe9-56bced3c8bc2/9ec06a62-12e4-4bb0-9fe9-56bced3c8bc2-1.jpg,1,2026-04-24 22:46:54.674707+00
324f3e69-17a5-4cf5-9a2e-82a5fc07eccd,942682e5-0ff5-4cab-af32-707ca61c402c,https://awrznjnofgmlqjiayhoi.supabase.co/storage/v1/object/public/yacht-images/new-yachts/942682e5-0ff5-4cab-af32-707ca61c402c/942682e5-0ff5-4cab-af32-707ca61c402c-6.jpg,new-yachts/942682e5-0ff5-4cab-af32-707ca61c402c/942682e5-0ff5-4cab-af32-707ca61c402c-6.jpg,6,2026-04-08 10:24:55.891227+00
3259bfaf-5f0b-4b75-999b-f776abe1368a,8f11f960-eb3e-464e-a6be-48f557e1d211,https://awrznjnofgmlqjiayhoi.supabase.co/storage/v1/object/public/yacht-images/new-yachts/8f11f960-eb3e-464e-a6be-48f557e1d211/8f11f960-eb3e-464e-a6be-48f557e1d211-6.jpg,new-yachts/8f11f960-eb3e-464e-a6be-48f557e1d211/8f11f960-eb3e-464e-a6be-48f557e1d211-6.jpg,6,2026-04-22 18:44:53.237842+00
32713af3-a508-469a-803b-63b119447a5c,1c5f2552-f6fb-43a0-b2d1-c841eae6e044,https://awrznjnofgmlqjiayhoi.supabase.co/storage/v1/object/public/yacht-images/new-yachts/1c5f2552-f6fb-43a0-b2d1-c841eae6e044/1c5f2552-f6fb-43a0-b2d1-c841eae6e044-1.jpg,new-yachts/1c5f2552-f6fb-43a0-b2d1-c841eae6e044/1c5f2552-f6fb-43a0-b2d1-c841eae6e044-1.jpg,1,2026-04-24 00:43:16.433888+00
32778a89-22f4-4a48-9ee8-a32b4306d92a,cf884b59-eebf-427e-b547-f2bde54c5d89,https://awrznjnofgmlqjiayhoi.supabase.co/storage/v1/object/public/yacht-images/new-yachts/cf884b59-eebf-427e-b547-f2bde54c5d89/cf884b59-eebf-427e-b547-f2bde54c5d89-7.jpg,new-yachts/cf884b59-eebf-427e-b547-f2bde54c5d89/cf884b59-eebf-427e-b547-f2bde54c5d89-7.jpg,7,2026-04-24 22:32:28.47906+00
32e8e443-c22b-4793-9537-a40c5f8d8ad3,9f57ec42-db09-4ed6-b8a0-17af63e10f17,https://awrznjnofgmlqjiayhoi.supabase.co/storage/v1/object/public/yacht-images/new-yachts/9f57ec42-db09-4ed6-b8a0-17af63e10f17/9f57ec42-db09-4ed6-b8a0-17af63e10f17-4.jpg,new-yachts/9f57ec42-db09-4ed6-b8a0-17af63e10f17/9f57ec42-db09-4ed6-b8a0-17af63e10f17-4.jpg,4,2026-04-22 18:48:11.694983+00
32f6d03e-71ee-4104-ac3e-4a47814ed8d0,a2124144-02a4-4ec8-9f73-360dd683aa4d,https://awrznjnofgmlqjiayhoi.supabase.co/storage/v1/object/public/yacht-images/new-yachts/a2124144-02a4-4ec8-9f73-360dd683aa4d/a2124144-02a4-4ec8-9f73-360dd683aa4d-5.jpg,new-yachts/a2124144-02a4-4ec8-9f73-360dd683aa4d/a2124144-02a4-4ec8-9f73-360dd683aa4d-5.jpg,5,2026-04-24 00:50:28.085982+00
337062d2-3efb-4e9c-9f16-400c21a97459,d8ada534-6eb6-4282-b98a-49bf8e72c7df,https://awrznjnofgmlqjiayhoi.supabase.co/storage/v1/object/public/yacht-images/new-yachts/d8ada534-6eb6-4282-b98a-49bf8e72c7df/d8ada534-6eb6-4282-b98a-49bf8e72c7df-2.webp,new-yachts/d8ada534-6eb6-4282-b98a-49bf8e72c7df/d8ada534-6eb6-4282-b98a-49bf8e72c7df-2.webp,2,2026-03-26 19:15:03.359426+00
33b2875a-3b5f-4422-a9bc-43112f53410f,beba534d-c9f8-44f9-b8e1-c708ceced8f3,https://awrznjnofgmlqjiayhoi.supabase.co/storage/v1/object/public/yacht-images/new-yachts/beba534d-c9f8-44f9-b8e1-c708ceced8f3/beba534d-c9f8-44f9-b8e1-c708ceced8f3-1.jpg,new-yachts/beba534d-c9f8-44f9-b8e1-c708ceced8f3/beba534d-c9f8-44f9-b8e1-c708ceced8f3-1.jpg,1,2026-04-10 12:13:38.423473+00
33d3c4bc-4155-4d2c-acd6-c355ffd134b0,46478d58-042a-4ac5-85df-9be0f1f1040e,https://awrznjnofgmlqjiayhoi.supabase.co/storage/v1/object/public/yacht-images/new-yachts/46478d58-042a-4ac5-85df-9be0f1f1040e/46478d58-042a-4ac5-85df-9be0f1f1040e-7.jpg,new-yachts/46478d58-042a-4ac5-85df-9be0f1f1040e/46478d58-042a-4ac5-85df-9be0f1f1040e-7.jpg,7,2026-04-24 18:49:10.787758+00
33da6679-65fe-4a94-971f-3db2bd404e14,fcf426c3-3c17-432e-a047-296441911089,https://awrznjnofgmlqjiayhoi.supabase.co/storage/v1/object/public/yacht-images/new-yachts/fcf426c3-3c17-432e-a047-296441911089/fcf426c3-3c17-432e-a047-296441911089-9.jpg,new-yachts/fcf426c3-3c17-432e-a047-296441911089/fcf426c3-3c17-432e-a047-296441911089-9.jpg,9,2026-04-24 00:35:33.936759+00
33e7405e-873f-4cdc-828b-9df65d83ac5e,5a7af5a2-016c-456b-9d50-b538f4929c78,https://awrznjnofgmlqjiayhoi.supabase.co/storage/v1/object/public/yacht-images/new-yachts/5a7af5a2-016c-456b-9d50-b538f4929c78/5a7af5a2-016c-456b-9d50-b538f4929c78-9.jpg,new-yachts/5a7af5a2-016c-456b-9d50-b538f4929c78/5a7af5a2-016c-456b-9d50-b538f4929c78-9.jpg,9,2026-04-23 09:19:21.647499+00
34029278-c153-499d-a871-22da6533de80,1646a0a5-5fa5-410b-8b32-7ade84fab230,https://awrznjnofgmlqjiayhoi.supabase.co/storage/v1/object/public/yacht-images/new-yachts/1646a0a5-5fa5-410b-8b32-7ade84fab230/1646a0a5-5fa5-410b-8b32-7ade84fab230-2.jpg,new-yachts/1646a0a5-5fa5-410b-8b32-7ade84fab230/1646a0a5-5fa5-410b-8b32-7ade84fab230-2.jpg,2,2026-04-24 00:44:37.02522+00
340ed3c3-7d6b-4e95-b827-a43f9fccb1e4,25707908-8308-40b0-8a69-b0900e65d602,https://awrznjnofgmlqjiayhoi.supabase.co/storage/v1/object/public/yacht-images/new-yachts/25707908-8308-40b0-8a69-b0900e65d602/25707908-8308-40b0-8a69-b0900e65d602-4.jpg,new-yachts/25707908-8308-40b0-8a69-b0900e65d602/25707908-8308-40b0-8a69-b0900e65d602-4.jpg,4,2026-04-24 00:40:09.281203+00
3427c5dd-f210-4658-b137-1e51db403d99,aa8c6101-eb69-4a45-94b2-eb80dc49a261,https://awrznjnofgmlqjiayhoi.supabase.co/storage/v1/object/public/yacht-images/new-yachts/aa8c6101-eb69-4a45-94b2-eb80dc49a261/aa8c6101-eb69-4a45-94b2-eb80dc49a261-10.jpg,new-yachts/aa8c6101-eb69-4a45-94b2-eb80dc49a261/aa8c6101-eb69-4a45-94b2-eb80dc49a261-10.jpg,10,2026-04-24 17:50:38.814708+00
34383a4a-49f6-4b50-a73e-89b8435ee420,4896d80d-42ee-4f28-868c-c8414fa5321d,https://awrznjnofgmlqjiayhoi.supabase.co/storage/v1/object/public/yacht-images/new-yachts/4896d80d-42ee-4f28-868c-c8414fa5321d/4896d80d-42ee-4f28-868c-c8414fa5321d-10.jpg,new-yachts/4896d80d-42ee-4f28-868c-c8414fa5321d/4896d80d-42ee-4f28-868c-c8414fa5321d-10.jpg,10,2026-04-22 14:57:37.334142+00
344b5a30-83aa-4914-8800-7f494dafd603,482d1927-5b7c-44d1-87a8-1cb33053bf9a,https://awrznjnofgmlqjiayhoi.supabase.co/storage/v1/object/public/yacht-images/new-yachts/482d1927-5b7c-44d1-87a8-1cb33053bf9a/482d1927-5b7c-44d1-87a8-1cb33053bf9a-6.jpg,new-yachts/482d1927-5b7c-44d1-87a8-1cb33053bf9a/482d1927-5b7c-44d1-87a8-1cb33053bf9a-6.jpg,6,2026-04-22 13:31:26.739085+00
3459ab89-1051-49e2-aac2-2b48b4ec942d,036b38ca-3c40-46d2-a5eb-0f44fd933ae7,https://awrznjnofgmlqjiayhoi.supabase.co/storage/v1/object/public/yacht-images/new-yachts/036b38ca-3c40-46d2-a5eb-0f44fd933ae7/036b38ca-3c40-46d2-a5eb-0f44fd933ae7-9.jpg,new-yachts/036b38ca-3c40-46d2-a5eb-0f44fd933ae7/036b38ca-3c40-46d2-a5eb-0f44fd933ae7-9.jpg,9,2026-04-23 12:55:27.73687+00
346db25c-73b1-4086-bce4-663c838ae8ab,b79617e8-78f0-4a13-a5df-9c00dfd10d41,https://awrznjnofgmlqjiayhoi.supabase.co/storage/v1/object/public/yacht-images/new-yachts/b79617e8-78f0-4a13-a5df-9c00dfd10d41/b79617e8-78f0-4a13-a5df-9c00dfd10d41-9.jpg,new-yachts/b79617e8-78f0-4a13-a5df-9c00dfd10d41/b79617e8-78f0-4a13-a5df-9c00dfd10d41-9.jpg,9,2026-04-22 14:49:44.897503+00
346de6c8-d9a8-4ab5-a432-5fe14a294a52,6f462948-9675-4e1f-859a-5bf70e7e1ff0,https://awrznjnofgmlqjiayhoi.supabase.co/storage/v1/object/public/yacht-images/new-yachts/6f462948-9675-4e1f-859a-5bf70e7e1ff0/6f462948-9675-4e1f-859a-5bf70e7e1ff0-4.jpg,new-yachts/6f462948-9675-4e1f-859a-5bf70e7e1ff0/6f462948-9675-4e1f-859a-5bf70e7e1ff0-4.jpg,4,2026-04-22 18:00:28.756141+00
3489d527-d69f-45f5-b4bc-f0039b87b8d6,2202596a-f8b5-44c3-ab52-6f4d6cfc8522,https://awrznjnofgmlqjiayhoi.supabase.co/storage/v1/object/public/yacht-images/new-yachts/2202596a-f8b5-44c3-ab52-6f4d6cfc8522/2202596a-f8b5-44c3-ab52-6f4d6cfc8522-3.jpg,new-yachts/2202596a-f8b5-44c3-ab52-6f4d6cfc8522/2202596a-f8b5-44c3-ab52-6f4d6cfc8522-3.jpg,3,2026-04-22 17:24:55.186698+00
34d9a44f-d18d-4601-b38d-650df870e2bd,40725080-facb-4006-b428-02bd3234b688,https://awrznjnofgmlqjiayhoi.supabase.co/storage/v1/object/public/yacht-images/new-yachts/40725080-facb-4006-b428-02bd3234b688/40725080-facb-4006-b428-02bd3234b688-8.jpg,new-yachts/40725080-facb-4006-b428-02bd3234b688/40725080-facb-4006-b428-02bd3234b688-8.jpg,8,2026-04-23 12:53:26.660984+00
34ee52c9-a2dc-428f-ace1-78e9830744aa,6d1a9522-b4b9-4c89-8023-eb1a453d89d8,https://awrznjnofgmlqjiayhoi.supabase.co/storage/v1/object/public/yacht-images/new-yachts/6d1a9522-b4b9-4c89-8023-eb1a453d89d8/6d1a9522-b4b9-4c89-8023-eb1a453d89d8-3.jpg,new-yachts/6d1a9522-b4b9-4c89-8023-eb1a453d89d8/6d1a9522-b4b9-4c89-8023-eb1a453d89d8-3.jpg,3,2026-04-23 08:53:34.515748+00
35061c73-3f58-49c7-b87c-8039424ad0d7,2376d7ee-cfbb-49e5-85fe-46552893c082,https://awrznjnofgmlqjiayhoi.supabase.co/storage/v1/object/public/yacht-images/new-yachts/2376d7ee-cfbb-49e5-85fe-46552893c082/2376d7ee-cfbb-49e5-85fe-46552893c082-5.jpg,new-yachts/2376d7ee-cfbb-49e5-85fe-46552893c082/2376d7ee-cfbb-49e5-85fe-46552893c082-5.jpg,5,2026-04-22 18:13:22.833549+00
355ffc46-c37b-4871-95ef-99bce5b0100e,5491dfd2-b60d-460f-a1c5-d20b54a68599,https://awrznjnofgmlqjiayhoi.supabase.co/storage/v1/object/public/yacht-images/new-yachts/5491dfd2-b60d-460f-a1c5-d20b54a68599/5491dfd2-b60d-460f-a1c5-d20b54a68599-2.jpg,new-yachts/5491dfd2-b60d-460f-a1c5-d20b54a68599/5491dfd2-b60d-460f-a1c5-d20b54a68599-2.jpg,2,2026-04-22 17:33:37.306269+00
35763584-9953-4cdf-aa12-23f16be8e338,46478d58-042a-4ac5-85df-9be0f1f1040e,https://awrznjnofgmlqjiayhoi.supabase.co/storage/v1/object/public/yacht-images/new-yachts/46478d58-042a-4ac5-85df-9be0f1f1040e/46478d58-042a-4ac5-85df-9be0f1f1040e-1.jpg,new-yachts/46478d58-042a-4ac5-85df-9be0f1f1040e/46478d58-042a-4ac5-85df-9be0f1f1040e-1.jpg,1,2026-04-24 18:49:05.921891+00
3578be66-79b2-459a-8bde-d497a99c9fe7,c8de990e-7e4a-4ad6-8e58-490752e3cfab,https://awrznjnofgmlqjiayhoi.supabase.co/storage/v1/object/public/yacht-images/new-yachts/c8de990e-7e4a-4ad6-8e58-490752e3cfab/c8de990e-7e4a-4ad6-8e58-490752e3cfab-8.jpg,new-yachts/c8de990e-7e4a-4ad6-8e58-490752e3cfab/c8de990e-7e4a-4ad6-8e58-490752e3cfab-8.jpg,8,2026-04-22 18:20:37.145544+00
358aab59-cf8d-4e65-8823-f63fd899db96,1073dc8e-89c9-4598-a274-70645e470923,https://awrznjnofgmlqjiayhoi.supabase.co/storage/v1/object/public/yacht-images/new-yachts/1073dc8e-89c9-4598-a274-70645e470923/1073dc8e-89c9-4598-a274-70645e470923-11.jpg,new-yachts/1073dc8e-89c9-4598-a274-70645e470923/1073dc8e-89c9-4598-a274-70645e470923-11.jpg,11,2026-04-24 00:10:48.771812+00
35a12183-c31e-4b93-8b24-478cc08702c2,15b49175-2c23-45b4-ae75-868c180ffcb1,https://awrznjnofgmlqjiayhoi.supabase.co/storage/v1/object/public/yacht-images/new-yachts/15b49175-2c23-45b4-ae75-868c180ffcb1/15b49175-2c23-45b4-ae75-868c180ffcb1-1.jpg,new-yachts/15b49175-2c23-45b4-ae75-868c180ffcb1/15b49175-2c23-45b4-ae75-868c180ffcb1-1.jpg,1,2026-04-08 12:50:55.955915+00
35b86739-7c28-446e-bd7a-7e495f590f38,6d1a9522-b4b9-4c89-8023-eb1a453d89d8,https://awrznjnofgmlqjiayhoi.supabase.co/storage/v1/object/public/yacht-images/new-yachts/6d1a9522-b4b9-4c89-8023-eb1a453d89d8/6d1a9522-b4b9-4c89-8023-eb1a453d89d8-11.jpg,new-yachts/6d1a9522-b4b9-4c89-8023-eb1a453d89d8/6d1a9522-b4b9-4c89-8023-eb1a453d89d8-11.jpg,11,2026-04-23 08:53:39.738543+00
35cb69a0-b0e8-4c1f-bf80-1cdd67d617c5,173fb8d6-c365-471d-aa65-ae65f21664a3,https://awrznjnofgmlqjiayhoi.supabase.co/storage/v1/object/public/yacht-images/new-yachts/173fb8d6-c365-471d-aa65-ae65f21664a3/173fb8d6-c365-471d-aa65-ae65f21664a3-11.jpg,new-yachts/173fb8d6-c365-471d-aa65-ae65f21664a3/173fb8d6-c365-471d-aa65-ae65f21664a3-11.jpg,11,2026-04-22 18:36:19.302482+00
35eff656-456a-4a1e-9c0e-42c665f74531,6691a397-12b2-4bec-9729-2e36bbeda61a,https://awrznjnofgmlqjiayhoi.supabase.co/storage/v1/object/public/yacht-images/new-yachts/6691a397-12b2-4bec-9729-2e36bbeda61a/6691a397-12b2-4bec-9729-2e36bbeda61a-update-1776941748210-1.jpg,new-yachts/6691a397-12b2-4bec-9729-2e36bbeda61a/6691a397-12b2-4bec-9729-2e36bbeda61a-update-1776941748210-1.jpg,1,2026-04-23 10:55:48.61641+00
3650b532-7072-4988-bd66-a145a0275104,e8098cfa-12af-43f8-8f79-66a356ab8eea,https://awrznjnofgmlqjiayhoi.supabase.co/storage/v1/object/public/yacht-images/new-yachts/e8098cfa-12af-43f8-8f79-66a356ab8eea/e8098cfa-12af-43f8-8f79-66a356ab8eea-11.jpg,new-yachts/e8098cfa-12af-43f8-8f79-66a356ab8eea/e8098cfa-12af-43f8-8f79-66a356ab8eea-11.jpg,11,2026-04-22 17:30:39.476001+00
365795fc-a6ed-4b31-985e-bde8f8a5b329,7003d27f-6b57-46b0-a81b-704b45d99e4b,https://awrznjnofgmlqjiayhoi.supabase.co/storage/v1/object/public/yacht-images/new-yachts/7003d27f-6b57-46b0-a81b-704b45d99e4b/7003d27f-6b57-46b0-a81b-704b45d99e4b-6.jpg,new-yachts/7003d27f-6b57-46b0-a81b-704b45d99e4b/7003d27f-6b57-46b0-a81b-704b45d99e4b-6.jpg,6,2026-04-23 23:57:59.621136+00
3671cbed-668c-4441-bc93-47bf1ff47873,431072c2-81c2-46f5-a089-5bf802cc7fb6,https://awrznjnofgmlqjiayhoi.supabase.co/storage/v1/object/public/yacht-images/new-yachts/431072c2-81c2-46f5-a089-5bf802cc7fb6/431072c2-81c2-46f5-a089-5bf802cc7fb6-2.jpg,new-yachts/431072c2-81c2-46f5-a089-5bf802cc7fb6/431072c2-81c2-46f5-a089-5bf802cc7fb6-2.jpg,2,2026-04-22 18:18:35.418811+00
3697b229-c033-4e87-83b4-c6bd2b8e290a,5571b971-bc7b-4c6f-ba4e-1b2beef70fe0,https://awrznjnofgmlqjiayhoi.supabase.co/storage/v1/object/public/yacht-images/new-yachts/5571b971-bc7b-4c6f-ba4e-1b2beef70fe0/5571b971-bc7b-4c6f-ba4e-1b2beef70fe0-11.jpg,new-yachts/5571b971-bc7b-4c6f-ba4e-1b2beef70fe0/5571b971-bc7b-4c6f-ba4e-1b2beef70fe0-11.jpg,11,2026-04-23 10:17:05.05117+00
36cbee12-459c-4068-8c90-5b866d0a67df,a4759571-4e3b-46b6-a622-05cfe4987629,https://awrznjnofgmlqjiayhoi.supabase.co/storage/v1/object/public/yacht-images/new-yachts/a4759571-4e3b-46b6-a622-05cfe4987629/a4759571-4e3b-46b6-a622-05cfe4987629-3.jpg,new-yachts/a4759571-4e3b-46b6-a622-05cfe4987629/a4759571-4e3b-46b6-a622-05cfe4987629-3.jpg,3,2026-04-24 22:50:19.6954+00
3706efb6-9afd-4042-b01e-09594a94a3f4,d49fd6fe-849a-4007-937a-516892a4cdb9,https://awrznjnofgmlqjiayhoi.supabase.co/storage/v1/object/public/yacht-images/new-yachts/d49fd6fe-849a-4007-937a-516892a4cdb9/d49fd6fe-849a-4007-937a-516892a4cdb9-7.jpg,new-yachts/d49fd6fe-849a-4007-937a-516892a4cdb9/d49fd6fe-849a-4007-937a-516892a4cdb9-7.jpg,7,2026-04-23 08:33:19.880354+00
37072457-44bd-4b79-bad6-22afcb8e1347,efab5d6c-7ff4-4641-8abb-e8196d7a9f3d,https://awrznjnofgmlqjiayhoi.supabase.co/storage/v1/object/public/yacht-images/new-yachts/efab5d6c-7ff4-4641-8abb-e8196d7a9f3d/efab5d6c-7ff4-4641-8abb-e8196d7a9f3d-11.jpg,new-yachts/efab5d6c-7ff4-4641-8abb-e8196d7a9f3d/efab5d6c-7ff4-4641-8abb-e8196d7a9f3d-11.jpg,11,2026-04-22 15:11:51.146511+00
37379645-99e4-4edb-bd04-4591db03da0e,f0b64a0d-9a5e-4f99-845c-d08a55f5f529,https://awrznjnofgmlqjiayhoi.supabase.co/storage/v1/object/public/yacht-images/new-yachts/f0b64a0d-9a5e-4f99-845c-d08a55f5f529/f0b64a0d-9a5e-4f99-845c-d08a55f5f529-3.webp,new-yachts/f0b64a0d-9a5e-4f99-845c-d08a55f5f529/f0b64a0d-9a5e-4f99-845c-d08a55f5f529-3.webp,3,2026-03-26 21:08:37.619278+00
374e8dc9-2fce-4355-ae1a-c7a53c6fcbc0,8d7a0fc8-4b08-4d64-8427-2d433e120720,https://awrznjnofgmlqjiayhoi.supabase.co/storage/v1/object/public/yacht-images/new-yachts/8d7a0fc8-4b08-4d64-8427-2d433e120720/8d7a0fc8-4b08-4d64-8427-2d433e120720-3.jpg,new-yachts/8d7a0fc8-4b08-4d64-8427-2d433e120720/8d7a0fc8-4b08-4d64-8427-2d433e120720-3.jpg,3,2026-04-23 10:14:00.503677+00
37b93eac-6fdf-45a3-ba05-3269466c53df,245f9376-5d0c-4d01-9edb-8b2357d16aca,https://awrznjnofgmlqjiayhoi.supabase.co/storage/v1/object/public/yacht-images/new-yachts/245f9376-5d0c-4d01-9edb-8b2357d16aca/245f9376-5d0c-4d01-9edb-8b2357d16aca-6.jpg,new-yachts/245f9376-5d0c-4d01-9edb-8b2357d16aca/245f9376-5d0c-4d01-9edb-8b2357d16aca-6.jpg,6,2026-04-24 00:21:21.84306+00
37cfc4cf-30f1-4d32-a2f1-0ac812286dbf,c94ca279-8bba-4a24-b161-a4b3ca384209,https://awrznjnofgmlqjiayhoi.supabase.co/storage/v1/object/public/yacht-images/new-yachts/c94ca279-8bba-4a24-b161-a4b3ca384209/c94ca279-8bba-4a24-b161-a4b3ca384209-3.webp,new-yachts/c94ca279-8bba-4a24-b161-a4b3ca384209/c94ca279-8bba-4a24-b161-a4b3ca384209-3.webp,3,2026-03-26 21:58:43.461661+00
387519bd-574f-4500-b14b-1baaa559cf08,d7a436a7-e4ac-4cc0-8f1c-52374949f9ec,https://awrznjnofgmlqjiayhoi.supabase.co/storage/v1/object/public/yacht-images/new-yachts/d7a436a7-e4ac-4cc0-8f1c-52374949f9ec/d7a436a7-e4ac-4cc0-8f1c-52374949f9ec-1.jpg,new-yachts/d7a436a7-e4ac-4cc0-8f1c-52374949f9ec/d7a436a7-e4ac-4cc0-8f1c-52374949f9ec-1.jpg,1,2026-03-27 20:29:30.199647+00
389611e3-73b8-4525-9c56-ddc00ff5b181,82e61cac-cd66-43b8-93f1-8a31b9a344f1,https://awrznjnofgmlqjiayhoi.supabase.co/storage/v1/object/public/yacht-images/new-yachts/82e61cac-cd66-43b8-93f1-8a31b9a344f1/82e61cac-cd66-43b8-93f1-8a31b9a344f1-4.webp,new-yachts/82e61cac-cd66-43b8-93f1-8a31b9a344f1/82e61cac-cd66-43b8-93f1-8a31b9a344f1-4.webp,4,2026-02-28 18:56:28.36802+00
38b2e868-51cd-4581-986f-746f4cac809e,00f407c0-a7b1-4072-8165-acc95c322bae,https://awrznjnofgmlqjiayhoi.supabase.co/storage/v1/object/public/yacht-images/new-yachts/00f407c0-a7b1-4072-8165-acc95c322bae/00f407c0-a7b1-4072-8165-acc95c322bae-10.jpg,new-yachts/00f407c0-a7b1-4072-8165-acc95c322bae/00f407c0-a7b1-4072-8165-acc95c322bae-10.jpg,10,2026-04-24 21:47:04.699289+00
38ea420e-08da-4cad-94e2-6d0d9b17cdc0,6691a397-12b2-4bec-9729-2e36bbeda61a,https://awrznjnofgmlqjiayhoi.supabase.co/storage/v1/object/public/yacht-images/new-yachts/6691a397-12b2-4bec-9729-2e36bbeda61a/6691a397-12b2-4bec-9729-2e36bbeda61a-8.jpg,new-yachts/6691a397-12b2-4bec-9729-2e36bbeda61a/6691a397-12b2-4bec-9729-2e36bbeda61a-8.jpg,8,2026-04-22 18:47:26.114653+00
39048124-ce65-4aac-8080-696cb07205ec,34a9704a-6e5d-48ab-9f0d-7b4fa78fb240,https://awrznjnofgmlqjiayhoi.supabase.co/storage/v1/object/public/yacht-images/new-yachts/34a9704a-6e5d-48ab-9f0d-7b4fa78fb240/34a9704a-6e5d-48ab-9f0d-7b4fa78fb240-11.jpg,new-yachts/34a9704a-6e5d-48ab-9f0d-7b4fa78fb240/34a9704a-6e5d-48ab-9f0d-7b4fa78fb240-11.jpg,11,2026-04-22 18:17:52.036551+00
39919194-f1c5-4f9e-97c3-b2214dd6d2c4,ff6db69f-5b1d-4403-a044-83e29b9f2fb1,https://awrznjnofgmlqjiayhoi.supabase.co/storage/v1/object/public/yacht-images/new-yachts/ff6db69f-5b1d-4403-a044-83e29b9f2fb1/ff6db69f-5b1d-4403-a044-83e29b9f2fb1-3.webp,new-yachts/ff6db69f-5b1d-4403-a044-83e29b9f2fb1/ff6db69f-5b1d-4403-a044-83e29b9f2fb1-3.webp,3,2026-03-26 21:36:05.636446+00
39a85645-db36-43aa-96fc-a78d7607eae9,237c6c51-03ca-4beb-9c4a-7ff0afb95627,https://awrznjnofgmlqjiayhoi.supabase.co/storage/v1/object/public/yacht-images/new-yachts/237c6c51-03ca-4beb-9c4a-7ff0afb95627/237c6c51-03ca-4beb-9c4a-7ff0afb95627-5.jpg,new-yachts/237c6c51-03ca-4beb-9c4a-7ff0afb95627/237c6c51-03ca-4beb-9c4a-7ff0afb95627-5.jpg,5,2026-04-22 14:48:12.937971+00
39b7869f-e9e1-46fb-bc03-72cb6993be42,1789ce0b-b617-4357-911e-6152f2799f45,https://awrznjnofgmlqjiayhoi.supabase.co/storage/v1/object/public/yacht-images/new-yachts/1789ce0b-b617-4357-911e-6152f2799f45/1789ce0b-b617-4357-911e-6152f2799f45-7.jpg,new-yachts/1789ce0b-b617-4357-911e-6152f2799f45/1789ce0b-b617-4357-911e-6152f2799f45-7.jpg,7,2026-04-24 00:00:53.941571+00
39e45b4c-0f22-4617-b1e3-da259a276a05,9f881a02-3e82-42c9-aaf8-ee1094be21d6,https://awrznjnofgmlqjiayhoi.supabase.co/storage/v1/object/public/yacht-images/new-yachts/9f881a02-3e82-42c9-aaf8-ee1094be21d6/9f881a02-3e82-42c9-aaf8-ee1094be21d6-4.webp,new-yachts/9f881a02-3e82-42c9-aaf8-ee1094be21d6/9f881a02-3e82-42c9-aaf8-ee1094be21d6-4.webp,4,2026-03-27 20:02:33.831572+00
3a02096d-70fd-47ac-8a30-b67c3f0a78ee,517672a0-2a18-4955-9e0d-277f206c814b,https://awrznjnofgmlqjiayhoi.supabase.co/storage/v1/object/public/yacht-images/new-yachts/517672a0-2a18-4955-9e0d-277f206c814b/517672a0-2a18-4955-9e0d-277f206c814b-1.jpg,new-yachts/517672a0-2a18-4955-9e0d-277f206c814b/517672a0-2a18-4955-9e0d-277f206c814b-1.jpg,1,2026-03-13 18:45:56.595613+00
3a133f06-ae83-4ad6-a0bf-6ba73e596672,d0282847-d186-4083-920d-8b329d9ebfce,https://awrznjnofgmlqjiayhoi.supabase.co/storage/v1/object/public/yacht-images/new-yachts/d0282847-d186-4083-920d-8b329d9ebfce/d0282847-d186-4083-920d-8b329d9ebfce-3.jpg,new-yachts/d0282847-d186-4083-920d-8b329d9ebfce/d0282847-d186-4083-920d-8b329d9ebfce-3.jpg,3,2026-04-24 00:51:48.833767+00
3a241e38-dad9-433a-b57e-509709405cee,77df49d2-ba0a-41af-930e-563752714ead,https://awrznjnofgmlqjiayhoi.supabase.co/storage/v1/object/public/yacht-images/new-yachts/77df49d2-ba0a-41af-930e-563752714ead/77df49d2-ba0a-41af-930e-563752714ead-9.jpg,new-yachts/77df49d2-ba0a-41af-930e-563752714ead/77df49d2-ba0a-41af-930e-563752714ead-9.jpg,9,2026-04-22 18:28:31.485461+00
3a3097fc-0863-4213-941a-12693e840e49,b05aa56a-a6ba-4e1f-b64c-722a554ef536,https://awrznjnofgmlqjiayhoi.supabase.co/storage/v1/object/public/yacht-images/new-yachts/b05aa56a-a6ba-4e1f-b64c-722a554ef536/b05aa56a-a6ba-4e1f-b64c-722a554ef536-7.jpg,new-yachts/b05aa56a-a6ba-4e1f-b64c-722a554ef536/b05aa56a-a6ba-4e1f-b64c-722a554ef536-7.jpg,7,2026-04-22 16:58:37.492177+00
3a7e9b56-41f2-4109-a4ab-05867e5e5e46,a6460b88-dc2d-48c2-af4f-f2b01260ae26,https://awrznjnofgmlqjiayhoi.supabase.co/storage/v1/object/public/yacht-images/new-yachts/a6460b88-dc2d-48c2-af4f-f2b01260ae26/a6460b88-dc2d-48c2-af4f-f2b01260ae26-10.jpg,new-yachts/a6460b88-dc2d-48c2-af4f-f2b01260ae26/a6460b88-dc2d-48c2-af4f-f2b01260ae26-10.jpg,10,2026-04-23 08:50:29.654925+00
3a853d8f-c2e5-4342-af45-62292f6494b5,a8d19c2b-a5f4-4fd2-ae34-4b4128a138e3,https://awrznjnofgmlqjiayhoi.supabase.co/storage/v1/object/public/yacht-images/new-yachts/a8d19c2b-a5f4-4fd2-ae34-4b4128a138e3/a8d19c2b-a5f4-4fd2-ae34-4b4128a138e3-3.jpg,new-yachts/a8d19c2b-a5f4-4fd2-ae34-4b4128a138e3/a8d19c2b-a5f4-4fd2-ae34-4b4128a138e3-3.jpg,3,2026-04-22 17:31:32.712411+00
3aab94df-9346-4d48-88e3-501eb61ff508,338ef555-03ad-4c67-8ebd-8457ce40ca9e,https://awrznjnofgmlqjiayhoi.supabase.co/storage/v1/object/public/yacht-images/new-yachts/338ef555-03ad-4c67-8ebd-8457ce40ca9e/338ef555-03ad-4c67-8ebd-8457ce40ca9e-6.jpg,new-yachts/338ef555-03ad-4c67-8ebd-8457ce40ca9e/338ef555-03ad-4c67-8ebd-8457ce40ca9e-6.jpg,6,2026-04-24 00:46:23.332696+00
3ab927e1-c100-411c-b26c-d9525be46085,82e61cac-cd66-43b8-93f1-8a31b9a344f1,https://awrznjnofgmlqjiayhoi.supabase.co/storage/v1/object/public/yacht-images/new-yachts/82e61cac-cd66-43b8-93f1-8a31b9a344f1/82e61cac-cd66-43b8-93f1-8a31b9a344f1-7.webp,new-yachts/82e61cac-cd66-43b8-93f1-8a31b9a344f1/82e61cac-cd66-43b8-93f1-8a31b9a344f1-7.webp,7,2026-02-28 18:56:29.744477+00
3ac2b509-ffd0-455e-a71d-f4f766caa458,c062ace5-658e-4daa-a8b1-8591a5768de3,https://awrznjnofgmlqjiayhoi.supabase.co/storage/v1/object/public/yacht-images/new-yachts/c062ace5-658e-4daa-a8b1-8591a5768de3/c062ace5-658e-4daa-a8b1-8591a5768de3-6.jpg,new-yachts/c062ace5-658e-4daa-a8b1-8591a5768de3/c062ace5-658e-4daa-a8b1-8591a5768de3-6.jpg,6,2026-04-22 18:02:16.705384+00
3aee8302-2a3a-47bc-9c3b-ba30bd4086ec,8f11f960-eb3e-464e-a6be-48f557e1d211,https://awrznjnofgmlqjiayhoi.supabase.co/storage/v1/object/public/yacht-images/new-yachts/8f11f960-eb3e-464e-a6be-48f557e1d211/8f11f960-eb3e-464e-a6be-48f557e1d211-1.jpg,new-yachts/8f11f960-eb3e-464e-a6be-48f557e1d211/8f11f960-eb3e-464e-a6be-48f557e1d211-1.jpg,1,2026-04-22 18:44:49.514983+00
3b1f7dab-cc7f-432f-a378-cfde213548ab,3c3b41d1-6a5d-4bff-9ac4-74151a516eb2,https://awrznjnofgmlqjiayhoi.supabase.co/storage/v1/object/public/yacht-images/new-yachts/3c3b41d1-6a5d-4bff-9ac4-74151a516eb2/3c3b41d1-6a5d-4bff-9ac4-74151a516eb2-8.jpg,new-yachts/3c3b41d1-6a5d-4bff-9ac4-74151a516eb2/3c3b41d1-6a5d-4bff-9ac4-74151a516eb2-8.jpg,8,2026-04-22 17:43:06.748955+00
3b2ff8a4-1d2d-44cc-b107-166757c8474f,a2c55eee-14f8-4dff-b884-6560c5a26f0b,https://awrznjnofgmlqjiayhoi.supabase.co/storage/v1/object/public/yacht-images/new-yachts/a2c55eee-14f8-4dff-b884-6560c5a26f0b/a2c55eee-14f8-4dff-b884-6560c5a26f0b-3.webp,new-yachts/a2c55eee-14f8-4dff-b884-6560c5a26f0b/a2c55eee-14f8-4dff-b884-6560c5a26f0b-3.webp,3,2026-03-26 21:01:28.588801+00
3b45d072-72a4-4647-a601-b6de40a1285b,25707908-8308-40b0-8a69-b0900e65d602,https://awrznjnofgmlqjiayhoi.supabase.co/storage/v1/object/public/yacht-images/new-yachts/25707908-8308-40b0-8a69-b0900e65d602/25707908-8308-40b0-8a69-b0900e65d602-10.jpg,new-yachts/25707908-8308-40b0-8a69-b0900e65d602/25707908-8308-40b0-8a69-b0900e65d602-10.jpg,10,2026-04-24 00:40:13.901352+00
3b522ed6-d7c5-4db0-9cb6-520819955f02,efab5d6c-7ff4-4641-8abb-e8196d7a9f3d,https://awrznjnofgmlqjiayhoi.supabase.co/storage/v1/object/public/yacht-images/new-yachts/efab5d6c-7ff4-4641-8abb-e8196d7a9f3d/efab5d6c-7ff4-4641-8abb-e8196d7a9f3d-8.jpg,new-yachts/efab5d6c-7ff4-4641-8abb-e8196d7a9f3d/efab5d6c-7ff4-4641-8abb-e8196d7a9f3d-8.jpg,8,2026-04-22 15:11:49.618841+00
3b6e20d9-97e3-4b58-a5e0-3e6de17e011a,b79617e8-78f0-4a13-a5df-9c00dfd10d41,https://awrznjnofgmlqjiayhoi.supabase.co/storage/v1/object/public/yacht-images/new-yachts/b79617e8-78f0-4a13-a5df-9c00dfd10d41/b79617e8-78f0-4a13-a5df-9c00dfd10d41-7.jpg,new-yachts/b79617e8-78f0-4a13-a5df-9c00dfd10d41/b79617e8-78f0-4a13-a5df-9c00dfd10d41-7.jpg,7,2026-04-22 14:49:43.691517+00
3b6ed1b2-27e8-4483-8e87-83e49930c88d,ec89419e-3baa-4164-b5d4-feb08873daa2,https://awrznjnofgmlqjiayhoi.supabase.co/storage/v1/object/public/yacht-images/new-yachts/ec89419e-3baa-4164-b5d4-feb08873daa2/ec89419e-3baa-4164-b5d4-feb08873daa2-6.webp,new-yachts/ec89419e-3baa-4164-b5d4-feb08873daa2/ec89419e-3baa-4164-b5d4-feb08873daa2-6.webp,6,2026-03-26 22:02:28.682492+00
3b7e280d-2b99-4c8a-9022-db363718af26,eb2fce67-a66b-40a5-94ae-50cceec70566,https://awrznjnofgmlqjiayhoi.supabase.co/storage/v1/object/public/yacht-images/new-yachts/eb2fce67-a66b-40a5-94ae-50cceec70566/eb2fce67-a66b-40a5-94ae-50cceec70566-10.jpg,new-yachts/eb2fce67-a66b-40a5-94ae-50cceec70566/eb2fce67-a66b-40a5-94ae-50cceec70566-10.jpg,10,2026-04-22 17:07:14.117191+00
3ba163d1-5588-4ebc-8d4c-7d230c209f65,eb4c00ef-9609-4812-b38a-eb3742333511,https://awrznjnofgmlqjiayhoi.supabase.co/storage/v1/object/public/yacht-images/new-yachts/eb4c00ef-9609-4812-b38a-eb3742333511/eb4c00ef-9609-4812-b38a-eb3742333511-4.jpg,new-yachts/eb4c00ef-9609-4812-b38a-eb3742333511/eb4c00ef-9609-4812-b38a-eb3742333511-4.jpg,4,2026-04-22 17:03:22.02803+00
3bb96938-1655-4101-abd1-94a9d8c083ba,b91a48c7-b650-4d3e-8163-342f849e50a2,https://awrznjnofgmlqjiayhoi.supabase.co/storage/v1/object/public/yacht-images/new-yachts/b91a48c7-b650-4d3e-8163-342f849e50a2/b91a48c7-b650-4d3e-8163-342f849e50a2-7.jpg,new-yachts/b91a48c7-b650-4d3e-8163-342f849e50a2/b91a48c7-b650-4d3e-8163-342f849e50a2-7.jpg,7,2026-04-22 17:00:24.235893+00
3bbbff21-0b96-4f02-ac80-3662fd249a78,d8ada534-6eb6-4282-b98a-49bf8e72c7df,https://awrznjnofgmlqjiayhoi.supabase.co/storage/v1/object/public/yacht-images/new-yachts/d8ada534-6eb6-4282-b98a-49bf8e72c7df/d8ada534-6eb6-4282-b98a-49bf8e72c7df-1.jpg,new-yachts/d8ada534-6eb6-4282-b98a-49bf8e72c7df/d8ada534-6eb6-4282-b98a-49bf8e72c7df-1.jpg,1,2026-03-26 19:15:02.803919+00
3bca8566-70e9-4ca7-bf6f-90298cf449b5,f5d60854-b6fa-4fc1-b3f2-8e6adb8a393e,https://awrznjnofgmlqjiayhoi.supabase.co/storage/v1/object/public/yacht-images/new-yachts/f5d60854-b6fa-4fc1-b3f2-8e6adb8a393e/f5d60854-b6fa-4fc1-b3f2-8e6adb8a393e-5.jpg,new-yachts/f5d60854-b6fa-4fc1-b3f2-8e6adb8a393e/f5d60854-b6fa-4fc1-b3f2-8e6adb8a393e-5.jpg,5,2026-04-22 18:50:23.92476+00
3bcb2206-0723-4266-bac3-ff7f29a5dbe7,82e61cac-cd66-43b8-93f1-8a31b9a344f1,https://awrznjnofgmlqjiayhoi.supabase.co/storage/v1/object/public/yacht-images/new-yachts/82e61cac-cd66-43b8-93f1-8a31b9a344f1/82e61cac-cd66-43b8-93f1-8a31b9a344f1-8.webp,new-yachts/82e61cac-cd66-43b8-93f1-8a31b9a344f1/82e61cac-cd66-43b8-93f1-8a31b9a344f1-8.webp,8,2026-02-28 18:56:30.182992+00
3bdab874-7912-44c1-a0c7-6fc4a66a0599,062adaff-6e68-4667-aa06-21653f05ee5e,https://awrznjnofgmlqjiayhoi.supabase.co/storage/v1/object/public/yacht-images/new-yachts/062adaff-6e68-4667-aa06-21653f05ee5e/062adaff-6e68-4667-aa06-21653f05ee5e-1.jpg,new-yachts/062adaff-6e68-4667-aa06-21653f05ee5e/062adaff-6e68-4667-aa06-21653f05ee5e-1.jpg,1,2026-04-10 12:15:35.838387+00
3c406bb2-b89a-48bb-956e-219333c527a2,ca11d0bc-19db-4d7f-965d-da4a896b189a,https://awrznjnofgmlqjiayhoi.supabase.co/storage/v1/object/public/yacht-images/new-yachts/ca11d0bc-19db-4d7f-965d-da4a896b189a/ca11d0bc-19db-4d7f-965d-da4a896b189a-8.webp,new-yachts/ca11d0bc-19db-4d7f-965d-da4a896b189a/ca11d0bc-19db-4d7f-965d-da4a896b189a-8.webp,8,2026-03-01 09:48:14.894109+00
3c5864c5-8f58-4a4e-b3dd-f6244087ea16,9ec06a62-12e4-4bb0-9fe9-56bced3c8bc2,https://awrznjnofgmlqjiayhoi.supabase.co/storage/v1/object/public/yacht-images/new-yachts/9ec06a62-12e4-4bb0-9fe9-56bced3c8bc2/9ec06a62-12e4-4bb0-9fe9-56bced3c8bc2-9.jpg,new-yachts/9ec06a62-12e4-4bb0-9fe9-56bced3c8bc2/9ec06a62-12e4-4bb0-9fe9-56bced3c8bc2-9.jpg,9,2026-04-24 22:46:59.758037+00
3c6834f4-e1e4-4a76-a7fb-9501a0542faa,173fb8d6-c365-471d-aa65-ae65f21664a3,https://awrznjnofgmlqjiayhoi.supabase.co/storage/v1/object/public/yacht-images/new-yachts/173fb8d6-c365-471d-aa65-ae65f21664a3/173fb8d6-c365-471d-aa65-ae65f21664a3-7.jpg,new-yachts/173fb8d6-c365-471d-aa65-ae65f21664a3/173fb8d6-c365-471d-aa65-ae65f21664a3-7.jpg,7,2026-04-22 18:36:16.803959+00
3c7ed033-3b03-466a-9c6e-5b270fd8c67d,3ae371a3-e26d-4636-80b0-d7b349ba30eb,https://awrznjnofgmlqjiayhoi.supabase.co/storage/v1/object/public/yacht-images/new-yachts/3ae371a3-e26d-4636-80b0-d7b349ba30eb/3ae371a3-e26d-4636-80b0-d7b349ba30eb-2.webp,new-yachts/3ae371a3-e26d-4636-80b0-d7b349ba30eb/3ae371a3-e26d-4636-80b0-d7b349ba30eb-2.webp,2,2026-03-26 21:26:32.922562+00
3c9888b6-e4cd-4bfa-a7e6-04a75d1b3027,d43803e9-b003-4476-8e95-055499dd2f2f,https://awrznjnofgmlqjiayhoi.supabase.co/storage/v1/object/public/yacht-images/new-yachts/d43803e9-b003-4476-8e95-055499dd2f2f/d43803e9-b003-4476-8e95-055499dd2f2f-9.jpg,new-yachts/d43803e9-b003-4476-8e95-055499dd2f2f/d43803e9-b003-4476-8e95-055499dd2f2f-9.jpg,9,2026-04-22 18:08:56.987389+00
3c9b2306-7418-4446-82d8-864d8fdf1d82,7a218c13-b279-49d9-8ee4-bec942046f18,https://awrznjnofgmlqjiayhoi.supabase.co/storage/v1/object/public/yacht-images/new-yachts/7a218c13-b279-49d9-8ee4-bec942046f18/7a218c13-b279-49d9-8ee4-bec942046f18-8.jpg,new-yachts/7a218c13-b279-49d9-8ee4-bec942046f18/7a218c13-b279-49d9-8ee4-bec942046f18-8.jpg,8,2026-04-23 13:00:04.957907+00
3cc9a0e9-dfc9-414a-a431-9ad304f72c0e,efab5d6c-7ff4-4641-8abb-e8196d7a9f3d,https://awrznjnofgmlqjiayhoi.supabase.co/storage/v1/object/public/yacht-images/new-yachts/efab5d6c-7ff4-4641-8abb-e8196d7a9f3d/efab5d6c-7ff4-4641-8abb-e8196d7a9f3d-7.jpg,new-yachts/efab5d6c-7ff4-4641-8abb-e8196d7a9f3d/efab5d6c-7ff4-4641-8abb-e8196d7a9f3d-7.jpg,7,2026-04-22 15:11:49.139583+00
3cca5c04-24ae-4f67-8c17-3fede608f9fa,4946a8d3-25c4-46a5-b04f-a79ff159ab15,https://awrznjnofgmlqjiayhoi.supabase.co/storage/v1/object/public/yacht-images/new-yachts/4946a8d3-25c4-46a5-b04f-a79ff159ab15/4946a8d3-25c4-46a5-b04f-a79ff159ab15-6.jpg,new-yachts/4946a8d3-25c4-46a5-b04f-a79ff159ab15/4946a8d3-25c4-46a5-b04f-a79ff159ab15-6.jpg,6,2026-04-24 00:38:48.108562+00
3cd08c4a-d81b-4aa0-a385-6e7f4d07ed2d,0e541ad4-8295-4b8e-87e1-847060de50a8,https://awrznjnofgmlqjiayhoi.supabase.co/storage/v1/object/public/yacht-images/new-yachts/0e541ad4-8295-4b8e-87e1-847060de50a8/0e541ad4-8295-4b8e-87e1-847060de50a8-2.jpg,new-yachts/0e541ad4-8295-4b8e-87e1-847060de50a8/0e541ad4-8295-4b8e-87e1-847060de50a8-2.jpg,2,2026-04-22 16:29:45.211103+00
3cd8dc06-52b6-462c-87fb-e1dff28a9d35,b79617e8-78f0-4a13-a5df-9c00dfd10d41,https://awrznjnofgmlqjiayhoi.supabase.co/storage/v1/object/public/yacht-images/new-yachts/b79617e8-78f0-4a13-a5df-9c00dfd10d41/b79617e8-78f0-4a13-a5df-9c00dfd10d41-8.jpg,new-yachts/b79617e8-78f0-4a13-a5df-9c00dfd10d41/b79617e8-78f0-4a13-a5df-9c00dfd10d41-8.jpg,8,2026-04-22 14:49:44.242501+00
3cd8f392-5564-48a8-b016-b487dd2ea338,d4d051c3-8265-40c7-a211-75a07354158f,https://awrznjnofgmlqjiayhoi.supabase.co/storage/v1/object/public/yacht-images/new-yachts/d4d051c3-8265-40c7-a211-75a07354158f/d4d051c3-8265-40c7-a211-75a07354158f-7.jpg,new-yachts/d4d051c3-8265-40c7-a211-75a07354158f/d4d051c3-8265-40c7-a211-75a07354158f-7.jpg,7,2026-04-23 09:15:31.803306+00
3cd9f831-45f4-45f7-84e2-14c7f509fb54,102e63a3-5829-440b-91c7-fbbb909decf6,https://awrznjnofgmlqjiayhoi.supabase.co/storage/v1/object/public/yacht-images/new-yachts/102e63a3-5829-440b-91c7-fbbb909decf6/102e63a3-5829-440b-91c7-fbbb909decf6-1.jpg,new-yachts/102e63a3-5829-440b-91c7-fbbb909decf6/102e63a3-5829-440b-91c7-fbbb909decf6-1.jpg,1,2026-04-22 18:19:20.679529+00
3ce9e979-2dd5-42fa-9ebb-aa2097258e94,58b73dc9-e3f7-45b6-b6bb-05639d77e162,https://awrznjnofgmlqjiayhoi.supabase.co/storage/v1/object/public/yacht-images/new-yachts/58b73dc9-e3f7-45b6-b6bb-05639d77e162/58b73dc9-e3f7-45b6-b6bb-05639d77e162-4.jpg,new-yachts/58b73dc9-e3f7-45b6-b6bb-05639d77e162/58b73dc9-e3f7-45b6-b6bb-05639d77e162-4.jpg,4,2026-04-22 14:37:39.655187+00
3d1986e5-e5fd-4719-b86c-8d99d4ba41dd,c04837c6-f2a3-4118-a6b3-0acd537b2841,https://awrznjnofgmlqjiayhoi.supabase.co/storage/v1/object/public/yacht-images/new-yachts/c04837c6-f2a3-4118-a6b3-0acd537b2841/c04837c6-f2a3-4118-a6b3-0acd537b2841-2.jpg,new-yachts/c04837c6-f2a3-4118-a6b3-0acd537b2841/c04837c6-f2a3-4118-a6b3-0acd537b2841-2.jpg,2,2026-04-22 18:40:34.726902+00
3d268181-7b8d-4782-baaa-e09d68691707,572bec71-8a15-4844-8cd3-1f9a6e016810,https://awrznjnofgmlqjiayhoi.supabase.co/storage/v1/object/public/yacht-images/new-yachts/572bec71-8a15-4844-8cd3-1f9a6e016810/572bec71-8a15-4844-8cd3-1f9a6e016810-8.jpg,new-yachts/572bec71-8a15-4844-8cd3-1f9a6e016810/572bec71-8a15-4844-8cd3-1f9a6e016810-8.jpg,8,2026-04-22 14:32:35.205017+00
3d35980c-6e42-454b-b9cf-47439bea45b9,8e5f6ed1-f9a8-43a4-b959-76c71e39942e,https://awrznjnofgmlqjiayhoi.supabase.co/storage/v1/object/public/yacht-images/new-yachts/8e5f6ed1-f9a8-43a4-b959-76c71e39942e/8e5f6ed1-f9a8-43a4-b959-76c71e39942e-5.jpg,new-yachts/8e5f6ed1-f9a8-43a4-b959-76c71e39942e/8e5f6ed1-f9a8-43a4-b959-76c71e39942e-5.jpg,5,2026-04-22 16:28:45.524316+00
3d3f51cc-c607-4352-833e-3831c28f5127,7003a6dc-f1a6-4109-a0e2-854d49db77fc,https://awrznjnofgmlqjiayhoi.supabase.co/storage/v1/object/public/yacht-images/new-yachts/7003a6dc-f1a6-4109-a0e2-854d49db77fc/7003a6dc-f1a6-4109-a0e2-854d49db77fc-8.jpg,new-yachts/7003a6dc-f1a6-4109-a0e2-854d49db77fc/7003a6dc-f1a6-4109-a0e2-854d49db77fc-8.jpg,8,2026-04-23 08:56:26.535659+00
3d495680-f961-4c7c-8067-aadc808f9791,431072c2-81c2-46f5-a089-5bf802cc7fb6,https://awrznjnofgmlqjiayhoi.supabase.co/storage/v1/object/public/yacht-images/new-yachts/431072c2-81c2-46f5-a089-5bf802cc7fb6/431072c2-81c2-46f5-a089-5bf802cc7fb6-5.jpg,new-yachts/431072c2-81c2-46f5-a089-5bf802cc7fb6/431072c2-81c2-46f5-a089-5bf802cc7fb6-5.jpg,5,2026-04-22 18:18:37.508717+00
3d50a4c9-2302-42d0-8be8-4b028b521b62,b8386205-38db-4b2c-b839-b02eb7dbdb4e,https://awrznjnofgmlqjiayhoi.supabase.co/storage/v1/object/public/yacht-images/new-yachts/b8386205-38db-4b2c-b839-b02eb7dbdb4e/b8386205-38db-4b2c-b839-b02eb7dbdb4e-2.jpg,new-yachts/b8386205-38db-4b2c-b839-b02eb7dbdb4e/b8386205-38db-4b2c-b839-b02eb7dbdb4e-2.jpg,2,2026-04-24 17:54:48.374173+00
3d650dd1-24ed-4a55-8dc5-3b362e60f0ca,1c9c5021-243c-4924-8493-30151cb88f63,https://awrznjnofgmlqjiayhoi.supabase.co/storage/v1/object/public/yacht-images/new-yachts/1c9c5021-243c-4924-8493-30151cb88f63/1c9c5021-243c-4924-8493-30151cb88f63-4.jpg,new-yachts/1c9c5021-243c-4924-8493-30151cb88f63/1c9c5021-243c-4924-8493-30151cb88f63-4.jpg,4,2026-04-22 18:05:15.660329+00
3e093a39-a92e-4b46-8062-1bbd332a78af,45381c1b-cc44-4567-bac3-ca74940d9098,https://awrznjnofgmlqjiayhoi.supabase.co/storage/v1/object/public/yacht-images/new-yachts/45381c1b-cc44-4567-bac3-ca74940d9098/45381c1b-cc44-4567-bac3-ca74940d9098-4.webp,new-yachts/45381c1b-cc44-4567-bac3-ca74940d9098/45381c1b-cc44-4567-bac3-ca74940d9098-4.webp,4,2026-02-28 19:38:57.982704+00
3e351556-ef52-4a37-b615-2d12786f0179,5491dfd2-b60d-460f-a1c5-d20b54a68599,https://awrznjnofgmlqjiayhoi.supabase.co/storage/v1/object/public/yacht-images/new-yachts/5491dfd2-b60d-460f-a1c5-d20b54a68599/5491dfd2-b60d-460f-a1c5-d20b54a68599-8.jpg,new-yachts/5491dfd2-b60d-460f-a1c5-d20b54a68599/5491dfd2-b60d-460f-a1c5-d20b54a68599-8.jpg,8,2026-04-22 17:33:41.31924+00
3e580b28-4ab4-45fa-806a-5495ca0e894b,24bfce86-bd6a-49a2-8c6d-f3defd842949,https://awrznjnofgmlqjiayhoi.supabase.co/storage/v1/object/public/yacht-images/new-yachts/24bfce86-bd6a-49a2-8c6d-f3defd842949/24bfce86-bd6a-49a2-8c6d-f3defd842949-9.jpg,new-yachts/24bfce86-bd6a-49a2-8c6d-f3defd842949/24bfce86-bd6a-49a2-8c6d-f3defd842949-9.jpg,9,2026-04-24 00:48:57.266786+00
3ebdec97-a781-4b4c-b0ee-91dbed27d90d,68193184-66ee-493e-b2f7-72ff5c829416,https://awrznjnofgmlqjiayhoi.supabase.co/storage/v1/object/public/yacht-images/new-yachts/68193184-66ee-493e-b2f7-72ff5c829416/68193184-66ee-493e-b2f7-72ff5c829416-2.jpg,new-yachts/68193184-66ee-493e-b2f7-72ff5c829416/68193184-66ee-493e-b2f7-72ff5c829416-2.jpg,2,2026-04-24 00:34:19.327548+00
3ec598bb-f058-479e-aaae-d523f21dca46,237c6c51-03ca-4beb-9c4a-7ff0afb95627,https://awrznjnofgmlqjiayhoi.supabase.co/storage/v1/object/public/yacht-images/new-yachts/237c6c51-03ca-4beb-9c4a-7ff0afb95627/237c6c51-03ca-4beb-9c4a-7ff0afb95627-7.jpg,new-yachts/237c6c51-03ca-4beb-9c4a-7ff0afb95627/237c6c51-03ca-4beb-9c4a-7ff0afb95627-7.jpg,7,2026-04-22 14:48:14.035264+00
3ee3fe8d-29fe-4859-8727-9ed337ece740,7a50d9e7-20f7-4649-ab05-d5426fa270c2,https://awrznjnofgmlqjiayhoi.supabase.co/storage/v1/object/public/yacht-images/new-yachts/7a50d9e7-20f7-4649-ab05-d5426fa270c2/7a50d9e7-20f7-4649-ab05-d5426fa270c2-1.jpg,new-yachts/7a50d9e7-20f7-4649-ab05-d5426fa270c2/7a50d9e7-20f7-4649-ab05-d5426fa270c2-1.jpg,1,2026-03-26 21:49:34.651147+00
3f01b0d9-57d6-4020-b0fb-4cf0535ee6ec,093e8300-40b1-41b7-ab55-f8d53889c761,https://awrznjnofgmlqjiayhoi.supabase.co/storage/v1/object/public/yacht-images/new-yachts/093e8300-40b1-41b7-ab55-f8d53889c761/093e8300-40b1-41b7-ab55-f8d53889c761-update-1774380922935-2.webp,new-yachts/093e8300-40b1-41b7-ab55-f8d53889c761/093e8300-40b1-41b7-ab55-f8d53889c761-update-1774380922935-2.webp,7,2026-03-24 19:35:23.480567+00
3f183c81-c85e-483f-970f-cd3b7708e4d5,25707908-8308-40b0-8a69-b0900e65d602,https://awrznjnofgmlqjiayhoi.supabase.co/storage/v1/object/public/yacht-images/new-yachts/25707908-8308-40b0-8a69-b0900e65d602/25707908-8308-40b0-8a69-b0900e65d602-5.jpg,new-yachts/25707908-8308-40b0-8a69-b0900e65d602/25707908-8308-40b0-8a69-b0900e65d602-5.jpg,5,2026-04-24 00:40:09.886419+00
3f296c1b-6fcb-404d-b769-70ad5c3315cb,7003d27f-6b57-46b0-a81b-704b45d99e4b,https://awrznjnofgmlqjiayhoi.supabase.co/storage/v1/object/public/yacht-images/new-yachts/7003d27f-6b57-46b0-a81b-704b45d99e4b/7003d27f-6b57-46b0-a81b-704b45d99e4b-7.jpg,new-yachts/7003d27f-6b57-46b0-a81b-704b45d99e4b/7003d27f-6b57-46b0-a81b-704b45d99e4b-7.jpg,7,2026-04-23 23:58:00.264255+00
3f7bba0f-14a2-4599-b556-a6965d5290cb,d15f9400-57d7-4e7e-8194-b1c06fe5f250,https://awrznjnofgmlqjiayhoi.supabase.co/storage/v1/object/public/yacht-images/new-yachts/d15f9400-57d7-4e7e-8194-b1c06fe5f250/d15f9400-57d7-4e7e-8194-b1c06fe5f250-4.jpg,new-yachts/d15f9400-57d7-4e7e-8194-b1c06fe5f250/d15f9400-57d7-4e7e-8194-b1c06fe5f250-4.jpg,4,2026-04-24 15:53:01.838567+00
3f828a18-87b5-42c7-beaa-220d648227d8,68193184-66ee-493e-b2f7-72ff5c829416,https://awrznjnofgmlqjiayhoi.supabase.co/storage/v1/object/public/yacht-images/new-yachts/68193184-66ee-493e-b2f7-72ff5c829416/68193184-66ee-493e-b2f7-72ff5c829416-1.jpg,new-yachts/68193184-66ee-493e-b2f7-72ff5c829416/68193184-66ee-493e-b2f7-72ff5c829416-1.jpg,1,2026-04-24 00:34:18.639399+00
3f89fc5e-856e-4d2b-ab55-9f6688f69a33,f9904641-715e-47d0-a6b0-3b971b5da052,https://awrznjnofgmlqjiayhoi.supabase.co/storage/v1/object/public/yacht-images/new-yachts/f9904641-715e-47d0-a6b0-3b971b5da052/f9904641-715e-47d0-a6b0-3b971b5da052-4.jpg,new-yachts/f9904641-715e-47d0-a6b0-3b971b5da052/f9904641-715e-47d0-a6b0-3b971b5da052-4.jpg,4,2026-04-22 17:58:00.347719+00
3f991fee-701a-4305-ba08-c402f8bda9d9,1646a0a5-5fa5-410b-8b32-7ade84fab230,https://awrznjnofgmlqjiayhoi.supabase.co/storage/v1/object/public/yacht-images/new-yachts/1646a0a5-5fa5-410b-8b32-7ade84fab230/1646a0a5-5fa5-410b-8b32-7ade84fab230-1.jpg,new-yachts/1646a0a5-5fa5-410b-8b32-7ade84fab230/1646a0a5-5fa5-410b-8b32-7ade84fab230-1.jpg,1,2026-04-24 00:44:36.38236+00
3fb1108b-b849-4dd6-9706-0e7d40ae11b3,91769d69-569c-4fe5-a1c0-f5be639a78da,https://awrznjnofgmlqjiayhoi.supabase.co/storage/v1/object/public/yacht-images/new-yachts/91769d69-569c-4fe5-a1c0-f5be639a78da/91769d69-569c-4fe5-a1c0-f5be639a78da-1.jpg,new-yachts/91769d69-569c-4fe5-a1c0-f5be639a78da/91769d69-569c-4fe5-a1c0-f5be639a78da-1.jpg,1,2026-03-26 21:31:28.143061+00
3fba5ba0-9327-4993-b1a6-e8ec2b0c7449,e3ed0b65-11ce-434b-b654-3450349c0ac2,https://awrznjnofgmlqjiayhoi.supabase.co/storage/v1/object/public/yacht-images/new-yachts/e3ed0b65-11ce-434b-b654-3450349c0ac2/e3ed0b65-11ce-434b-b654-3450349c0ac2-2.jpg,new-yachts/e3ed0b65-11ce-434b-b654-3450349c0ac2/e3ed0b65-11ce-434b-b654-3450349c0ac2-2.jpg,2,2026-04-22 17:28:15.616794+00
3fcccdc0-9af4-4417-89ff-25aa96de4c7e,c3661269-98db-4434-968d-fcc49da5955d,https://awrznjnofgmlqjiayhoi.supabase.co/storage/v1/object/public/yacht-images/new-yachts/c3661269-98db-4434-968d-fcc49da5955d/c3661269-98db-4434-968d-fcc49da5955d-10.jpg,new-yachts/c3661269-98db-4434-968d-fcc49da5955d/c3661269-98db-4434-968d-fcc49da5955d-10.jpg,10,2026-04-24 00:37:26.435638+00
3fcfd579-860a-491a-a015-1acf8b006f7d,24bfce86-bd6a-49a2-8c6d-f3defd842949,https://awrznjnofgmlqjiayhoi.supabase.co/storage/v1/object/public/yacht-images/new-yachts/24bfce86-bd6a-49a2-8c6d-f3defd842949/24bfce86-bd6a-49a2-8c6d-f3defd842949-7.jpg,new-yachts/24bfce86-bd6a-49a2-8c6d-f3defd842949/24bfce86-bd6a-49a2-8c6d-f3defd842949-7.jpg,7,2026-04-24 00:48:56.054783+00
3fd5597f-20c2-4f2d-a324-313e8ff4440b,83795779-a646-4c1e-b643-56e99168b304,https://awrznjnofgmlqjiayhoi.supabase.co/storage/v1/object/public/yacht-images/new-yachts/83795779-a646-4c1e-b643-56e99168b304/83795779-a646-4c1e-b643-56e99168b304-1.jpg,new-yachts/83795779-a646-4c1e-b643-56e99168b304/83795779-a646-4c1e-b643-56e99168b304-1.jpg,1,2026-04-22 18:07:47.081956+00
402c5fbf-ab5a-42fa-aa63-0aa53ae7bdf8,370c34aa-94d0-43d9-8609-7cb172eaa603,https://awrznjnofgmlqjiayhoi.supabase.co/storage/v1/object/public/yacht-images/new-yachts/370c34aa-94d0-43d9-8609-7cb172eaa603/370c34aa-94d0-43d9-8609-7cb172eaa603-3.jpg,new-yachts/370c34aa-94d0-43d9-8609-7cb172eaa603/370c34aa-94d0-43d9-8609-7cb172eaa603-3.jpg,3,2026-04-24 00:19:40.827484+00
40302e9e-4621-493e-b104-618c34e5eab1,f4b8122c-8b42-473d-bec4-396b5cf3471c,https://awrznjnofgmlqjiayhoi.supabase.co/storage/v1/object/public/yacht-images/new-yachts/f4b8122c-8b42-473d-bec4-396b5cf3471c/f4b8122c-8b42-473d-bec4-396b5cf3471c-2.webp,new-yachts/f4b8122c-8b42-473d-bec4-396b5cf3471c/f4b8122c-8b42-473d-bec4-396b5cf3471c-2.webp,2,2026-03-13 10:29:03.021188+00
405cf7d3-ff5e-432d-9870-7781e78da4f9,c68a7db7-8d92-4023-b92f-d18bc6acd6b2,https://awrznjnofgmlqjiayhoi.supabase.co/storage/v1/object/public/yacht-images/new-yachts/c68a7db7-8d92-4023-b92f-d18bc6acd6b2/c68a7db7-8d92-4023-b92f-d18bc6acd6b2-1.jpg,new-yachts/c68a7db7-8d92-4023-b92f-d18bc6acd6b2/c68a7db7-8d92-4023-b92f-d18bc6acd6b2-1.jpg,1,2026-03-26 21:53:44.226713+00
407ee303-33e7-4893-b6d0-dd0b2471a1bf,1cddd9eb-4fd6-4f55-a3f8-8744a301fa2d,https://awrznjnofgmlqjiayhoi.supabase.co/storage/v1/object/public/yacht-images/new-yachts/1cddd9eb-4fd6-4f55-a3f8-8744a301fa2d/1cddd9eb-4fd6-4f55-a3f8-8744a301fa2d-10.jpg,new-yachts/1cddd9eb-4fd6-4f55-a3f8-8744a301fa2d/1cddd9eb-4fd6-4f55-a3f8-8744a301fa2d-10.jpg,10,2026-04-24 19:58:24.44922+00
40b9eeb9-2acf-49f7-a4cc-8de21ef7f486,a8d19c2b-a5f4-4fd2-ae34-4b4128a138e3,https://awrznjnofgmlqjiayhoi.supabase.co/storage/v1/object/public/yacht-images/new-yachts/a8d19c2b-a5f4-4fd2-ae34-4b4128a138e3/a8d19c2b-a5f4-4fd2-ae34-4b4128a138e3-4.jpg,new-yachts/a8d19c2b-a5f4-4fd2-ae34-4b4128a138e3/a8d19c2b-a5f4-4fd2-ae34-4b4128a138e3-4.jpg,4,2026-04-22 17:31:33.529325+00
40bf3234-76c8-474d-ad2b-9659a9ac521f,1c9c5021-243c-4924-8493-30151cb88f63,https://awrznjnofgmlqjiayhoi.supabase.co/storage/v1/object/public/yacht-images/new-yachts/1c9c5021-243c-4924-8493-30151cb88f63/1c9c5021-243c-4924-8493-30151cb88f63-9.jpg,new-yachts/1c9c5021-243c-4924-8493-30151cb88f63/1c9c5021-243c-4924-8493-30151cb88f63-9.jpg,9,2026-04-22 18:05:19.505245+00
40dc2b3a-b254-4d4a-8e11-c55ac7a165f3,c062ace5-658e-4daa-a8b1-8591a5768de3,https://awrznjnofgmlqjiayhoi.supabase.co/storage/v1/object/public/yacht-images/new-yachts/c062ace5-658e-4daa-a8b1-8591a5768de3/c062ace5-658e-4daa-a8b1-8591a5768de3-8.jpg,new-yachts/c062ace5-658e-4daa-a8b1-8591a5768de3/c062ace5-658e-4daa-a8b1-8591a5768de3-8.jpg,8,2026-04-22 18:02:18.255349+00
40f02278-0f78-4c44-ab6c-5b6ea791c3e8,44637863-e1b1-4505-9f38-065853e6693c,https://awrznjnofgmlqjiayhoi.supabase.co/storage/v1/object/public/yacht-images/new-yachts/44637863-e1b1-4505-9f38-065853e6693c/44637863-e1b1-4505-9f38-065853e6693c-3.jpg,new-yachts/44637863-e1b1-4505-9f38-065853e6693c/44637863-e1b1-4505-9f38-065853e6693c-3.jpg,3,2026-04-22 15:15:24.805548+00
413a85a1-2dde-41ad-b725-6d24c5e4ea0c,0c015923-44a5-4de2-8d0c-532e76fc17c7,https://awrznjnofgmlqjiayhoi.supabase.co/storage/v1/object/public/yacht-images/new-yachts/0c015923-44a5-4de2-8d0c-532e76fc17c7/0c015923-44a5-4de2-8d0c-532e76fc17c7-11.jpg,new-yachts/0c015923-44a5-4de2-8d0c-532e76fc17c7/0c015923-44a5-4de2-8d0c-532e76fc17c7-11.jpg,11,2026-04-22 16:25:20.433785+00
414918d9-56b0-4484-965b-83c9cfad5cff,000dcfdc-eec1-4fd8-90e3-fe9a6e37721b,https://awrznjnofgmlqjiayhoi.supabase.co/storage/v1/object/public/yacht-images/new-yachts/000dcfdc-eec1-4fd8-90e3-fe9a6e37721b/000dcfdc-eec1-4fd8-90e3-fe9a6e37721b-1.jpg,new-yachts/000dcfdc-eec1-4fd8-90e3-fe9a6e37721b/000dcfdc-eec1-4fd8-90e3-fe9a6e37721b-1.jpg,1,2026-03-26 21:47:59.370381+00
41579351-fc24-4701-b2a4-aa2f7deba500,2202596a-f8b5-44c3-ab52-6f4d6cfc8522,https://awrznjnofgmlqjiayhoi.supabase.co/storage/v1/object/public/yacht-images/new-yachts/2202596a-f8b5-44c3-ab52-6f4d6cfc8522/2202596a-f8b5-44c3-ab52-6f4d6cfc8522-5.jpg,new-yachts/2202596a-f8b5-44c3-ab52-6f4d6cfc8522/2202596a-f8b5-44c3-ab52-6f4d6cfc8522-5.jpg,5,2026-04-22 17:24:56.864206+00
416a5e65-3a77-4446-8805-85c368c3038f,cf884b59-eebf-427e-b547-f2bde54c5d89,https://awrznjnofgmlqjiayhoi.supabase.co/storage/v1/object/public/yacht-images/new-yachts/cf884b59-eebf-427e-b547-f2bde54c5d89/cf884b59-eebf-427e-b547-f2bde54c5d89-6.jpg,new-yachts/cf884b59-eebf-427e-b547-f2bde54c5d89/cf884b59-eebf-427e-b547-f2bde54c5d89-6.jpg,6,2026-04-24 22:32:27.836424+00
4192ea37-90d8-41b3-8754-15a16067e334,572bec71-8a15-4844-8cd3-1f9a6e016810,https://awrznjnofgmlqjiayhoi.supabase.co/storage/v1/object/public/yacht-images/new-yachts/572bec71-8a15-4844-8cd3-1f9a6e016810/572bec71-8a15-4844-8cd3-1f9a6e016810-10.jpg,new-yachts/572bec71-8a15-4844-8cd3-1f9a6e016810/572bec71-8a15-4844-8cd3-1f9a6e016810-10.jpg,10,2026-04-22 14:32:36.640728+00
419b3ea4-6438-41be-b340-8ce5703142f1,032e6c07-1353-4bf5-8770-311b7c1e4d9e,https://awrznjnofgmlqjiayhoi.supabase.co/storage/v1/object/public/yacht-images/new-yachts/032e6c07-1353-4bf5-8770-311b7c1e4d9e/032e6c07-1353-4bf5-8770-311b7c1e4d9e-2.jpg,new-yachts/032e6c07-1353-4bf5-8770-311b7c1e4d9e/032e6c07-1353-4bf5-8770-311b7c1e4d9e-2.jpg,2,2026-04-24 22:18:50.852634+00
419f338e-7168-4052-9fc5-a41445e44394,6f7d9f4f-3551-4c4b-b5f7-bd5596935016,https://awrznjnofgmlqjiayhoi.supabase.co/storage/v1/object/public/yacht-images/new-yachts/6f7d9f4f-3551-4c4b-b5f7-bd5596935016/6f7d9f4f-3551-4c4b-b5f7-bd5596935016-1.jpg,new-yachts/6f7d9f4f-3551-4c4b-b5f7-bd5596935016/6f7d9f4f-3551-4c4b-b5f7-bd5596935016-1.jpg,1,2026-04-24 00:33:06.554004+00
41e606ad-dbf5-4720-a28b-b10ffd361c37,d498bf47-d0e2-4d72-b4e2-cfed8ea1e453,https://awrznjnofgmlqjiayhoi.supabase.co/storage/v1/object/public/yacht-images/new-yachts/d498bf47-d0e2-4d72-b4e2-cfed8ea1e453/d498bf47-d0e2-4d72-b4e2-cfed8ea1e453-2.jpg,new-yachts/d498bf47-d0e2-4d72-b4e2-cfed8ea1e453/d498bf47-d0e2-4d72-b4e2-cfed8ea1e453-2.jpg,2,2026-04-22 15:18:16.107274+00
41e61ba1-12f4-43ee-83a0-b5599e8ed69c,c5b0d543-c566-43ab-b8a7-1075c0144fa9,https://awrznjnofgmlqjiayhoi.supabase.co/storage/v1/object/public/yacht-images/new-yachts/c5b0d543-c566-43ab-b8a7-1075c0144fa9/c5b0d543-c566-43ab-b8a7-1075c0144fa9-8.jpg,new-yachts/c5b0d543-c566-43ab-b8a7-1075c0144fa9/c5b0d543-c566-43ab-b8a7-1075c0144fa9-8.jpg,8,2026-04-22 18:43:43.667415+00
42256f16-9671-4667-95d5-5d5f64eb6bd0,d0282847-d186-4083-920d-8b329d9ebfce,https://awrznjnofgmlqjiayhoi.supabase.co/storage/v1/object/public/yacht-images/new-yachts/d0282847-d186-4083-920d-8b329d9ebfce/d0282847-d186-4083-920d-8b329d9ebfce-5.jpg,new-yachts/d0282847-d186-4083-920d-8b329d9ebfce/d0282847-d186-4083-920d-8b329d9ebfce-5.jpg,5,2026-04-24 00:51:50.213976+00
423b21d2-2d0a-48b5-bbe6-9703461ae6f6,68c062bb-e891-4c5a-8aa5-c2f096bff908,https://awrznjnofgmlqjiayhoi.supabase.co/storage/v1/object/public/yacht-images/new-yachts/68c062bb-e891-4c5a-8aa5-c2f096bff908/68c062bb-e891-4c5a-8aa5-c2f096bff908-4.jpg,new-yachts/68c062bb-e891-4c5a-8aa5-c2f096bff908/68c062bb-e891-4c5a-8aa5-c2f096bff908-4.jpg,4,2026-04-22 16:11:18.652871+00
426e7b2a-8670-40e3-8704-cb34b8a32c9f,62d68832-feb4-47c4-abf4-5ed5ac0ab054,https://awrznjnofgmlqjiayhoi.supabase.co/storage/v1/object/public/yacht-images/new-yachts/62d68832-feb4-47c4-abf4-5ed5ac0ab054/62d68832-feb4-47c4-abf4-5ed5ac0ab054-11.jpg,new-yachts/62d68832-feb4-47c4-abf4-5ed5ac0ab054/62d68832-feb4-47c4-abf4-5ed5ac0ab054-11.jpg,11,2026-04-22 18:16:36.693364+00
42898814-18a7-4584-8ec7-521a4e03d89d,8e5f6ed1-f9a8-43a4-b959-76c71e39942e,https://awrznjnofgmlqjiayhoi.supabase.co/storage/v1/object/public/yacht-images/new-yachts/8e5f6ed1-f9a8-43a4-b959-76c71e39942e/8e5f6ed1-f9a8-43a4-b959-76c71e39942e-3.jpg,new-yachts/8e5f6ed1-f9a8-43a4-b959-76c71e39942e/8e5f6ed1-f9a8-43a4-b959-76c71e39942e-3.jpg,3,2026-04-22 16:28:44.139441+00
42ca6056-895a-475c-b7de-490cd43736c6,1c9c5021-243c-4924-8493-30151cb88f63,https://awrznjnofgmlqjiayhoi.supabase.co/storage/v1/object/public/yacht-images/new-yachts/1c9c5021-243c-4924-8493-30151cb88f63/1c9c5021-243c-4924-8493-30151cb88f63-2.jpg,new-yachts/1c9c5021-243c-4924-8493-30151cb88f63/1c9c5021-243c-4924-8493-30151cb88f63-2.jpg,2,2026-04-22 18:05:13.414097+00
42cd295a-3ee1-4189-8d40-b2f598470377,83795779-a646-4c1e-b643-56e99168b304,https://awrznjnofgmlqjiayhoi.supabase.co/storage/v1/object/public/yacht-images/new-yachts/83795779-a646-4c1e-b643-56e99168b304/83795779-a646-4c1e-b643-56e99168b304-8.jpg,new-yachts/83795779-a646-4c1e-b643-56e99168b304/83795779-a646-4c1e-b643-56e99168b304-8.jpg,8,2026-04-22 18:07:52.003255+00
431d1f4a-4b6b-491f-88ad-68c92b588e51,aa8c6101-eb69-4a45-94b2-eb80dc49a261,https://awrznjnofgmlqjiayhoi.supabase.co/storage/v1/object/public/yacht-images/new-yachts/aa8c6101-eb69-4a45-94b2-eb80dc49a261/aa8c6101-eb69-4a45-94b2-eb80dc49a261-6.jpg,new-yachts/aa8c6101-eb69-4a45-94b2-eb80dc49a261/aa8c6101-eb69-4a45-94b2-eb80dc49a261-6.jpg,6,2026-04-24 17:50:36.124576+00
4344f32d-d5f2-40d4-9504-ee2750dc3150,6ba7e223-391d-4e9a-8228-0001d2b8ad99,https://awrznjnofgmlqjiayhoi.supabase.co/storage/v1/object/public/yacht-images/new-yachts/6ba7e223-391d-4e9a-8228-0001d2b8ad99/6ba7e223-391d-4e9a-8228-0001d2b8ad99-8.jpg,new-yachts/6ba7e223-391d-4e9a-8228-0001d2b8ad99/6ba7e223-391d-4e9a-8228-0001d2b8ad99-8.jpg,8,2026-04-24 00:04:35.562117+00
434a7925-64a1-424e-b1c3-5326a0dfb441,9bb11399-c9d0-426a-b423-506c3373bf26,https://awrznjnofgmlqjiayhoi.supabase.co/storage/v1/object/public/yacht-images/new-yachts/9bb11399-c9d0-426a-b423-506c3373bf26/9bb11399-c9d0-426a-b423-506c3373bf26-5.jpg,new-yachts/9bb11399-c9d0-426a-b423-506c3373bf26/9bb11399-c9d0-426a-b423-506c3373bf26-5.jpg,5,2026-04-22 18:33:45.100389+00
434b2ff9-09c5-43b1-b83c-b68511871365,4896d80d-42ee-4f28-868c-c8414fa5321d,https://awrznjnofgmlqjiayhoi.supabase.co/storage/v1/object/public/yacht-images/new-yachts/4896d80d-42ee-4f28-868c-c8414fa5321d/4896d80d-42ee-4f28-868c-c8414fa5321d-5.jpg,new-yachts/4896d80d-42ee-4f28-868c-c8414fa5321d/4896d80d-42ee-4f28-868c-c8414fa5321d-5.jpg,5,2026-04-22 14:57:35.490612+00
436df650-ce39-4e21-a7cb-2d8e552bf85b,0e381fe0-3d2f-401e-a912-3660d72aa7b2,https://awrznjnofgmlqjiayhoi.supabase.co/storage/v1/object/public/yacht-images/new-yachts/0e381fe0-3d2f-401e-a912-3660d72aa7b2/0e381fe0-3d2f-401e-a912-3660d72aa7b2-11.jpg,new-yachts/0e381fe0-3d2f-401e-a912-3660d72aa7b2/0e381fe0-3d2f-401e-a912-3660d72aa7b2-11.jpg,11,2026-04-22 18:11:18.521591+00
4393160d-8a29-4086-97fc-80d42c41163e,e3ed0b65-11ce-434b-b654-3450349c0ac2,https://awrznjnofgmlqjiayhoi.supabase.co/storage/v1/object/public/yacht-images/new-yachts/e3ed0b65-11ce-434b-b654-3450349c0ac2/e3ed0b65-11ce-434b-b654-3450349c0ac2-6.jpg,new-yachts/e3ed0b65-11ce-434b-b654-3450349c0ac2/e3ed0b65-11ce-434b-b654-3450349c0ac2-6.jpg,6,2026-04-22 17:28:18.612076+00
43cde308-77d1-4894-803b-a6b931a3ab4c,9ec06a62-12e4-4bb0-9fe9-56bced3c8bc2,https://awrznjnofgmlqjiayhoi.supabase.co/storage/v1/object/public/yacht-images/new-yachts/9ec06a62-12e4-4bb0-9fe9-56bced3c8bc2/9ec06a62-12e4-4bb0-9fe9-56bced3c8bc2-11.jpg,new-yachts/9ec06a62-12e4-4bb0-9fe9-56bced3c8bc2/9ec06a62-12e4-4bb0-9fe9-56bced3c8bc2-11.jpg,11,2026-04-24 22:47:01.218107+00
43d20365-52c6-4711-91ac-fd4dacc2cafb,6b302f73-4059-469d-98ee-cd0dbbaa3b4a,https://awrznjnofgmlqjiayhoi.supabase.co/storage/v1/object/public/yacht-images/new-yachts/6b302f73-4059-469d-98ee-cd0dbbaa3b4a/6b302f73-4059-469d-98ee-cd0dbbaa3b4a-10.jpg,new-yachts/6b302f73-4059-469d-98ee-cd0dbbaa3b4a/6b302f73-4059-469d-98ee-cd0dbbaa3b4a-10.jpg,10,2026-04-23 08:21:26.30859+00
43d6f126-588d-416d-be78-26f1a9fb4216,942682e5-0ff5-4cab-af32-707ca61c402c,https://awrznjnofgmlqjiayhoi.supabase.co/storage/v1/object/public/yacht-images/new-yachts/942682e5-0ff5-4cab-af32-707ca61c402c/942682e5-0ff5-4cab-af32-707ca61c402c-4.jpg,new-yachts/942682e5-0ff5-4cab-af32-707ca61c402c/942682e5-0ff5-4cab-af32-707ca61c402c-4.jpg,4,2026-04-08 10:24:55.051261+00
4403a0dd-74f9-43b2-8523-dc31ad22e992,09a650f0-cd9d-4633-b0d5-cf777d3c2b64,https://awrznjnofgmlqjiayhoi.supabase.co/storage/v1/object/public/yacht-images/new-yachts/09a650f0-cd9d-4633-b0d5-cf777d3c2b64/09a650f0-cd9d-4633-b0d5-cf777d3c2b64-8.jpg,new-yachts/09a650f0-cd9d-4633-b0d5-cf777d3c2b64/09a650f0-cd9d-4633-b0d5-cf777d3c2b64-8.jpg,8,2026-04-22 18:30:39.995033+00
44135799-e023-42bc-ab69-e55a53527bbe,39b52f16-b578-4028-8bae-27a9af3df2ae,https://awrznjnofgmlqjiayhoi.supabase.co/storage/v1/object/public/yacht-images/new-yachts/39b52f16-b578-4028-8bae-27a9af3df2ae/39b52f16-b578-4028-8bae-27a9af3df2ae-10.jpg,new-yachts/39b52f16-b578-4028-8bae-27a9af3df2ae/39b52f16-b578-4028-8bae-27a9af3df2ae-10.jpg,10,2026-04-22 17:18:09.067252+00
44181efb-c645-4bdc-9213-4dbea76181f1,fcaae122-813b-4b13-8d0d-14fff587e85a,https://awrznjnofgmlqjiayhoi.supabase.co/storage/v1/object/public/yacht-images/new-yachts/fcaae122-813b-4b13-8d0d-14fff587e85a/fcaae122-813b-4b13-8d0d-14fff587e85a-6.webp,new-yachts/fcaae122-813b-4b13-8d0d-14fff587e85a/fcaae122-813b-4b13-8d0d-14fff587e85a-6.webp,6,2026-03-26 19:32:37.317396+00
443a72c5-09ec-4f29-a400-6cf32d5a9a64,edbf3b89-880d-42df-9940-7c851dd8c73a,https://awrznjnofgmlqjiayhoi.supabase.co/storage/v1/object/public/yacht-images/new-yachts/edbf3b89-880d-42df-9940-7c851dd8c73a/edbf3b89-880d-42df-9940-7c851dd8c73a-8.jpg,new-yachts/edbf3b89-880d-42df-9940-7c851dd8c73a/edbf3b89-880d-42df-9940-7c851dd8c73a-8.jpg,8,2026-04-22 18:39:21.407378+00
44a7e0d2-0fa8-4108-9cce-c6a69a68f08f,71152f00-7193-453c-9187-3cac259a9afe,https://awrznjnofgmlqjiayhoi.supabase.co/storage/v1/object/public/yacht-images/new-yachts/71152f00-7193-453c-9187-3cac259a9afe/71152f00-7193-453c-9187-3cac259a9afe-9.jpg,new-yachts/71152f00-7193-453c-9187-3cac259a9afe/71152f00-7193-453c-9187-3cac259a9afe-9.jpg,9,2026-04-22 16:20:50.63262+00
44b7da9a-4b31-460d-a56a-511db68a0c4a,c68a7db7-8d92-4023-b92f-d18bc6acd6b2,https://awrznjnofgmlqjiayhoi.supabase.co/storage/v1/object/public/yacht-images/new-yachts/c68a7db7-8d92-4023-b92f-d18bc6acd6b2/c68a7db7-8d92-4023-b92f-d18bc6acd6b2-2.webp,new-yachts/c68a7db7-8d92-4023-b92f-d18bc6acd6b2/c68a7db7-8d92-4023-b92f-d18bc6acd6b2-2.webp,2,2026-03-26 21:53:44.671678+00
44bf8470-df17-4507-a9b0-3f321723cb7e,2a59a9b9-e70a-4dd8-ba20-4d4eb7384cbc,https://awrznjnofgmlqjiayhoi.supabase.co/storage/v1/object/public/yacht-images/new-yachts/2a59a9b9-e70a-4dd8-ba20-4d4eb7384cbc/2a59a9b9-e70a-4dd8-ba20-4d4eb7384cbc-2.jpg,new-yachts/2a59a9b9-e70a-4dd8-ba20-4d4eb7384cbc/2a59a9b9-e70a-4dd8-ba20-4d4eb7384cbc-2.jpg,2,2026-04-23 08:58:02.406316+00
44c2f1fb-8e0f-4570-bbb3-6290a03bf84c,6d1a9522-b4b9-4c89-8023-eb1a453d89d8,https://awrznjnofgmlqjiayhoi.supabase.co/storage/v1/object/public/yacht-images/new-yachts/6d1a9522-b4b9-4c89-8023-eb1a453d89d8/6d1a9522-b4b9-4c89-8023-eb1a453d89d8-9.jpg,new-yachts/6d1a9522-b4b9-4c89-8023-eb1a453d89d8/6d1a9522-b4b9-4c89-8023-eb1a453d89d8-9.jpg,9,2026-04-23 08:53:38.387443+00
44dcfdca-1d33-434c-b700-fff500d454da,e4eb87fe-d17d-4379-af62-8d6512a61ca2,https://awrznjnofgmlqjiayhoi.supabase.co/storage/v1/object/public/yacht-images/new-yachts/e4eb87fe-d17d-4379-af62-8d6512a61ca2/e4eb87fe-d17d-4379-af62-8d6512a61ca2-7.jpg,new-yachts/e4eb87fe-d17d-4379-af62-8d6512a61ca2/e4eb87fe-d17d-4379-af62-8d6512a61ca2-7.jpg,7,2026-04-24 22:06:09.184239+00
44f828f3-6694-47ae-805a-6007b49c4453,3011de4f-421b-4c6e-9433-a9f0417d7d89,https://awrznjnofgmlqjiayhoi.supabase.co/storage/v1/object/public/yacht-images/new-yachts/3011de4f-421b-4c6e-9433-a9f0417d7d89/3011de4f-421b-4c6e-9433-a9f0417d7d89-4.jpg,new-yachts/3011de4f-421b-4c6e-9433-a9f0417d7d89/3011de4f-421b-4c6e-9433-a9f0417d7d89-4.jpg,4,2026-04-22 14:51:01.652968+00
45455b05-e066-40dd-922a-c62744aef9c8,4896d80d-42ee-4f28-868c-c8414fa5321d,https://awrznjnofgmlqjiayhoi.supabase.co/storage/v1/object/public/yacht-images/new-yachts/4896d80d-42ee-4f28-868c-c8414fa5321d/4896d80d-42ee-4f28-868c-c8414fa5321d-1.jpg,new-yachts/4896d80d-42ee-4f28-868c-c8414fa5321d/4896d80d-42ee-4f28-868c-c8414fa5321d-1.jpg,1,2026-04-22 14:57:33.905609+00
457af058-23fa-466e-b0d6-cd9cea08c8ff,8d7a0fc8-4b08-4d64-8427-2d433e120720,https://awrznjnofgmlqjiayhoi.supabase.co/storage/v1/object/public/yacht-images/new-yachts/8d7a0fc8-4b08-4d64-8427-2d433e120720/8d7a0fc8-4b08-4d64-8427-2d433e120720-8.jpg,new-yachts/8d7a0fc8-4b08-4d64-8427-2d433e120720/8d7a0fc8-4b08-4d64-8427-2d433e120720-8.jpg,8,2026-04-23 10:14:03.834897+00
45867ed1-dfa5-46a0-8281-f45feb45bd7f,edbf3b89-880d-42df-9940-7c851dd8c73a,https://awrznjnofgmlqjiayhoi.supabase.co/storage/v1/object/public/yacht-images/new-yachts/edbf3b89-880d-42df-9940-7c851dd8c73a/edbf3b89-880d-42df-9940-7c851dd8c73a-4.jpg,new-yachts/edbf3b89-880d-42df-9940-7c851dd8c73a/edbf3b89-880d-42df-9940-7c851dd8c73a-4.jpg,4,2026-04-22 18:39:18.711565+00
45884bfb-bf14-497c-bbb5-9d38c49958ea,a54bba97-e7af-453a-bfaf-6fa33d98faba,https://awrznjnofgmlqjiayhoi.supabase.co/storage/v1/object/public/yacht-images/new-yachts/a54bba97-e7af-453a-bfaf-6fa33d98faba/a54bba97-e7af-453a-bfaf-6fa33d98faba-1.jpg,new-yachts/a54bba97-e7af-453a-bfaf-6fa33d98faba/a54bba97-e7af-453a-bfaf-6fa33d98faba-1.jpg,1,2026-04-22 18:31:28.955129+00
459ae196-42ef-4436-9280-39e23b3aae49,3011de4f-421b-4c6e-9433-a9f0417d7d89,https://awrznjnofgmlqjiayhoi.supabase.co/storage/v1/object/public/yacht-images/new-yachts/3011de4f-421b-4c6e-9433-a9f0417d7d89/3011de4f-421b-4c6e-9433-a9f0417d7d89-11.jpg,new-yachts/3011de4f-421b-4c6e-9433-a9f0417d7d89/3011de4f-421b-4c6e-9433-a9f0417d7d89-11.jpg,11,2026-04-22 14:51:04.505465+00
45d7d337-57ae-4b1f-a965-133f620e7e75,09a650f0-cd9d-4633-b0d5-cf777d3c2b64,https://awrznjnofgmlqjiayhoi.supabase.co/storage/v1/object/public/yacht-images/new-yachts/09a650f0-cd9d-4633-b0d5-cf777d3c2b64/09a650f0-cd9d-4633-b0d5-cf777d3c2b64-6.jpg,new-yachts/09a650f0-cd9d-4633-b0d5-cf777d3c2b64/09a650f0-cd9d-4633-b0d5-cf777d3c2b64-6.jpg,6,2026-04-22 18:30:38.400568+00
464b5bd4-7ae5-4d41-b6e3-cd3ac2bfa901,6f462948-9675-4e1f-859a-5bf70e7e1ff0,https://awrznjnofgmlqjiayhoi.supabase.co/storage/v1/object/public/yacht-images/new-yachts/6f462948-9675-4e1f-859a-5bf70e7e1ff0/6f462948-9675-4e1f-859a-5bf70e7e1ff0-9.jpg,new-yachts/6f462948-9675-4e1f-859a-5bf70e7e1ff0/6f462948-9675-4e1f-859a-5bf70e7e1ff0-9.jpg,9,2026-04-22 18:00:36.494894+00
464f6ac3-81af-4e23-a344-21aa5fef941b,4fb9b399-1afd-4ea0-b598-84b98be9613f,https://awrznjnofgmlqjiayhoi.supabase.co/storage/v1/object/public/yacht-images/new-yachts/4fb9b399-1afd-4ea0-b598-84b98be9613f/4fb9b399-1afd-4ea0-b598-84b98be9613f-3.jpg,new-yachts/4fb9b399-1afd-4ea0-b598-84b98be9613f/4fb9b399-1afd-4ea0-b598-84b98be9613f-3.jpg,3,2026-04-23 09:21:26.993829+00
465c5d02-1dfc-4abd-8adf-ece390d6e164,24bfce86-bd6a-49a2-8c6d-f3defd842949,https://awrznjnofgmlqjiayhoi.supabase.co/storage/v1/object/public/yacht-images/new-yachts/24bfce86-bd6a-49a2-8c6d-f3defd842949/24bfce86-bd6a-49a2-8c6d-f3defd842949-10.jpg,new-yachts/24bfce86-bd6a-49a2-8c6d-f3defd842949/24bfce86-bd6a-49a2-8c6d-f3defd842949-10.jpg,10,2026-04-24 00:48:57.930541+00
4669934e-9e81-4a80-bc59-585eb67b7d38,d42486ba-023e-4f5b-a7fe-6e39dc51969d,https://awrznjnofgmlqjiayhoi.supabase.co/storage/v1/object/public/yacht-images/new-yachts/d42486ba-023e-4f5b-a7fe-6e39dc51969d/d42486ba-023e-4f5b-a7fe-6e39dc51969d-4.webp,new-yachts/d42486ba-023e-4f5b-a7fe-6e39dc51969d/d42486ba-023e-4f5b-a7fe-6e39dc51969d-4.webp,4,2026-03-26 21:28:35.944072+00
467bb054-9000-425d-843f-2b679787c4e5,46dec82f-7d34-4f29-939d-9fcfb5d011cd,https://awrznjnofgmlqjiayhoi.supabase.co/storage/v1/object/public/yacht-images/new-yachts/46dec82f-7d34-4f29-939d-9fcfb5d011cd/46dec82f-7d34-4f29-939d-9fcfb5d011cd-9.jpg,new-yachts/46dec82f-7d34-4f29-939d-9fcfb5d011cd/46dec82f-7d34-4f29-939d-9fcfb5d011cd-9.jpg,9,2026-04-23 10:16:20.989186+00
4683c283-1dfe-45bf-ab31-608947be8893,6ba7e223-391d-4e9a-8228-0001d2b8ad99,https://awrznjnofgmlqjiayhoi.supabase.co/storage/v1/object/public/yacht-images/new-yachts/6ba7e223-391d-4e9a-8228-0001d2b8ad99/6ba7e223-391d-4e9a-8228-0001d2b8ad99-2.jpg,new-yachts/6ba7e223-391d-4e9a-8228-0001d2b8ad99/6ba7e223-391d-4e9a-8228-0001d2b8ad99-2.jpg,2,2026-04-24 00:04:31.139378+00
4686011c-4638-4ded-97ba-534851b54508,da0ad5a8-ee07-4109-af08-278720a594b8,https://awrznjnofgmlqjiayhoi.supabase.co/storage/v1/object/public/yacht-images/new-yachts/da0ad5a8-ee07-4109-af08-278720a594b8/da0ad5a8-ee07-4109-af08-278720a594b8-5.webp,new-yachts/da0ad5a8-ee07-4109-af08-278720a594b8/da0ad5a8-ee07-4109-af08-278720a594b8-5.webp,6,2026-03-26 19:06:28.868283+00
469642b1-e6c7-457e-8699-40ad351950b2,ef48375a-8612-4743-87f7-8e1b9bacadce,https://awrznjnofgmlqjiayhoi.supabase.co/storage/v1/object/public/yacht-images/new-yachts/ef48375a-8612-4743-87f7-8e1b9bacadce/ef48375a-8612-4743-87f7-8e1b9bacadce-6.jpg,new-yachts/ef48375a-8612-4743-87f7-8e1b9bacadce/ef48375a-8612-4743-87f7-8e1b9bacadce-6.jpg,6,2026-04-22 14:44:51.957113+00
46a2f8f3-6c34-4cbd-aab3-76855d950d69,cea16079-f9be-45ea-8c75-e7404b006298,https://awrznjnofgmlqjiayhoi.supabase.co/storage/v1/object/public/yacht-images/new-yachts/cea16079-f9be-45ea-8c75-e7404b006298/cea16079-f9be-45ea-8c75-e7404b006298-5.jpg,new-yachts/cea16079-f9be-45ea-8c75-e7404b006298/cea16079-f9be-45ea-8c75-e7404b006298-5.jpg,5,2026-04-22 18:22:54.133967+00
46c59228-2d6e-4f4a-b24f-ecb73ca0364e,9ec06a62-12e4-4bb0-9fe9-56bced3c8bc2,https://awrznjnofgmlqjiayhoi.supabase.co/storage/v1/object/public/yacht-images/new-yachts/9ec06a62-12e4-4bb0-9fe9-56bced3c8bc2/9ec06a62-12e4-4bb0-9fe9-56bced3c8bc2-10.jpg,new-yachts/9ec06a62-12e4-4bb0-9fe9-56bced3c8bc2/9ec06a62-12e4-4bb0-9fe9-56bced3c8bc2-10.jpg,10,2026-04-24 22:47:00.606455+00
46f1e0a8-1747-4b28-92b7-4dfa9c1d2570,f0238dcf-548b-4271-af4f-cb068b72d462,https://awrznjnofgmlqjiayhoi.supabase.co/storage/v1/object/public/yacht-images/new-yachts/f0238dcf-548b-4271-af4f-cb068b72d462/f0238dcf-548b-4271-af4f-cb068b72d462-2.jpg,new-yachts/f0238dcf-548b-4271-af4f-cb068b72d462/f0238dcf-548b-4271-af4f-cb068b72d462-2.jpg,2,2026-04-22 13:24:06.791052+00
470cef7d-da9e-4a20-b359-7937f3c4bdcb,6a4ed0f9-5fb9-4acf-b027-dab0d6b648d0,https://awrznjnofgmlqjiayhoi.supabase.co/storage/v1/object/public/yacht-images/new-yachts/6a4ed0f9-5fb9-4acf-b027-dab0d6b648d0/6a4ed0f9-5fb9-4acf-b027-dab0d6b648d0-6.webp,new-yachts/6a4ed0f9-5fb9-4acf-b027-dab0d6b648d0/6a4ed0f9-5fb9-4acf-b027-dab0d6b648d0-6.webp,6,2026-03-26 21:32:29.713788+00
4711dd75-5e71-413e-9a71-70681eac87ed,f5d60854-b6fa-4fc1-b3f2-8e6adb8a393e,https://awrznjnofgmlqjiayhoi.supabase.co/storage/v1/object/public/yacht-images/new-yachts/f5d60854-b6fa-4fc1-b3f2-8e6adb8a393e/f5d60854-b6fa-4fc1-b3f2-8e6adb8a393e-9.jpg,new-yachts/f5d60854-b6fa-4fc1-b3f2-8e6adb8a393e/f5d60854-b6fa-4fc1-b3f2-8e6adb8a393e-9.jpg,9,2026-04-22 18:50:27.337333+00
47235db6-6aa7-4949-8eb6-0d6dfc5fa5b8,8a77f565-5102-400b-8aa3-31584a24881f,https://awrznjnofgmlqjiayhoi.supabase.co/storage/v1/object/public/yacht-images/new-yachts/8a77f565-5102-400b-8aa3-31584a24881f/8a77f565-5102-400b-8aa3-31584a24881f-10.jpg,new-yachts/8a77f565-5102-400b-8aa3-31584a24881f/8a77f565-5102-400b-8aa3-31584a24881f-10.jpg,10,2026-04-22 18:25:17.943948+00
4749f8c5-d377-4c8a-a62c-c073476eb447,20d0e3b6-8f8c-442c-84b9-d6b0ec964c8d,https://awrznjnofgmlqjiayhoi.supabase.co/storage/v1/object/public/yacht-images/new-yachts/20d0e3b6-8f8c-442c-84b9-d6b0ec964c8d/20d0e3b6-8f8c-442c-84b9-d6b0ec964c8d-4.jpg,new-yachts/20d0e3b6-8f8c-442c-84b9-d6b0ec964c8d/20d0e3b6-8f8c-442c-84b9-d6b0ec964c8d-4.jpg,4,2026-04-22 16:23:04.033477+00
474e80ae-ea82-4db1-ac1f-c7a7aa6ee64d,e4eb87fe-d17d-4379-af62-8d6512a61ca2,https://awrznjnofgmlqjiayhoi.supabase.co/storage/v1/object/public/yacht-images/new-yachts/e4eb87fe-d17d-4379-af62-8d6512a61ca2/e4eb87fe-d17d-4379-af62-8d6512a61ca2-6.jpg,new-yachts/e4eb87fe-d17d-4379-af62-8d6512a61ca2/e4eb87fe-d17d-4379-af62-8d6512a61ca2-6.jpg,6,2026-04-24 22:06:08.538468+00
47540bd3-87cc-4397-a478-8084e57db90c,bab48513-ac52-49e5-b77f-754867d91fee,https://awrznjnofgmlqjiayhoi.supabase.co/storage/v1/object/public/yacht-images/new-yachts/bab48513-ac52-49e5-b77f-754867d91fee/bab48513-ac52-49e5-b77f-754867d91fee-9.jpg,new-yachts/bab48513-ac52-49e5-b77f-754867d91fee/bab48513-ac52-49e5-b77f-754867d91fee-9.jpg,9,2026-04-24 15:54:12.635615+00
47616d68-71d5-4a3d-afe1-c09253e0d6be,8e78c2bb-81da-4ae6-b09a-264a4e7f76ad,https://awrznjnofgmlqjiayhoi.supabase.co/storage/v1/object/public/yacht-images/new-yachts/8e78c2bb-81da-4ae6-b09a-264a4e7f76ad/8e78c2bb-81da-4ae6-b09a-264a4e7f76ad-7.jpg,new-yachts/8e78c2bb-81da-4ae6-b09a-264a4e7f76ad/8e78c2bb-81da-4ae6-b09a-264a4e7f76ad-7.jpg,7,2026-04-23 08:30:45.131923+00
478b0791-715f-43c8-8ea9-4c7066f0bd8e,237c6c51-03ca-4beb-9c4a-7ff0afb95627,https://awrznjnofgmlqjiayhoi.supabase.co/storage/v1/object/public/yacht-images/new-yachts/237c6c51-03ca-4beb-9c4a-7ff0afb95627/237c6c51-03ca-4beb-9c4a-7ff0afb95627-6.jpg,new-yachts/237c6c51-03ca-4beb-9c4a-7ff0afb95627/237c6c51-03ca-4beb-9c4a-7ff0afb95627-6.jpg,6,2026-04-22 14:48:13.374341+00
47c76f18-c6f5-47ca-9182-cf96e213de66,c5b0d543-c566-43ab-b8a7-1075c0144fa9,https://awrznjnofgmlqjiayhoi.supabase.co/storage/v1/object/public/yacht-images/new-yachts/c5b0d543-c566-43ab-b8a7-1075c0144fa9/c5b0d543-c566-43ab-b8a7-1075c0144fa9-2.jpg,new-yachts/c5b0d543-c566-43ab-b8a7-1075c0144fa9/c5b0d543-c566-43ab-b8a7-1075c0144fa9-2.jpg,2,2026-04-22 18:43:39.293621+00
47d4e2ff-66d7-4e78-811a-882d2bb90453,d7a436a7-e4ac-4cc0-8f1c-52374949f9ec,https://awrznjnofgmlqjiayhoi.supabase.co/storage/v1/object/public/yacht-images/new-yachts/d7a436a7-e4ac-4cc0-8f1c-52374949f9ec/d7a436a7-e4ac-4cc0-8f1c-52374949f9ec-6.webp,new-yachts/d7a436a7-e4ac-4cc0-8f1c-52374949f9ec/d7a436a7-e4ac-4cc0-8f1c-52374949f9ec-6.webp,6,2026-03-27 20:29:33.303183+00
48253135-582a-4ad5-be9d-012b4c19d101,d8c10543-eae9-4f8a-a3f8-738173fb7578,https://awrznjnofgmlqjiayhoi.supabase.co/storage/v1/object/public/yacht-images/new-yachts/d8c10543-eae9-4f8a-a3f8-738173fb7578/d8c10543-eae9-4f8a-a3f8-738173fb7578-4.webp,new-yachts/d8c10543-eae9-4f8a-a3f8-738173fb7578/d8c10543-eae9-4f8a-a3f8-738173fb7578-4.webp,4,2026-03-27 20:25:03.710051+00
482772ee-eb42-47fe-ae9a-be4f562de532,46dec82f-7d34-4f29-939d-9fcfb5d011cd,https://awrznjnofgmlqjiayhoi.supabase.co/storage/v1/object/public/yacht-images/new-yachts/46dec82f-7d34-4f29-939d-9fcfb5d011cd/46dec82f-7d34-4f29-939d-9fcfb5d011cd-10.jpg,new-yachts/46dec82f-7d34-4f29-939d-9fcfb5d011cd/46dec82f-7d34-4f29-939d-9fcfb5d011cd-10.jpg,10,2026-04-23 10:16:21.557876+00
4829eaf3-034e-4963-ad81-0883a3067f0b,c062ace5-658e-4daa-a8b1-8591a5768de3,https://awrznjnofgmlqjiayhoi.supabase.co/storage/v1/object/public/yacht-images/new-yachts/c062ace5-658e-4daa-a8b1-8591a5768de3/c062ace5-658e-4daa-a8b1-8591a5768de3-7.jpg,new-yachts/c062ace5-658e-4daa-a8b1-8591a5768de3/c062ace5-658e-4daa-a8b1-8591a5768de3-7.jpg,7,2026-04-22 18:02:17.495114+00
4894bb9a-19ae-485f-b538-159dd4465397,c3661269-98db-4434-968d-fcc49da5955d,https://awrznjnofgmlqjiayhoi.supabase.co/storage/v1/object/public/yacht-images/new-yachts/c3661269-98db-4434-968d-fcc49da5955d/c3661269-98db-4434-968d-fcc49da5955d-6.jpg,new-yachts/c3661269-98db-4434-968d-fcc49da5955d/c3661269-98db-4434-968d-fcc49da5955d-6.jpg,6,2026-04-24 00:37:23.545751+00
4896984b-fc32-424e-afd7-2187153fa76d,d49fd6fe-849a-4007-937a-516892a4cdb9,https://awrznjnofgmlqjiayhoi.supabase.co/storage/v1/object/public/yacht-images/new-yachts/d49fd6fe-849a-4007-937a-516892a4cdb9/d49fd6fe-849a-4007-937a-516892a4cdb9-8.jpg,new-yachts/d49fd6fe-849a-4007-937a-516892a4cdb9/d49fd6fe-849a-4007-937a-516892a4cdb9-8.jpg,8,2026-04-23 08:33:20.446675+00
48c6d150-8961-45f3-9633-f297c9f5dea2,1073dc8e-89c9-4598-a274-70645e470923,https://awrznjnofgmlqjiayhoi.supabase.co/storage/v1/object/public/yacht-images/new-yachts/1073dc8e-89c9-4598-a274-70645e470923/1073dc8e-89c9-4598-a274-70645e470923-4.jpg,new-yachts/1073dc8e-89c9-4598-a274-70645e470923/1073dc8e-89c9-4598-a274-70645e470923-4.jpg,4,2026-04-24 00:10:44.068127+00
4900e6e7-f1b6-4588-8a49-ba2278fe0906,da0ad5a8-ee07-4109-af08-278720a594b8,https://awrznjnofgmlqjiayhoi.supabase.co/storage/v1/object/public/yacht-images/new-yachts/da0ad5a8-ee07-4109-af08-278720a594b8/da0ad5a8-ee07-4109-af08-278720a594b8-2.webp,new-yachts/da0ad5a8-ee07-4109-af08-278720a594b8/da0ad5a8-ee07-4109-af08-278720a594b8-2.webp,3,2026-03-26 19:06:26.948786+00
493cffdc-3a08-4512-8066-ec0b14f5ce1e,63ad6431-db18-41ce-b5fe-09ecb9205943,https://awrznjnofgmlqjiayhoi.supabase.co/storage/v1/object/public/yacht-images/new-yachts/63ad6431-db18-41ce-b5fe-09ecb9205943/63ad6431-db18-41ce-b5fe-09ecb9205943-10.jpg,new-yachts/63ad6431-db18-41ce-b5fe-09ecb9205943/63ad6431-db18-41ce-b5fe-09ecb9205943-10.jpg,10,2026-04-23 13:47:25.00846+00
4987d266-6abd-4d7e-af1e-5db8e4de8f10,370c34aa-94d0-43d9-8609-7cb172eaa603,https://awrznjnofgmlqjiayhoi.supabase.co/storage/v1/object/public/yacht-images/new-yachts/370c34aa-94d0-43d9-8609-7cb172eaa603/370c34aa-94d0-43d9-8609-7cb172eaa603-4.jpg,new-yachts/370c34aa-94d0-43d9-8609-7cb172eaa603/370c34aa-94d0-43d9-8609-7cb172eaa603-4.jpg,4,2026-04-24 00:19:41.596081+00
49af85ab-c83b-4293-bb19-79a05075fe1d,75597bbd-243f-42fd-a534-fdeca57e3c9c,https://awrznjnofgmlqjiayhoi.supabase.co/storage/v1/object/public/yacht-images/new-yachts/75597bbd-243f-42fd-a534-fdeca57e3c9c/75597bbd-243f-42fd-a534-fdeca57e3c9c-8.jpg,new-yachts/75597bbd-243f-42fd-a534-fdeca57e3c9c/75597bbd-243f-42fd-a534-fdeca57e3c9c-8.jpg,8,2026-04-24 00:18:12.685632+00
49cacb1d-acdb-468f-861e-4022be1128ad,d8c51b24-2426-4721-96b7-5d34d56e8800,https://awrznjnofgmlqjiayhoi.supabase.co/storage/v1/object/public/yacht-images/new-yachts/d8c51b24-2426-4721-96b7-5d34d56e8800/d8c51b24-2426-4721-96b7-5d34d56e8800-1.jpg,new-yachts/d8c51b24-2426-4721-96b7-5d34d56e8800/d8c51b24-2426-4721-96b7-5d34d56e8800-1.jpg,1,2026-04-22 15:05:11.277381+00
49d17a37-7653-4a8f-ac7c-7db5e7df7833,42444d77-7aaa-4f43-a408-c57aedf79d13,https://awrznjnofgmlqjiayhoi.supabase.co/storage/v1/object/public/yacht-images/new-yachts/42444d77-7aaa-4f43-a408-c57aedf79d13/42444d77-7aaa-4f43-a408-c57aedf79d13-3.jpg,new-yachts/42444d77-7aaa-4f43-a408-c57aedf79d13/42444d77-7aaa-4f43-a408-c57aedf79d13-3.jpg,3,2026-04-23 19:09:15.128637+00
49f6eaf7-e3f9-4a02-9578-2b1f2b28ca47,d8ada534-6eb6-4282-b98a-49bf8e72c7df,https://awrznjnofgmlqjiayhoi.supabase.co/storage/v1/object/public/yacht-images/new-yachts/d8ada534-6eb6-4282-b98a-49bf8e72c7df/d8ada534-6eb6-4282-b98a-49bf8e72c7df-7.webp,new-yachts/d8ada534-6eb6-4282-b98a-49bf8e72c7df/d8ada534-6eb6-4282-b98a-49bf8e72c7df-7.webp,7,2026-03-26 19:15:05.839253+00
49fce02f-510d-4390-a90e-730534390e57,b05aa56a-a6ba-4e1f-b64c-722a554ef536,https://awrznjnofgmlqjiayhoi.supabase.co/storage/v1/object/public/yacht-images/new-yachts/b05aa56a-a6ba-4e1f-b64c-722a554ef536/b05aa56a-a6ba-4e1f-b64c-722a554ef536-11.jpg,new-yachts/b05aa56a-a6ba-4e1f-b64c-722a554ef536/b05aa56a-a6ba-4e1f-b64c-722a554ef536-11.jpg,11,2026-04-22 16:58:40.04355+00
4a12c1d1-6fa9-4469-8413-1caabb231bf0,ec89419e-3baa-4164-b5d4-feb08873daa2,https://awrznjnofgmlqjiayhoi.supabase.co/storage/v1/object/public/yacht-images/new-yachts/ec89419e-3baa-4164-b5d4-feb08873daa2/ec89419e-3baa-4164-b5d4-feb08873daa2-1.jpg,new-yachts/ec89419e-3baa-4164-b5d4-feb08873daa2/ec89419e-3baa-4164-b5d4-feb08873daa2-1.jpg,1,2026-03-26 22:02:24.821623+00
4a76b2c7-6a5e-48a5-9591-b716c7045a15,8b026905-96da-43a2-8737-2b121fd4d64b,https://awrznjnofgmlqjiayhoi.supabase.co/storage/v1/object/public/yacht-images/new-yachts/8b026905-96da-43a2-8737-2b121fd4d64b/8b026905-96da-43a2-8737-2b121fd4d64b-4.jpg,new-yachts/8b026905-96da-43a2-8737-2b121fd4d64b/8b026905-96da-43a2-8737-2b121fd4d64b-4.jpg,4,2026-04-22 14:55:56.804509+00
4a8854aa-1bd2-49d2-8f5f-6dd9289153ce,5ce670e1-2f6e-4855-ab51-e64f92813135,https://awrznjnofgmlqjiayhoi.supabase.co/storage/v1/object/public/yacht-images/new-yachts/5ce670e1-2f6e-4855-ab51-e64f92813135/5ce670e1-2f6e-4855-ab51-e64f92813135-6.jpg,new-yachts/5ce670e1-2f6e-4855-ab51-e64f92813135/5ce670e1-2f6e-4855-ab51-e64f92813135-6.jpg,6,2026-04-24 00:53:06.652389+00
4ab988df-526f-4205-a2cf-9e01f03dae4a,99ef150a-4436-478c-9d40-05c7ebf085b4,https://awrznjnofgmlqjiayhoi.supabase.co/storage/v1/object/public/yacht-images/new-yachts/99ef150a-4436-478c-9d40-05c7ebf085b4/99ef150a-4436-478c-9d40-05c7ebf085b4-3.jpg,new-yachts/99ef150a-4436-478c-9d40-05c7ebf085b4/99ef150a-4436-478c-9d40-05c7ebf085b4-3.jpg,3,2026-04-22 18:27:13.165633+00
4abe3050-71be-4784-9de9-dd7fbed8fc6e,0c015923-44a5-4de2-8d0c-532e76fc17c7,https://awrznjnofgmlqjiayhoi.supabase.co/storage/v1/object/public/yacht-images/new-yachts/0c015923-44a5-4de2-8d0c-532e76fc17c7/0c015923-44a5-4de2-8d0c-532e76fc17c7-6.jpg,new-yachts/0c015923-44a5-4de2-8d0c-532e76fc17c7/0c015923-44a5-4de2-8d0c-532e76fc17c7-6.jpg,6,2026-04-22 16:25:16.064324+00
4acde849-4727-43bd-bc49-8f9b8431a40b,df67c4de-872b-425c-8adc-b85469ae16dd,https://awrznjnofgmlqjiayhoi.supabase.co/storage/v1/object/public/yacht-images/new-yachts/df67c4de-872b-425c-8adc-b85469ae16dd/df67c4de-872b-425c-8adc-b85469ae16dd-2.jpg,new-yachts/df67c4de-872b-425c-8adc-b85469ae16dd/df67c4de-872b-425c-8adc-b85469ae16dd-2.jpg,2,2026-04-24 21:59:17.072191+00
4b12962b-5cda-45ba-a358-4925e52c6587,fcf426c3-3c17-432e-a047-296441911089,https://awrznjnofgmlqjiayhoi.supabase.co/storage/v1/object/public/yacht-images/new-yachts/fcf426c3-3c17-432e-a047-296441911089/fcf426c3-3c17-432e-a047-296441911089-4.jpg,new-yachts/fcf426c3-3c17-432e-a047-296441911089/fcf426c3-3c17-432e-a047-296441911089-4.jpg,4,2026-04-24 00:35:30.386534+00
4b4959ef-77cd-4080-933a-bb28355d2cc0,c5b0d543-c566-43ab-b8a7-1075c0144fa9,https://awrznjnofgmlqjiayhoi.supabase.co/storage/v1/object/public/yacht-images/new-yachts/c5b0d543-c566-43ab-b8a7-1075c0144fa9/c5b0d543-c566-43ab-b8a7-1075c0144fa9-10.jpg,new-yachts/c5b0d543-c566-43ab-b8a7-1075c0144fa9/c5b0d543-c566-43ab-b8a7-1075c0144fa9-10.jpg,10,2026-04-22 18:43:45.302306+00
4b5540a4-9f72-4d1f-8388-56fd9a4a1689,8e5f6ed1-f9a8-43a4-b959-76c71e39942e,https://awrznjnofgmlqjiayhoi.supabase.co/storage/v1/object/public/yacht-images/new-yachts/8e5f6ed1-f9a8-43a4-b959-76c71e39942e/8e5f6ed1-f9a8-43a4-b959-76c71e39942e-7.jpg,new-yachts/8e5f6ed1-f9a8-43a4-b959-76c71e39942e/8e5f6ed1-f9a8-43a4-b959-76c71e39942e-7.jpg,7,2026-04-22 16:28:46.784157+00
4b582a45-587a-4703-93e0-50779b703ecf,24bfce86-bd6a-49a2-8c6d-f3defd842949,https://awrznjnofgmlqjiayhoi.supabase.co/storage/v1/object/public/yacht-images/new-yachts/24bfce86-bd6a-49a2-8c6d-f3defd842949/24bfce86-bd6a-49a2-8c6d-f3defd842949-6.jpg,new-yachts/24bfce86-bd6a-49a2-8c6d-f3defd842949/24bfce86-bd6a-49a2-8c6d-f3defd842949-6.jpg,6,2026-04-24 00:48:55.435871+00
4b9a45af-3d02-4259-a789-6c559e5fbcee,3b566a87-1f34-4f83-8f51-8fc988f9d292,https://awrznjnofgmlqjiayhoi.supabase.co/storage/v1/object/public/yacht-images/new-yachts/3b566a87-1f34-4f83-8f51-8fc988f9d292/3b566a87-1f34-4f83-8f51-8fc988f9d292-3.jpg,new-yachts/3b566a87-1f34-4f83-8f51-8fc988f9d292/3b566a87-1f34-4f83-8f51-8fc988f9d292-3.jpg,3,2026-04-23 09:09:31.695076+00
4ba27205-367f-4a51-ae7f-a72fc0c1a896,fcaae122-813b-4b13-8d0d-14fff587e85a,https://awrznjnofgmlqjiayhoi.supabase.co/storage/v1/object/public/yacht-images/new-yachts/fcaae122-813b-4b13-8d0d-14fff587e85a/fcaae122-813b-4b13-8d0d-14fff587e85a-4.webp,new-yachts/fcaae122-813b-4b13-8d0d-14fff587e85a/fcaae122-813b-4b13-8d0d-14fff587e85a-4.webp,4,2026-03-26 19:32:36.068578+00
4bad195b-095c-439b-acdc-785e8a7174ed,8d7a0fc8-4b08-4d64-8427-2d433e120720,https://awrznjnofgmlqjiayhoi.supabase.co/storage/v1/object/public/yacht-images/new-yachts/8d7a0fc8-4b08-4d64-8427-2d433e120720/8d7a0fc8-4b08-4d64-8427-2d433e120720-6.jpg,new-yachts/8d7a0fc8-4b08-4d64-8427-2d433e120720/8d7a0fc8-4b08-4d64-8427-2d433e120720-6.jpg,6,2026-04-23 10:14:02.653276+00
4bad8d9f-a53a-4649-8599-49a853d1ebd4,f651b6e2-9576-490b-a593-877bcb8944e0,https://awrznjnofgmlqjiayhoi.supabase.co/storage/v1/object/public/yacht-images/new-yachts/f651b6e2-9576-490b-a593-877bcb8944e0/f651b6e2-9576-490b-a593-877bcb8944e0-1.jpg,new-yachts/f651b6e2-9576-490b-a593-877bcb8944e0/f651b6e2-9576-490b-a593-877bcb8944e0-1.jpg,1,2026-04-23 12:44:43.309107+00
4bcb5a50-fba9-48e9-815a-6ca1a8441d47,31a517e0-a08d-4a26-ac29-7d15135d7cb3,https://awrznjnofgmlqjiayhoi.supabase.co/storage/v1/object/public/yacht-images/new-yachts/31a517e0-a08d-4a26-ac29-7d15135d7cb3/31a517e0-a08d-4a26-ac29-7d15135d7cb3-3.webp,new-yachts/31a517e0-a08d-4a26-ac29-7d15135d7cb3/31a517e0-a08d-4a26-ac29-7d15135d7cb3-3.webp,3,2026-03-26 22:03:28.921205+00
4beabc6a-3035-41bb-bb3d-e485bd79fbf5,a8d19c2b-a5f4-4fd2-ae34-4b4128a138e3,https://awrznjnofgmlqjiayhoi.supabase.co/storage/v1/object/public/yacht-images/new-yachts/a8d19c2b-a5f4-4fd2-ae34-4b4128a138e3/a8d19c2b-a5f4-4fd2-ae34-4b4128a138e3-10.jpg,new-yachts/a8d19c2b-a5f4-4fd2-ae34-4b4128a138e3/a8d19c2b-a5f4-4fd2-ae34-4b4128a138e3-10.jpg,10,2026-04-22 17:31:38.283186+00
4bf788a8-a207-4c18-8435-a77c32884697,d7003aa7-7557-4e21-b9ce-73e4908e49a3,https://awrznjnofgmlqjiayhoi.supabase.co/storage/v1/object/public/yacht-images/new-yachts/d7003aa7-7557-4e21-b9ce-73e4908e49a3/d7003aa7-7557-4e21-b9ce-73e4908e49a3-9.jpg,new-yachts/d7003aa7-7557-4e21-b9ce-73e4908e49a3/d7003aa7-7557-4e21-b9ce-73e4908e49a3-9.jpg,9,2026-04-23 08:24:18.150395+00
4c0ee092-18d1-4a10-9abc-b5688f4dc860,1789ce0b-b617-4357-911e-6152f2799f45,https://awrznjnofgmlqjiayhoi.supabase.co/storage/v1/object/public/yacht-images/new-yachts/1789ce0b-b617-4357-911e-6152f2799f45/1789ce0b-b617-4357-911e-6152f2799f45-8.jpg,new-yachts/1789ce0b-b617-4357-911e-6152f2799f45/1789ce0b-b617-4357-911e-6152f2799f45-8.jpg,8,2026-04-24 00:00:54.653234+00
4c1b386a-f928-450c-b391-401c0fd8e368,9e400cb1-773d-4639-9b83-cb70cecf164c,https://awrznjnofgmlqjiayhoi.supabase.co/storage/v1/object/public/yacht-images/new-yachts/9e400cb1-773d-4639-9b83-cb70cecf164c/9e400cb1-773d-4639-9b83-cb70cecf164c-9.jpg,new-yachts/9e400cb1-773d-4639-9b83-cb70cecf164c/9e400cb1-773d-4639-9b83-cb70cecf164c-9.jpg,9,2026-04-24 19:56:01.680348+00
4c1cf882-06a4-45f0-b2fe-93f42e9052af,d4d051c3-8265-40c7-a211-75a07354158f,https://awrznjnofgmlqjiayhoi.supabase.co/storage/v1/object/public/yacht-images/new-yachts/d4d051c3-8265-40c7-a211-75a07354158f/d4d051c3-8265-40c7-a211-75a07354158f-1.jpg,new-yachts/d4d051c3-8265-40c7-a211-75a07354158f/d4d051c3-8265-40c7-a211-75a07354158f-1.jpg,1,2026-04-23 09:15:27.670665+00
4c1fc0fd-2966-47b2-9f93-a068dcd48d17,68c062bb-e891-4c5a-8aa5-c2f096bff908,https://awrznjnofgmlqjiayhoi.supabase.co/storage/v1/object/public/yacht-images/new-yachts/68c062bb-e891-4c5a-8aa5-c2f096bff908/68c062bb-e891-4c5a-8aa5-c2f096bff908-6.jpg,new-yachts/68c062bb-e891-4c5a-8aa5-c2f096bff908/68c062bb-e891-4c5a-8aa5-c2f096bff908-6.jpg,6,2026-04-22 16:11:20.12576+00
4c33413b-e223-40e4-9bd7-5335a432c14d,f4b8122c-8b42-473d-bec4-396b5cf3471c,https://awrznjnofgmlqjiayhoi.supabase.co/storage/v1/object/public/yacht-images/new-yachts/f4b8122c-8b42-473d-bec4-396b5cf3471c/f4b8122c-8b42-473d-bec4-396b5cf3471c-10.webp,new-yachts/f4b8122c-8b42-473d-bec4-396b5cf3471c/f4b8122c-8b42-473d-bec4-396b5cf3471c-10.webp,10,2026-03-13 10:29:06.209563+00
4c417619-e3b5-4c48-a35e-73221cf51072,c04837c6-f2a3-4118-a6b3-0acd537b2841,https://awrznjnofgmlqjiayhoi.supabase.co/storage/v1/object/public/yacht-images/new-yachts/c04837c6-f2a3-4118-a6b3-0acd537b2841/c04837c6-f2a3-4118-a6b3-0acd537b2841-8.jpg,new-yachts/c04837c6-f2a3-4118-a6b3-0acd537b2841/c04837c6-f2a3-4118-a6b3-0acd537b2841-8.jpg,8,2026-04-22 18:40:38.846254+00
4c431469-fcf5-42ff-ab25-3e76dc47b8cb,d498bf47-d0e2-4d72-b4e2-cfed8ea1e453,https://awrznjnofgmlqjiayhoi.supabase.co/storage/v1/object/public/yacht-images/new-yachts/d498bf47-d0e2-4d72-b4e2-cfed8ea1e453/d498bf47-d0e2-4d72-b4e2-cfed8ea1e453-7.jpg,new-yachts/d498bf47-d0e2-4d72-b4e2-cfed8ea1e453/d498bf47-d0e2-4d72-b4e2-cfed8ea1e453-7.jpg,7,2026-04-22 15:18:19.065194+00
4c65bbec-0404-418d-b1d8-6b4dc27a2936,62d68832-feb4-47c4-abf4-5ed5ac0ab054,https://awrznjnofgmlqjiayhoi.supabase.co/storage/v1/object/public/yacht-images/new-yachts/62d68832-feb4-47c4-abf4-5ed5ac0ab054/62d68832-feb4-47c4-abf4-5ed5ac0ab054-2.jpg,new-yachts/62d68832-feb4-47c4-abf4-5ed5ac0ab054/62d68832-feb4-47c4-abf4-5ed5ac0ab054-2.jpg,2,2026-04-22 18:16:30.29356+00
4c75bb78-7a85-4c5f-a6b2-f63059f26820,00f407c0-a7b1-4072-8165-acc95c322bae,https://awrznjnofgmlqjiayhoi.supabase.co/storage/v1/object/public/yacht-images/new-yachts/00f407c0-a7b1-4072-8165-acc95c322bae/00f407c0-a7b1-4072-8165-acc95c322bae-6.jpg,new-yachts/00f407c0-a7b1-4072-8165-acc95c322bae/00f407c0-a7b1-4072-8165-acc95c322bae-6.jpg,6,2026-04-24 21:47:01.987747+00
4c7752be-19dc-4afc-a399-18e3cc7391a3,ca11d0bc-19db-4d7f-965d-da4a896b189a,https://awrznjnofgmlqjiayhoi.supabase.co/storage/v1/object/public/yacht-images/new-yachts/ca11d0bc-19db-4d7f-965d-da4a896b189a/ca11d0bc-19db-4d7f-965d-da4a896b189a-3.webp,new-yachts/ca11d0bc-19db-4d7f-965d-da4a896b189a/ca11d0bc-19db-4d7f-965d-da4a896b189a-3.webp,3,2026-03-01 09:48:12.905357+00
4c8b6a32-97a5-40ae-af51-16ee215cb61d,da0ad5a8-ee07-4109-af08-278720a594b8,https://awrznjnofgmlqjiayhoi.supabase.co/storage/v1/object/public/yacht-images/new-yachts/da0ad5a8-ee07-4109-af08-278720a594b8/da0ad5a8-ee07-4109-af08-278720a594b8-update-1774552161223-1.jpg,new-yachts/da0ad5a8-ee07-4109-af08-278720a594b8/da0ad5a8-ee07-4109-af08-278720a594b8-update-1774552161223-1.jpg,1,2026-03-26 19:09:22.311573+00
4c913717-c3b7-4218-bcb1-35a7c5cd4cab,63ad6431-db18-41ce-b5fe-09ecb9205943,https://awrznjnofgmlqjiayhoi.supabase.co/storage/v1/object/public/yacht-images/new-yachts/63ad6431-db18-41ce-b5fe-09ecb9205943/63ad6431-db18-41ce-b5fe-09ecb9205943-3.jpg,new-yachts/63ad6431-db18-41ce-b5fe-09ecb9205943/63ad6431-db18-41ce-b5fe-09ecb9205943-3.jpg,3,2026-04-23 13:47:19.630754+00
4c95e215-8eb6-49d7-bab7-80084af7e50e,42444d77-7aaa-4f43-a408-c57aedf79d13,https://awrznjnofgmlqjiayhoi.supabase.co/storage/v1/object/public/yacht-images/new-yachts/42444d77-7aaa-4f43-a408-c57aedf79d13/42444d77-7aaa-4f43-a408-c57aedf79d13-6.jpg,new-yachts/42444d77-7aaa-4f43-a408-c57aedf79d13/42444d77-7aaa-4f43-a408-c57aedf79d13-6.jpg,6,2026-04-23 19:09:18.120011+00
4cabacc2-5abe-45d5-a6cd-57145a57befb,482d1927-5b7c-44d1-87a8-1cb33053bf9a,https://awrznjnofgmlqjiayhoi.supabase.co/storage/v1/object/public/yacht-images/new-yachts/482d1927-5b7c-44d1-87a8-1cb33053bf9a/482d1927-5b7c-44d1-87a8-1cb33053bf9a-5.jpg,new-yachts/482d1927-5b7c-44d1-87a8-1cb33053bf9a/482d1927-5b7c-44d1-87a8-1cb33053bf9a-5.jpg,5,2026-04-22 13:31:25.788762+00
4ccc9830-92ef-4b58-be53-3f9e24d4084a,7a218c13-b279-49d9-8ee4-bec942046f18,https://awrznjnofgmlqjiayhoi.supabase.co/storage/v1/object/public/yacht-images/new-yachts/7a218c13-b279-49d9-8ee4-bec942046f18/7a218c13-b279-49d9-8ee4-bec942046f18-4.jpg,new-yachts/7a218c13-b279-49d9-8ee4-bec942046f18/7a218c13-b279-49d9-8ee4-bec942046f18-4.jpg,4,2026-04-23 13:00:00.523903+00
4cd22c68-369c-4aa3-a119-2c7054f0bb4f,b79617e8-78f0-4a13-a5df-9c00dfd10d41,https://awrznjnofgmlqjiayhoi.supabase.co/storage/v1/object/public/yacht-images/new-yachts/b79617e8-78f0-4a13-a5df-9c00dfd10d41/b79617e8-78f0-4a13-a5df-9c00dfd10d41-3.jpg,new-yachts/b79617e8-78f0-4a13-a5df-9c00dfd10d41/b79617e8-78f0-4a13-a5df-9c00dfd10d41-3.jpg,3,2026-04-22 14:49:41.347363+00
4cdefaa2-e226-4b24-ab14-e9871e97f6bb,aa8c6101-eb69-4a45-94b2-eb80dc49a261,https://awrznjnofgmlqjiayhoi.supabase.co/storage/v1/object/public/yacht-images/new-yachts/aa8c6101-eb69-4a45-94b2-eb80dc49a261/aa8c6101-eb69-4a45-94b2-eb80dc49a261-1.jpg,new-yachts/aa8c6101-eb69-4a45-94b2-eb80dc49a261/aa8c6101-eb69-4a45-94b2-eb80dc49a261-1.jpg,1,2026-04-24 17:50:32.261422+00
4ce40d19-7f6f-4098-9a46-ca708648aed9,d49fd6fe-849a-4007-937a-516892a4cdb9,https://awrznjnofgmlqjiayhoi.supabase.co/storage/v1/object/public/yacht-images/new-yachts/d49fd6fe-849a-4007-937a-516892a4cdb9/d49fd6fe-849a-4007-937a-516892a4cdb9-1.jpg,new-yachts/d49fd6fe-849a-4007-937a-516892a4cdb9/d49fd6fe-849a-4007-937a-516892a4cdb9-1.jpg,1,2026-04-23 08:33:16.080177+00
4d1fc054-7545-4e2e-94fd-93f7e8644439,b71e779a-40eb-4110-b871-8d24a227e42f,https://awrznjnofgmlqjiayhoi.supabase.co/storage/v1/object/public/yacht-images/new-yachts/b71e779a-40eb-4110-b871-8d24a227e42f/b71e779a-40eb-4110-b871-8d24a227e42f-8.jpg,new-yachts/b71e779a-40eb-4110-b871-8d24a227e42f/b71e779a-40eb-4110-b871-8d24a227e42f-8.jpg,8,2026-04-24 18:50:26.207272+00
4d9e97d1-6604-4068-bdb7-3aee1f9bd46c,4fb9b399-1afd-4ea0-b598-84b98be9613f,https://awrznjnofgmlqjiayhoi.supabase.co/storage/v1/object/public/yacht-images/new-yachts/4fb9b399-1afd-4ea0-b598-84b98be9613f/4fb9b399-1afd-4ea0-b598-84b98be9613f-6.jpg,new-yachts/4fb9b399-1afd-4ea0-b598-84b98be9613f/4fb9b399-1afd-4ea0-b598-84b98be9613f-6.jpg,6,2026-04-23 09:21:28.652021+00
4dd4fd46-d71b-4c82-9145-0de2d55ada1e,4946a8d3-25c4-46a5-b04f-a79ff159ab15,https://awrznjnofgmlqjiayhoi.supabase.co/storage/v1/object/public/yacht-images/new-yachts/4946a8d3-25c4-46a5-b04f-a79ff159ab15/4946a8d3-25c4-46a5-b04f-a79ff159ab15-10.jpg,new-yachts/4946a8d3-25c4-46a5-b04f-a79ff159ab15/4946a8d3-25c4-46a5-b04f-a79ff159ab15-10.jpg,10,2026-04-24 00:38:50.974743+00
4e2ea083-7ad0-46ca-803a-5255405389e1,7eb6611f-b17c-4e0e-87f4-b507cde9a9e2,https://awrznjnofgmlqjiayhoi.supabase.co/storage/v1/object/public/yacht-images/new-yachts/7eb6611f-b17c-4e0e-87f4-b507cde9a9e2/7eb6611f-b17c-4e0e-87f4-b507cde9a9e2-1.jpg,new-yachts/7eb6611f-b17c-4e0e-87f4-b507cde9a9e2/7eb6611f-b17c-4e0e-87f4-b507cde9a9e2-1.jpg,1,2026-03-26 21:05:00.541523+00
4e4ae79e-c2cd-4420-b453-3237ac3d767b,72968c30-468e-475b-9c74-a6afb74ff62e,https://awrznjnofgmlqjiayhoi.supabase.co/storage/v1/object/public/yacht-images/new-yachts/72968c30-468e-475b-9c74-a6afb74ff62e/72968c30-468e-475b-9c74-a6afb74ff62e-4.jpg,new-yachts/72968c30-468e-475b-9c74-a6afb74ff62e/72968c30-468e-475b-9c74-a6afb74ff62e-4.jpg,4,2026-04-24 22:13:19.434331+00
4e504353-f5cb-4512-8115-604f0260d7dc,4fb9b399-1afd-4ea0-b598-84b98be9613f,https://awrznjnofgmlqjiayhoi.supabase.co/storage/v1/object/public/yacht-images/new-yachts/4fb9b399-1afd-4ea0-b598-84b98be9613f/4fb9b399-1afd-4ea0-b598-84b98be9613f-7.jpg,new-yachts/4fb9b399-1afd-4ea0-b598-84b98be9613f/4fb9b399-1afd-4ea0-b598-84b98be9613f-7.jpg,7,2026-04-23 09:21:29.229768+00
4e5e794b-8f06-4d3c-919f-671678c1172e,96f0c491-d2d6-4d18-9673-195e14005b8b,https://awrznjnofgmlqjiayhoi.supabase.co/storage/v1/object/public/yacht-images/new-yachts/96f0c491-d2d6-4d18-9673-195e14005b8b/96f0c491-d2d6-4d18-9673-195e14005b8b-5.jpg,new-yachts/96f0c491-d2d6-4d18-9673-195e14005b8b/96f0c491-d2d6-4d18-9673-195e14005b8b-5.jpg,5,2026-04-24 22:12:10.876585+00
4ea8209a-342b-47e6-929f-76ed0e7c5c86,46478d58-042a-4ac5-85df-9be0f1f1040e,https://awrznjnofgmlqjiayhoi.supabase.co/storage/v1/object/public/yacht-images/new-yachts/46478d58-042a-4ac5-85df-9be0f1f1040e/46478d58-042a-4ac5-85df-9be0f1f1040e-6.jpg,new-yachts/46478d58-042a-4ac5-85df-9be0f1f1040e/46478d58-042a-4ac5-85df-9be0f1f1040e-6.jpg,6,2026-04-24 18:49:09.857178+00
4ed0fa53-2ba3-44a4-972f-88003a085986,6b302f73-4059-469d-98ee-cd0dbbaa3b4a,https://awrznjnofgmlqjiayhoi.supabase.co/storage/v1/object/public/yacht-images/new-yachts/6b302f73-4059-469d-98ee-cd0dbbaa3b4a/6b302f73-4059-469d-98ee-cd0dbbaa3b4a-7.jpg,new-yachts/6b302f73-4059-469d-98ee-cd0dbbaa3b4a/6b302f73-4059-469d-98ee-cd0dbbaa3b4a-7.jpg,7,2026-04-23 08:21:24.190374+00
4ed45190-1f88-4154-90f3-e48b1960a6c1,2574c261-52de-479f-9ccd-2f833f6ba6d6,https://awrznjnofgmlqjiayhoi.supabase.co/storage/v1/object/public/yacht-images/new-yachts/2574c261-52de-479f-9ccd-2f833f6ba6d6/2574c261-52de-479f-9ccd-2f833f6ba6d6-11.jpg,new-yachts/2574c261-52de-479f-9ccd-2f833f6ba6d6/2574c261-52de-479f-9ccd-2f833f6ba6d6-11.jpg,11,2026-04-22 16:26:14.231444+00
4ef2eec6-4c6e-4a77-9001-f9dfb2d6b04c,a54bba97-e7af-453a-bfaf-6fa33d98faba,https://awrznjnofgmlqjiayhoi.supabase.co/storage/v1/object/public/yacht-images/new-yachts/a54bba97-e7af-453a-bfaf-6fa33d98faba/a54bba97-e7af-453a-bfaf-6fa33d98faba-4.jpg,new-yachts/a54bba97-e7af-453a-bfaf-6fa33d98faba/a54bba97-e7af-453a-bfaf-6fa33d98faba-4.jpg,4,2026-04-22 18:31:31.073098+00
4f09b33c-569f-49f0-a02e-31f96a252405,6b05344c-d84a-40d5-b8a8-c8d00eccfb7d,https://awrznjnofgmlqjiayhoi.supabase.co/storage/v1/object/public/yacht-images/new-yachts/6b05344c-d84a-40d5-b8a8-c8d00eccfb7d/6b05344c-d84a-40d5-b8a8-c8d00eccfb7d-4.jpg,new-yachts/6b05344c-d84a-40d5-b8a8-c8d00eccfb7d/6b05344c-d84a-40d5-b8a8-c8d00eccfb7d-4.jpg,4,2026-04-22 17:22:22.850602+00
4f0d8690-8c3b-429b-a75a-ca82f8749464,c96d4ad4-068c-4543-8548-9bee6a9e902f,https://awrznjnofgmlqjiayhoi.supabase.co/storage/v1/object/public/yacht-images/new-yachts/c96d4ad4-068c-4543-8548-9bee6a9e902f/c96d4ad4-068c-4543-8548-9bee6a9e902f-10.jpg,new-yachts/c96d4ad4-068c-4543-8548-9bee6a9e902f/c96d4ad4-068c-4543-8548-9bee6a9e902f-10.jpg,10,2026-04-23 10:17:56.422525+00
4f3d8a40-4c59-4a68-a293-16771bc6b774,245f9376-5d0c-4d01-9edb-8b2357d16aca,https://awrznjnofgmlqjiayhoi.supabase.co/storage/v1/object/public/yacht-images/new-yachts/245f9376-5d0c-4d01-9edb-8b2357d16aca/245f9376-5d0c-4d01-9edb-8b2357d16aca-9.jpg,new-yachts/245f9376-5d0c-4d01-9edb-8b2357d16aca/245f9376-5d0c-4d01-9edb-8b2357d16aca-9.jpg,9,2026-04-24 00:21:24.026216+00
4f5b475e-da16-4a98-87c8-7579dcff89a3,ab0c1dd1-5ed6-41ab-a24d-1c7176b1487b,https://awrznjnofgmlqjiayhoi.supabase.co/storage/v1/object/public/yacht-images/new-yachts/ab0c1dd1-5ed6-41ab-a24d-1c7176b1487b/ab0c1dd1-5ed6-41ab-a24d-1c7176b1487b-7.jpg,new-yachts/ab0c1dd1-5ed6-41ab-a24d-1c7176b1487b/ab0c1dd1-5ed6-41ab-a24d-1c7176b1487b-7.jpg,7,2026-04-22 18:37:58.875547+00
4fa91df0-044b-4963-b378-5972f0a8ca33,71152f00-7193-453c-9187-3cac259a9afe,https://awrznjnofgmlqjiayhoi.supabase.co/storage/v1/object/public/yacht-images/new-yachts/71152f00-7193-453c-9187-3cac259a9afe/71152f00-7193-453c-9187-3cac259a9afe-2.jpg,new-yachts/71152f00-7193-453c-9187-3cac259a9afe/71152f00-7193-453c-9187-3cac259a9afe-2.jpg,2,2026-04-22 16:20:44.961117+00
4fb63d2d-4a65-4eb2-9af4-c44105567a29,aa8c6101-eb69-4a45-94b2-eb80dc49a261,https://awrznjnofgmlqjiayhoi.supabase.co/storage/v1/object/public/yacht-images/new-yachts/aa8c6101-eb69-4a45-94b2-eb80dc49a261/aa8c6101-eb69-4a45-94b2-eb80dc49a261-7.jpg,new-yachts/aa8c6101-eb69-4a45-94b2-eb80dc49a261/aa8c6101-eb69-4a45-94b2-eb80dc49a261-7.jpg,7,2026-04-24 17:50:36.779343+00
4fc2ccde-4ddc-4937-b1bf-4ce6f1850378,2dcb8ce7-6e7d-49ec-8c52-067db62ed412,https://awrznjnofgmlqjiayhoi.supabase.co/storage/v1/object/public/yacht-images/new-yachts/2dcb8ce7-6e7d-49ec-8c52-067db62ed412/2dcb8ce7-6e7d-49ec-8c52-067db62ed412-7.jpg,new-yachts/2dcb8ce7-6e7d-49ec-8c52-067db62ed412/2dcb8ce7-6e7d-49ec-8c52-067db62ed412-7.jpg,7,2026-04-24 22:45:11.997965+00
4fde26d5-c46e-42ff-8c90-3d0a897f447a,71152f00-7193-453c-9187-3cac259a9afe,https://awrznjnofgmlqjiayhoi.supabase.co/storage/v1/object/public/yacht-images/new-yachts/71152f00-7193-453c-9187-3cac259a9afe/71152f00-7193-453c-9187-3cac259a9afe-5.jpg,new-yachts/71152f00-7193-453c-9187-3cac259a9afe/71152f00-7193-453c-9187-3cac259a9afe-5.jpg,5,2026-04-22 16:20:47.262972+00
4fe5f2be-626f-437a-bcf6-03885c0c65e4,093e8300-40b1-41b7-ab55-f8d53889c761,https://awrznjnofgmlqjiayhoi.supabase.co/storage/v1/object/public/yacht-images/new-yachts/093e8300-40b1-41b7-ab55-f8d53889c761/093e8300-40b1-41b7-ab55-f8d53889c761-update-1774380924413-4.webp,new-yachts/093e8300-40b1-41b7-ab55-f8d53889c761/093e8300-40b1-41b7-ab55-f8d53889c761-update-1774380924413-4.webp,9,2026-03-24 19:35:25.06415+00
4fe741e9-ee0f-4db3-aaba-8202c05c5777,46dec82f-7d34-4f29-939d-9fcfb5d011cd,https://awrznjnofgmlqjiayhoi.supabase.co/storage/v1/object/public/yacht-images/new-yachts/46dec82f-7d34-4f29-939d-9fcfb5d011cd/46dec82f-7d34-4f29-939d-9fcfb5d011cd-4.jpg,new-yachts/46dec82f-7d34-4f29-939d-9fcfb5d011cd/46dec82f-7d34-4f29-939d-9fcfb5d011cd-4.jpg,4,2026-04-23 10:16:17.83073+00
5032ae6c-7553-4868-b748-23b73ba4c43f,e4eb87fe-d17d-4379-af62-8d6512a61ca2,https://awrznjnofgmlqjiayhoi.supabase.co/storage/v1/object/public/yacht-images/new-yachts/e4eb87fe-d17d-4379-af62-8d6512a61ca2/e4eb87fe-d17d-4379-af62-8d6512a61ca2-1.jpg,new-yachts/e4eb87fe-d17d-4379-af62-8d6512a61ca2/e4eb87fe-d17d-4379-af62-8d6512a61ca2-1.jpg,1,2026-04-24 22:06:04.952069+00
503dbc39-0251-4625-9bb6-99d557cf8385,062adaff-6e68-4667-aa06-21653f05ee5e,https://awrznjnofgmlqjiayhoi.supabase.co/storage/v1/object/public/yacht-images/new-yachts/062adaff-6e68-4667-aa06-21653f05ee5e/062adaff-6e68-4667-aa06-21653f05ee5e-6.jpg,new-yachts/062adaff-6e68-4667-aa06-21653f05ee5e/062adaff-6e68-4667-aa06-21653f05ee5e-6.jpg,6,2026-04-10 12:15:38.855634+00
5048732d-904e-4077-b16b-0e8fff17a7dd,3be4e810-053d-4854-b2ae-708b86082bac,https://awrznjnofgmlqjiayhoi.supabase.co/storage/v1/object/public/yacht-images/new-yachts/3be4e810-053d-4854-b2ae-708b86082bac/3be4e810-053d-4854-b2ae-708b86082bac-5.jpg,new-yachts/3be4e810-053d-4854-b2ae-708b86082bac/3be4e810-053d-4854-b2ae-708b86082bac-5.jpg,5,2026-04-24 00:26:51.12398+00
50626c51-7c29-446c-9de9-eb86a748b8a4,6eb971f0-6cf7-451c-abf5-4cc2727165fc,https://awrznjnofgmlqjiayhoi.supabase.co/storage/v1/object/public/yacht-images/new-yachts/6eb971f0-6cf7-451c-abf5-4cc2727165fc/6eb971f0-6cf7-451c-abf5-4cc2727165fc-6.webp,new-yachts/6eb971f0-6cf7-451c-abf5-4cc2727165fc/6eb971f0-6cf7-451c-abf5-4cc2727165fc-6.webp,6,2026-03-26 21:12:23.655938+00
506e4f9d-09a9-4fd2-b83a-ded6be657edc,8077c30c-b54a-4554-9574-20b30ac55af9,https://awrznjnofgmlqjiayhoi.supabase.co/storage/v1/object/public/yacht-images/new-yachts/8077c30c-b54a-4554-9574-20b30ac55af9/8077c30c-b54a-4554-9574-20b30ac55af9-2.jpg,new-yachts/8077c30c-b54a-4554-9574-20b30ac55af9/8077c30c-b54a-4554-9574-20b30ac55af9-2.jpg,2,2026-04-22 18:14:19.219561+00
5081c359-a238-4185-be8b-f0d2389a0752,8e5f6ed1-f9a8-43a4-b959-76c71e39942e,https://awrznjnofgmlqjiayhoi.supabase.co/storage/v1/object/public/yacht-images/new-yachts/8e5f6ed1-f9a8-43a4-b959-76c71e39942e/8e5f6ed1-f9a8-43a4-b959-76c71e39942e-2.jpg,new-yachts/8e5f6ed1-f9a8-43a4-b959-76c71e39942e/8e5f6ed1-f9a8-43a4-b959-76c71e39942e-2.jpg,2,2026-04-22 16:28:43.52145+00
5087ef1c-b1d0-4d4d-b0eb-620617875fb4,0c015923-44a5-4de2-8d0c-532e76fc17c7,https://awrznjnofgmlqjiayhoi.supabase.co/storage/v1/object/public/yacht-images/new-yachts/0c015923-44a5-4de2-8d0c-532e76fc17c7/0c015923-44a5-4de2-8d0c-532e76fc17c7-9.jpg,new-yachts/0c015923-44a5-4de2-8d0c-532e76fc17c7/0c015923-44a5-4de2-8d0c-532e76fc17c7-9.jpg,9,2026-04-22 16:25:18.680722+00
50a0d8b0-dfe4-497b-8cfe-17c73ba5a6ea,077c9e0d-ef5b-4229-9d5c-42ab6bf99aba,https://awrznjnofgmlqjiayhoi.supabase.co/storage/v1/object/public/yacht-images/new-yachts/077c9e0d-ef5b-4229-9d5c-42ab6bf99aba/077c9e0d-ef5b-4229-9d5c-42ab6bf99aba-7.jpg,new-yachts/077c9e0d-ef5b-4229-9d5c-42ab6bf99aba/077c9e0d-ef5b-4229-9d5c-42ab6bf99aba-7.jpg,7,2026-04-22 18:06:37.114066+00
50b90d50-e423-4357-be82-3a024a37fb6c,0e541ad4-8295-4b8e-87e1-847060de50a8,https://awrznjnofgmlqjiayhoi.supabase.co/storage/v1/object/public/yacht-images/new-yachts/0e541ad4-8295-4b8e-87e1-847060de50a8/0e541ad4-8295-4b8e-87e1-847060de50a8-5.jpg,new-yachts/0e541ad4-8295-4b8e-87e1-847060de50a8/0e541ad4-8295-4b8e-87e1-847060de50a8-5.jpg,5,2026-04-22 16:29:47.314363+00
50eaf826-1623-46a8-a190-7876012afb25,2376d7ee-cfbb-49e5-85fe-46552893c082,https://awrznjnofgmlqjiayhoi.supabase.co/storage/v1/object/public/yacht-images/new-yachts/2376d7ee-cfbb-49e5-85fe-46552893c082/2376d7ee-cfbb-49e5-85fe-46552893c082-3.jpg,new-yachts/2376d7ee-cfbb-49e5-85fe-46552893c082/2376d7ee-cfbb-49e5-85fe-46552893c082-3.jpg,3,2026-04-22 18:13:21.312482+00
50eb53b1-88f4-4de5-8552-fa3fcb7f61bb,29681b23-bcb9-4d30-937c-5e1b61f98be0,https://awrznjnofgmlqjiayhoi.supabase.co/storage/v1/object/public/yacht-images/new-yachts/29681b23-bcb9-4d30-937c-5e1b61f98be0/29681b23-bcb9-4d30-937c-5e1b61f98be0-2.webp,new-yachts/29681b23-bcb9-4d30-937c-5e1b61f98be0/29681b23-bcb9-4d30-937c-5e1b61f98be0-2.webp,2,2026-03-26 21:26:42.214833+00
50f6675b-03b6-42cb-a4c5-a61547545b75,181ed202-b6c2-4bd0-ac28-1d1f2115dea3,https://awrznjnofgmlqjiayhoi.supabase.co/storage/v1/object/public/yacht-images/new-yachts/181ed202-b6c2-4bd0-ac28-1d1f2115dea3/181ed202-b6c2-4bd0-ac28-1d1f2115dea3-9.jpg,new-yachts/181ed202-b6c2-4bd0-ac28-1d1f2115dea3/181ed202-b6c2-4bd0-ac28-1d1f2115dea3-9.jpg,9,2026-04-22 17:11:00.540462+00
5102a0bc-ef3c-485b-a72e-97e0ae5a1d62,1c9c5021-243c-4924-8493-30151cb88f63,https://awrznjnofgmlqjiayhoi.supabase.co/storage/v1/object/public/yacht-images/new-yachts/1c9c5021-243c-4924-8493-30151cb88f63/1c9c5021-243c-4924-8493-30151cb88f63-8.jpg,new-yachts/1c9c5021-243c-4924-8493-30151cb88f63/1c9c5021-243c-4924-8493-30151cb88f63-8.jpg,8,2026-04-22 18:05:18.742477+00
5105bc49-a32d-4660-8143-a145f111c508,5d02ef55-1f86-4529-b012-e26a73e30363,https://awrznjnofgmlqjiayhoi.supabase.co/storage/v1/object/public/yacht-images/new-yachts/5d02ef55-1f86-4529-b012-e26a73e30363/5d02ef55-1f86-4529-b012-e26a73e30363-6.jpg,new-yachts/5d02ef55-1f86-4529-b012-e26a73e30363/5d02ef55-1f86-4529-b012-e26a73e30363-6.jpg,6,2026-04-24 00:15:16.920824+00
512b91ba-de8b-46ca-aadc-e43234a705d7,01c63518-616e-4da3-85ce-f598fe1975d2,https://awrznjnofgmlqjiayhoi.supabase.co/storage/v1/object/public/yacht-images/new-yachts/01c63518-616e-4da3-85ce-f598fe1975d2/01c63518-616e-4da3-85ce-f598fe1975d2-9.jpg,new-yachts/01c63518-616e-4da3-85ce-f598fe1975d2/01c63518-616e-4da3-85ce-f598fe1975d2-9.jpg,9,2026-04-24 21:26:42.095249+00
5144f80e-6cf0-411e-8ba4-25a80758b2b3,68193184-66ee-493e-b2f7-72ff5c829416,https://awrznjnofgmlqjiayhoi.supabase.co/storage/v1/object/public/yacht-images/new-yachts/68193184-66ee-493e-b2f7-72ff5c829416/68193184-66ee-493e-b2f7-72ff5c829416-5.jpg,new-yachts/68193184-66ee-493e-b2f7-72ff5c829416/68193184-66ee-493e-b2f7-72ff5c829416-5.jpg,5,2026-04-24 00:34:21.340252+00
5146c4d3-847d-4f96-8eb9-c4c1544c52d9,5571b971-bc7b-4c6f-ba4e-1b2beef70fe0,https://awrznjnofgmlqjiayhoi.supabase.co/storage/v1/object/public/yacht-images/new-yachts/5571b971-bc7b-4c6f-ba4e-1b2beef70fe0/5571b971-bc7b-4c6f-ba4e-1b2beef70fe0-10.jpg,new-yachts/5571b971-bc7b-4c6f-ba4e-1b2beef70fe0/5571b971-bc7b-4c6f-ba4e-1b2beef70fe0-10.jpg,10,2026-04-23 10:17:04.464068+00
51bd6824-74bc-4f70-ba97-93dcce1db16b,2574c261-52de-479f-9ccd-2f833f6ba6d6,https://awrznjnofgmlqjiayhoi.supabase.co/storage/v1/object/public/yacht-images/new-yachts/2574c261-52de-479f-9ccd-2f833f6ba6d6/2574c261-52de-479f-9ccd-2f833f6ba6d6-3.jpg,new-yachts/2574c261-52de-479f-9ccd-2f833f6ba6d6/2574c261-52de-479f-9ccd-2f833f6ba6d6-3.jpg,3,2026-04-22 16:26:08.85255+00
52328672-dc09-4ea8-ae30-3107da90e103,39b52f16-b578-4028-8bae-27a9af3df2ae,https://awrznjnofgmlqjiayhoi.supabase.co/storage/v1/object/public/yacht-images/new-yachts/39b52f16-b578-4028-8bae-27a9af3df2ae/39b52f16-b578-4028-8bae-27a9af3df2ae-2.jpg,new-yachts/39b52f16-b578-4028-8bae-27a9af3df2ae/39b52f16-b578-4028-8bae-27a9af3df2ae-2.jpg,2,2026-04-22 17:18:03.161534+00
52350724-2590-4733-9c6c-344f29797d00,f4b8122c-8b42-473d-bec4-396b5cf3471c,https://awrznjnofgmlqjiayhoi.supabase.co/storage/v1/object/public/yacht-images/new-yachts/f4b8122c-8b42-473d-bec4-396b5cf3471c/f4b8122c-8b42-473d-bec4-396b5cf3471c-6.webp,new-yachts/f4b8122c-8b42-473d-bec4-396b5cf3471c/f4b8122c-8b42-473d-bec4-396b5cf3471c-6.webp,6,2026-03-13 10:29:04.616189+00
52476c7a-c502-45a3-b80c-22f70086ca48,3c394ac5-a52c-4c8d-b431-0eff672003b3,https://awrznjnofgmlqjiayhoi.supabase.co/storage/v1/object/public/yacht-images/new-yachts/3c394ac5-a52c-4c8d-b431-0eff672003b3/3c394ac5-a52c-4c8d-b431-0eff672003b3-5.jpg,new-yachts/3c394ac5-a52c-4c8d-b431-0eff672003b3/3c394ac5-a52c-4c8d-b431-0eff672003b3-5.jpg,5,2026-04-24 22:17:46.330221+00
52483906-c009-46ff-abe8-0eefcc145c76,000dcfdc-eec1-4fd8-90e3-fe9a6e37721b,https://awrznjnofgmlqjiayhoi.supabase.co/storage/v1/object/public/yacht-images/new-yachts/000dcfdc-eec1-4fd8-90e3-fe9a6e37721b/000dcfdc-eec1-4fd8-90e3-fe9a6e37721b-2.webp,new-yachts/000dcfdc-eec1-4fd8-90e3-fe9a6e37721b/000dcfdc-eec1-4fd8-90e3-fe9a6e37721b-2.webp,2,2026-03-26 21:47:59.99767+00
525b40be-32d1-4faf-a314-7065fe0bd110,5571b971-bc7b-4c6f-ba4e-1b2beef70fe0,https://awrznjnofgmlqjiayhoi.supabase.co/storage/v1/object/public/yacht-images/new-yachts/5571b971-bc7b-4c6f-ba4e-1b2beef70fe0/5571b971-bc7b-4c6f-ba4e-1b2beef70fe0-7.jpg,new-yachts/5571b971-bc7b-4c6f-ba4e-1b2beef70fe0/5571b971-bc7b-4c6f-ba4e-1b2beef70fe0-7.jpg,7,2026-04-23 10:17:02.620746+00
52a6374a-d7f0-4999-9723-098f77e1fbc8,1789ce0b-b617-4357-911e-6152f2799f45,https://awrznjnofgmlqjiayhoi.supabase.co/storage/v1/object/public/yacht-images/new-yachts/1789ce0b-b617-4357-911e-6152f2799f45/1789ce0b-b617-4357-911e-6152f2799f45-1.jpg,new-yachts/1789ce0b-b617-4357-911e-6152f2799f45/1789ce0b-b617-4357-911e-6152f2799f45-1.jpg,1,2026-04-24 00:00:49.278231+00
52bb4f49-cbbf-402a-9130-072d2a4d7173,cbd5ddc7-f07d-46a1-98b7-663b7e4c9432,https://awrznjnofgmlqjiayhoi.supabase.co/storage/v1/object/public/yacht-images/new-yachts/cbd5ddc7-f07d-46a1-98b7-663b7e4c9432/cbd5ddc7-f07d-46a1-98b7-663b7e4c9432-3.jpg,new-yachts/cbd5ddc7-f07d-46a1-98b7-663b7e4c9432/cbd5ddc7-f07d-46a1-98b7-663b7e4c9432-3.jpg,3,2026-04-23 12:57:20.793891+00
52e9093f-efbb-4078-86d0-9c629001ac87,6691a397-12b2-4bec-9729-2e36bbeda61a,https://awrznjnofgmlqjiayhoi.supabase.co/storage/v1/object/public/yacht-images/new-yachts/6691a397-12b2-4bec-9729-2e36bbeda61a/6691a397-12b2-4bec-9729-2e36bbeda61a-4.jpg,new-yachts/6691a397-12b2-4bec-9729-2e36bbeda61a/6691a397-12b2-4bec-9729-2e36bbeda61a-4.jpg,4,2026-04-22 18:47:23.452029+00
530a58e7-0c6e-4cb9-b44c-1b62984d3b89,6b05344c-d84a-40d5-b8a8-c8d00eccfb7d,https://awrznjnofgmlqjiayhoi.supabase.co/storage/v1/object/public/yacht-images/new-yachts/6b05344c-d84a-40d5-b8a8-c8d00eccfb7d/6b05344c-d84a-40d5-b8a8-c8d00eccfb7d-11.jpg,new-yachts/6b05344c-d84a-40d5-b8a8-c8d00eccfb7d/6b05344c-d84a-40d5-b8a8-c8d00eccfb7d-11.jpg,11,2026-04-22 17:22:28.189024+00
5338a364-c8fe-4ff6-9fa0-4eb35cc36f84,b94a5341-8ff1-4cc3-bd0a-1c4c657e071a,https://awrznjnofgmlqjiayhoi.supabase.co/storage/v1/object/public/yacht-images/new-yachts/b94a5341-8ff1-4cc3-bd0a-1c4c657e071a/b94a5341-8ff1-4cc3-bd0a-1c4c657e071a-10.jpg,new-yachts/b94a5341-8ff1-4cc3-bd0a-1c4c657e071a/b94a5341-8ff1-4cc3-bd0a-1c4c657e071a-10.jpg,11,2026-04-24 18:51:05.244645+00
5353379d-9c85-40db-b881-71952d2c0876,c96d4ad4-068c-4543-8548-9bee6a9e902f,https://awrznjnofgmlqjiayhoi.supabase.co/storage/v1/object/public/yacht-images/new-yachts/c96d4ad4-068c-4543-8548-9bee6a9e902f/c96d4ad4-068c-4543-8548-9bee6a9e902f-7.jpg,new-yachts/c96d4ad4-068c-4543-8548-9bee6a9e902f/c96d4ad4-068c-4543-8548-9bee6a9e902f-7.jpg,7,2026-04-23 10:17:54.426893+00
5374eaf5-3651-4ffc-8134-f10d3265b5c1,3c3b41d1-6a5d-4bff-9ac4-74151a516eb2,https://awrznjnofgmlqjiayhoi.supabase.co/storage/v1/object/public/yacht-images/new-yachts/3c3b41d1-6a5d-4bff-9ac4-74151a516eb2/3c3b41d1-6a5d-4bff-9ac4-74151a516eb2-7.jpg,new-yachts/3c3b41d1-6a5d-4bff-9ac4-74151a516eb2/3c3b41d1-6a5d-4bff-9ac4-74151a516eb2-7.jpg,7,2026-04-22 17:43:06.1019+00
537bd342-cdd0-49f0-a4b9-cb4b82e5c047,b79617e8-78f0-4a13-a5df-9c00dfd10d41,https://awrznjnofgmlqjiayhoi.supabase.co/storage/v1/object/public/yacht-images/new-yachts/b79617e8-78f0-4a13-a5df-9c00dfd10d41/b79617e8-78f0-4a13-a5df-9c00dfd10d41-1.jpg,new-yachts/b79617e8-78f0-4a13-a5df-9c00dfd10d41/b79617e8-78f0-4a13-a5df-9c00dfd10d41-1.jpg,1,2026-04-22 14:49:39.81618+00
53ad575d-aa57-43d9-bdfb-9dde2b5e23e5,00f407c0-a7b1-4072-8165-acc95c322bae,https://awrznjnofgmlqjiayhoi.supabase.co/storage/v1/object/public/yacht-images/new-yachts/00f407c0-a7b1-4072-8165-acc95c322bae/00f407c0-a7b1-4072-8165-acc95c322bae-1.jpg,new-yachts/00f407c0-a7b1-4072-8165-acc95c322bae/00f407c0-a7b1-4072-8165-acc95c322bae-1.jpg,1,2026-04-24 21:46:58.320507+00
53bd9bce-6271-4ad1-ba76-f5c6608aa3a5,173fb8d6-c365-471d-aa65-ae65f21664a3,https://awrznjnofgmlqjiayhoi.supabase.co/storage/v1/object/public/yacht-images/new-yachts/173fb8d6-c365-471d-aa65-ae65f21664a3/173fb8d6-c365-471d-aa65-ae65f21664a3-1.jpg,new-yachts/173fb8d6-c365-471d-aa65-ae65f21664a3/173fb8d6-c365-471d-aa65-ae65f21664a3-1.jpg,1,2026-04-22 18:36:12.727892+00
53c76478-b996-4d96-8875-1b5883ce575c,24bfce86-bd6a-49a2-8c6d-f3defd842949,https://awrznjnofgmlqjiayhoi.supabase.co/storage/v1/object/public/yacht-images/new-yachts/24bfce86-bd6a-49a2-8c6d-f3defd842949/24bfce86-bd6a-49a2-8c6d-f3defd842949-1.jpg,new-yachts/24bfce86-bd6a-49a2-8c6d-f3defd842949/24bfce86-bd6a-49a2-8c6d-f3defd842949-1.jpg,1,2026-04-24 00:48:52.305335+00
53d31194-4a2b-4aa6-b37f-2e8a18060908,01c63518-616e-4da3-85ce-f598fe1975d2,https://awrznjnofgmlqjiayhoi.supabase.co/storage/v1/object/public/yacht-images/new-yachts/01c63518-616e-4da3-85ce-f598fe1975d2/01c63518-616e-4da3-85ce-f598fe1975d2-11.jpg,new-yachts/01c63518-616e-4da3-85ce-f598fe1975d2/01c63518-616e-4da3-85ce-f598fe1975d2-11.jpg,11,2026-04-24 21:26:43.242873+00
53f1cd3b-45ec-4e9f-b48b-8d77d6f7ff12,44637863-e1b1-4505-9f38-065853e6693c,https://awrznjnofgmlqjiayhoi.supabase.co/storage/v1/object/public/yacht-images/new-yachts/44637863-e1b1-4505-9f38-065853e6693c/44637863-e1b1-4505-9f38-065853e6693c-9.jpg,new-yachts/44637863-e1b1-4505-9f38-065853e6693c/44637863-e1b1-4505-9f38-065853e6693c-9.jpg,9,2026-04-22 15:15:27.259228+00
53f48555-c8f6-4c3a-9dc6-28b0d7f148ad,d8c51b24-2426-4721-96b7-5d34d56e8800,https://awrznjnofgmlqjiayhoi.supabase.co/storage/v1/object/public/yacht-images/new-yachts/d8c51b24-2426-4721-96b7-5d34d56e8800/d8c51b24-2426-4721-96b7-5d34d56e8800-2.jpg,new-yachts/d8c51b24-2426-4721-96b7-5d34d56e8800/d8c51b24-2426-4721-96b7-5d34d56e8800-2.jpg,2,2026-04-22 15:05:11.772722+00
540d1480-d17b-415d-bd7c-de1a35065e17,99ef150a-4436-478c-9d40-05c7ebf085b4,https://awrznjnofgmlqjiayhoi.supabase.co/storage/v1/object/public/yacht-images/new-yachts/99ef150a-4436-478c-9d40-05c7ebf085b4/99ef150a-4436-478c-9d40-05c7ebf085b4-8.jpg,new-yachts/99ef150a-4436-478c-9d40-05c7ebf085b4/99ef150a-4436-478c-9d40-05c7ebf085b4-8.jpg,8,2026-04-22 18:27:16.553819+00
54211e2b-7740-4c3c-bd4f-e1b6e423f29c,83795779-a646-4c1e-b643-56e99168b304,https://awrznjnofgmlqjiayhoi.supabase.co/storage/v1/object/public/yacht-images/new-yachts/83795779-a646-4c1e-b643-56e99168b304/83795779-a646-4c1e-b643-56e99168b304-11.jpg,new-yachts/83795779-a646-4c1e-b643-56e99168b304/83795779-a646-4c1e-b643-56e99168b304-11.jpg,11,2026-04-22 18:07:53.962008+00
542de2b9-562f-42c3-9a98-8d420a4d1aa2,ca11d0bc-19db-4d7f-965d-da4a896b189a,https://awrznjnofgmlqjiayhoi.supabase.co/storage/v1/object/public/yacht-images/new-yachts/ca11d0bc-19db-4d7f-965d-da4a896b189a/ca11d0bc-19db-4d7f-965d-da4a896b189a-2.webp,new-yachts/ca11d0bc-19db-4d7f-965d-da4a896b189a/ca11d0bc-19db-4d7f-965d-da4a896b189a-2.webp,2,2026-03-01 09:48:12.4672+00
543ae159-1843-42a0-b98f-145ed4dffe1e,6eb971f0-6cf7-451c-abf5-4cc2727165fc,https://awrznjnofgmlqjiayhoi.supabase.co/storage/v1/object/public/yacht-images/new-yachts/6eb971f0-6cf7-451c-abf5-4cc2727165fc/6eb971f0-6cf7-451c-abf5-4cc2727165fc-5.webp,new-yachts/6eb971f0-6cf7-451c-abf5-4cc2727165fc/6eb971f0-6cf7-451c-abf5-4cc2727165fc-5.webp,5,2026-03-26 21:12:23.291438+00
5447d759-52c2-401c-866a-a23bd86a0c62,1c5f2552-f6fb-43a0-b2d1-c841eae6e044,https://awrznjnofgmlqjiayhoi.supabase.co/storage/v1/object/public/yacht-images/new-yachts/1c5f2552-f6fb-43a0-b2d1-c841eae6e044/1c5f2552-f6fb-43a0-b2d1-c841eae6e044-2.jpg,new-yachts/1c5f2552-f6fb-43a0-b2d1-c841eae6e044/1c5f2552-f6fb-43a0-b2d1-c841eae6e044-2.jpg,2,2026-04-24 00:43:17.029668+00
54936242-7828-4cb1-989f-9e7ddd2726ce,8f11f960-eb3e-464e-a6be-48f557e1d211,https://awrznjnofgmlqjiayhoi.supabase.co/storage/v1/object/public/yacht-images/new-yachts/8f11f960-eb3e-464e-a6be-48f557e1d211/8f11f960-eb3e-464e-a6be-48f557e1d211-9.jpg,new-yachts/8f11f960-eb3e-464e-a6be-48f557e1d211/8f11f960-eb3e-464e-a6be-48f557e1d211-9.jpg,9,2026-04-22 18:44:55.345448+00
55003d0e-bb95-4fbe-b009-462dd5f94ccf,8077c30c-b54a-4554-9574-20b30ac55af9,https://awrznjnofgmlqjiayhoi.supabase.co/storage/v1/object/public/yacht-images/new-yachts/8077c30c-b54a-4554-9574-20b30ac55af9/8077c30c-b54a-4554-9574-20b30ac55af9-11.jpg,new-yachts/8077c30c-b54a-4554-9574-20b30ac55af9/8077c30c-b54a-4554-9574-20b30ac55af9-11.jpg,11,2026-04-22 18:14:25.022013+00
551d4263-daf8-4ccd-8032-71922d69c5cf,d8ada534-6eb6-4282-b98a-49bf8e72c7df,https://awrznjnofgmlqjiayhoi.supabase.co/storage/v1/object/public/yacht-images/new-yachts/d8ada534-6eb6-4282-b98a-49bf8e72c7df/d8ada534-6eb6-4282-b98a-49bf8e72c7df-6.webp,new-yachts/d8ada534-6eb6-4282-b98a-49bf8e72c7df/d8ada534-6eb6-4282-b98a-49bf8e72c7df-6.webp,6,2026-03-26 19:15:05.27569+00
555d4546-a70b-412f-9f5f-2c865e6e81ea,4c428a0f-213e-4899-b826-1f110b9fee53,https://awrznjnofgmlqjiayhoi.supabase.co/storage/v1/object/public/yacht-images/new-yachts/4c428a0f-213e-4899-b826-1f110b9fee53/4c428a0f-213e-4899-b826-1f110b9fee53-4.jpg,new-yachts/4c428a0f-213e-4899-b826-1f110b9fee53/4c428a0f-213e-4899-b826-1f110b9fee53-4.jpg,4,2026-04-23 09:23:14.765304+00
55a556a9-9235-4748-90a2-2db0b7ad707a,2376d7ee-cfbb-49e5-85fe-46552893c082,https://awrznjnofgmlqjiayhoi.supabase.co/storage/v1/object/public/yacht-images/new-yachts/2376d7ee-cfbb-49e5-85fe-46552893c082/2376d7ee-cfbb-49e5-85fe-46552893c082-1.jpg,new-yachts/2376d7ee-cfbb-49e5-85fe-46552893c082/2376d7ee-cfbb-49e5-85fe-46552893c082-1.jpg,1,2026-04-22 18:13:19.905448+00
55b1dd35-1699-4d06-ae93-69313c08dba2,b05aa56a-a6ba-4e1f-b64c-722a554ef536,https://awrznjnofgmlqjiayhoi.supabase.co/storage/v1/object/public/yacht-images/new-yachts/b05aa56a-a6ba-4e1f-b64c-722a554ef536/b05aa56a-a6ba-4e1f-b64c-722a554ef536-1.jpg,new-yachts/b05aa56a-a6ba-4e1f-b64c-722a554ef536/b05aa56a-a6ba-4e1f-b64c-722a554ef536-1.jpg,1,2026-04-22 16:58:33.431357+00
55c9ba9d-aab3-459e-b9ca-e0b6c6ba33aa,7003a6dc-f1a6-4109-a0e2-854d49db77fc,https://awrznjnofgmlqjiayhoi.supabase.co/storage/v1/object/public/yacht-images/new-yachts/7003a6dc-f1a6-4109-a0e2-854d49db77fc/7003a6dc-f1a6-4109-a0e2-854d49db77fc-1.jpg,new-yachts/7003a6dc-f1a6-4109-a0e2-854d49db77fc/7003a6dc-f1a6-4109-a0e2-854d49db77fc-1.jpg,1,2026-04-23 08:56:21.83481+00
55ed7faa-c3ed-4f5a-8a4d-6e50eedb3e37,62d68832-feb4-47c4-abf4-5ed5ac0ab054,https://awrznjnofgmlqjiayhoi.supabase.co/storage/v1/object/public/yacht-images/new-yachts/62d68832-feb4-47c4-abf4-5ed5ac0ab054/62d68832-feb4-47c4-abf4-5ed5ac0ab054-3.jpg,new-yachts/62d68832-feb4-47c4-abf4-5ed5ac0ab054/62d68832-feb4-47c4-abf4-5ed5ac0ab054-3.jpg,3,2026-04-22 18:16:31.109312+00
561aa8e9-a175-415c-8488-d6e44259c262,2c1b5d99-994c-4e9d-86d6-bd464d3baa0f,https://awrznjnofgmlqjiayhoi.supabase.co/storage/v1/object/public/yacht-images/new-yachts/2c1b5d99-994c-4e9d-86d6-bd464d3baa0f/2c1b5d99-994c-4e9d-86d6-bd464d3baa0f-5.webp,new-yachts/2c1b5d99-994c-4e9d-86d6-bd464d3baa0f/2c1b5d99-994c-4e9d-86d6-bd464d3baa0f-5.webp,5,2026-03-27 20:28:26.398022+00
56254af0-b4a2-4326-9f77-bf46d6495b68,24bfce86-bd6a-49a2-8c6d-f3defd842949,https://awrznjnofgmlqjiayhoi.supabase.co/storage/v1/object/public/yacht-images/new-yachts/24bfce86-bd6a-49a2-8c6d-f3defd842949/24bfce86-bd6a-49a2-8c6d-f3defd842949-4.jpg,new-yachts/24bfce86-bd6a-49a2-8c6d-f3defd842949/24bfce86-bd6a-49a2-8c6d-f3defd842949-4.jpg,4,2026-04-24 00:48:54.15553+00
566f6f1a-f949-4675-8922-8b6ef19e98a6,75597bbd-243f-42fd-a534-fdeca57e3c9c,https://awrznjnofgmlqjiayhoi.supabase.co/storage/v1/object/public/yacht-images/new-yachts/75597bbd-243f-42fd-a534-fdeca57e3c9c/75597bbd-243f-42fd-a534-fdeca57e3c9c-11.jpg,new-yachts/75597bbd-243f-42fd-a534-fdeca57e3c9c/75597bbd-243f-42fd-a534-fdeca57e3c9c-11.jpg,11,2026-04-24 00:18:14.849214+00
568033d9-877e-45fd-8ef2-6c290386feba,3b566a87-1f34-4f83-8f51-8fc988f9d292,https://awrznjnofgmlqjiayhoi.supabase.co/storage/v1/object/public/yacht-images/new-yachts/3b566a87-1f34-4f83-8f51-8fc988f9d292/3b566a87-1f34-4f83-8f51-8fc988f9d292-8.jpg,new-yachts/3b566a87-1f34-4f83-8f51-8fc988f9d292/3b566a87-1f34-4f83-8f51-8fc988f9d292-8.jpg,8,2026-04-23 09:09:34.928351+00
56865975-1aa8-4428-9f0c-5d9116ac5cf0,40ad641d-8678-4762-ae92-ed4a9b0cb3b9,https://awrznjnofgmlqjiayhoi.supabase.co/storage/v1/object/public/yacht-images/new-yachts/40ad641d-8678-4762-ae92-ed4a9b0cb3b9/40ad641d-8678-4762-ae92-ed4a9b0cb3b9-1.jpg,new-yachts/40ad641d-8678-4762-ae92-ed4a9b0cb3b9/40ad641d-8678-4762-ae92-ed4a9b0cb3b9-1.jpg,1,2026-04-23 09:17:34.656926+00
56a2d699-c560-41be-b607-53fd3c507784,d3716531-df17-4b01-9d18-993b87404a0e,https://awrznjnofgmlqjiayhoi.supabase.co/storage/v1/object/public/yacht-images/new-yachts/d3716531-df17-4b01-9d18-993b87404a0e/d3716531-df17-4b01-9d18-993b87404a0e-1.jpg,new-yachts/d3716531-df17-4b01-9d18-993b87404a0e/d3716531-df17-4b01-9d18-993b87404a0e-1.jpg,1,2026-04-10 12:55:59.303116+00
56c6653f-3041-4c22-a3ee-3084b184de0e,31a517e0-a08d-4a26-ac29-7d15135d7cb3,https://awrznjnofgmlqjiayhoi.supabase.co/storage/v1/object/public/yacht-images/new-yachts/31a517e0-a08d-4a26-ac29-7d15135d7cb3/31a517e0-a08d-4a26-ac29-7d15135d7cb3-1.jpg,new-yachts/31a517e0-a08d-4a26-ac29-7d15135d7cb3/31a517e0-a08d-4a26-ac29-7d15135d7cb3-1.jpg,1,2026-03-26 22:03:28.049273+00
56e5444d-289a-40d5-aec6-d8f0c6e53c1f,5ce670e1-2f6e-4855-ab51-e64f92813135,https://awrznjnofgmlqjiayhoi.supabase.co/storage/v1/object/public/yacht-images/new-yachts/5ce670e1-2f6e-4855-ab51-e64f92813135/5ce670e1-2f6e-4855-ab51-e64f92813135-5.jpg,new-yachts/5ce670e1-2f6e-4855-ab51-e64f92813135/5ce670e1-2f6e-4855-ab51-e64f92813135-5.jpg,5,2026-04-24 00:53:05.984014+00
56f3d30f-fdc1-4e49-9dd1-bfc0f3e8e292,ef48375a-8612-4743-87f7-8e1b9bacadce,https://awrznjnofgmlqjiayhoi.supabase.co/storage/v1/object/public/yacht-images/new-yachts/ef48375a-8612-4743-87f7-8e1b9bacadce/ef48375a-8612-4743-87f7-8e1b9bacadce-5.jpg,new-yachts/ef48375a-8612-4743-87f7-8e1b9bacadce/ef48375a-8612-4743-87f7-8e1b9bacadce-5.jpg,5,2026-04-22 14:44:51.645074+00
57000bb8-8078-4425-a594-2f35f46e22c0,02943908-9ea0-4048-8f13-5a2e9e8aa180,https://awrznjnofgmlqjiayhoi.supabase.co/storage/v1/object/public/yacht-images/new-yachts/02943908-9ea0-4048-8f13-5a2e9e8aa180/02943908-9ea0-4048-8f13-5a2e9e8aa180-2.jpg,new-yachts/02943908-9ea0-4048-8f13-5a2e9e8aa180/02943908-9ea0-4048-8f13-5a2e9e8aa180-2.jpg,2,2026-04-22 18:49:15.854376+00
570274e3-7b06-4184-ba39-5e0f2db7dd89,dc252fdc-3279-49b1-b4bd-e577dc402ce7,https://awrznjnofgmlqjiayhoi.supabase.co/storage/v1/object/public/yacht-images/new-yachts/dc252fdc-3279-49b1-b4bd-e577dc402ce7/dc252fdc-3279-49b1-b4bd-e577dc402ce7-9.jpg,new-yachts/dc252fdc-3279-49b1-b4bd-e577dc402ce7/dc252fdc-3279-49b1-b4bd-e577dc402ce7-9.jpg,9,2026-04-23 10:15:31.844528+00
5711fd07-e6da-479b-9e74-7aa59a118b0e,29681b23-bcb9-4d30-937c-5e1b61f98be0,https://awrznjnofgmlqjiayhoi.supabase.co/storage/v1/object/public/yacht-images/new-yachts/29681b23-bcb9-4d30-937c-5e1b61f98be0/29681b23-bcb9-4d30-937c-5e1b61f98be0-4.webp,new-yachts/29681b23-bcb9-4d30-937c-5e1b61f98be0/29681b23-bcb9-4d30-937c-5e1b61f98be0-4.webp,4,2026-03-26 21:26:42.976879+00
5714aea4-d7dd-48d0-9395-1a3d0f74a410,199d0d16-14ce-4883-973e-e82706c8e0ca,https://awrznjnofgmlqjiayhoi.supabase.co/storage/v1/object/public/yacht-images/new-yachts/199d0d16-14ce-4883-973e-e82706c8e0ca/199d0d16-14ce-4883-973e-e82706c8e0ca-2.jpg,new-yachts/199d0d16-14ce-4883-973e-e82706c8e0ca/199d0d16-14ce-4883-973e-e82706c8e0ca-2.jpg,2,2026-04-24 00:11:41.695499+00
5717dc12-d74a-4e91-a9bb-75139d861bac,edbf3b89-880d-42df-9940-7c851dd8c73a,https://awrznjnofgmlqjiayhoi.supabase.co/storage/v1/object/public/yacht-images/new-yachts/edbf3b89-880d-42df-9940-7c851dd8c73a/edbf3b89-880d-42df-9940-7c851dd8c73a-3.jpg,new-yachts/edbf3b89-880d-42df-9940-7c851dd8c73a/edbf3b89-880d-42df-9940-7c851dd8c73a-3.jpg,3,2026-04-22 18:39:18.103863+00
5742cb68-1fb9-41c3-844a-985cf7b7859e,8d7a0fc8-4b08-4d64-8427-2d433e120720,https://awrznjnofgmlqjiayhoi.supabase.co/storage/v1/object/public/yacht-images/new-yachts/8d7a0fc8-4b08-4d64-8427-2d433e120720/8d7a0fc8-4b08-4d64-8427-2d433e120720-9.jpg,new-yachts/8d7a0fc8-4b08-4d64-8427-2d433e120720/8d7a0fc8-4b08-4d64-8427-2d433e120720-9.jpg,9,2026-04-23 10:14:04.384959+00
574c0214-0467-4530-98f0-ed4ee8eb21e1,29681b23-bcb9-4d30-937c-5e1b61f98be0,https://awrznjnofgmlqjiayhoi.supabase.co/storage/v1/object/public/yacht-images/new-yachts/29681b23-bcb9-4d30-937c-5e1b61f98be0/29681b23-bcb9-4d30-937c-5e1b61f98be0-1.jpg,new-yachts/29681b23-bcb9-4d30-937c-5e1b61f98be0/29681b23-bcb9-4d30-937c-5e1b61f98be0-1.jpg,1,2026-03-26 21:26:41.582998+00
57521036-34cc-4834-af3c-9572806ca52b,b79617e8-78f0-4a13-a5df-9c00dfd10d41,https://awrznjnofgmlqjiayhoi.supabase.co/storage/v1/object/public/yacht-images/new-yachts/b79617e8-78f0-4a13-a5df-9c00dfd10d41/b79617e8-78f0-4a13-a5df-9c00dfd10d41-11.jpg,new-yachts/b79617e8-78f0-4a13-a5df-9c00dfd10d41/b79617e8-78f0-4a13-a5df-9c00dfd10d41-11.jpg,11,2026-04-22 14:49:45.755244+00
575eded8-fb3a-4788-a401-eea7b3233c32,ba50d6c9-16f8-4617-ae3b-e2e962467098,https://awrznjnofgmlqjiayhoi.supabase.co/storage/v1/object/public/yacht-images/new-yachts/ba50d6c9-16f8-4617-ae3b-e2e962467098/ba50d6c9-16f8-4617-ae3b-e2e962467098-6.jpg,new-yachts/ba50d6c9-16f8-4617-ae3b-e2e962467098/ba50d6c9-16f8-4617-ae3b-e2e962467098-6.jpg,6,2026-04-23 12:58:50.671544+00
57672f9d-7a69-4307-95c1-950d6f649838,cadd3216-79f0-42b7-9c76-190f169be432,https://awrznjnofgmlqjiayhoi.supabase.co/storage/v1/object/public/yacht-images/new-yachts/cadd3216-79f0-42b7-9c76-190f169be432/cadd3216-79f0-42b7-9c76-190f169be432-2.jpg,new-yachts/cadd3216-79f0-42b7-9c76-190f169be432/cadd3216-79f0-42b7-9c76-190f169be432-2.jpg,2,2026-04-22 15:07:06.273926+00
57747c6d-4b67-44d6-bd5f-7d9f02a48429,55de1484-a539-4672-b108-3f36fd944eaa,https://awrznjnofgmlqjiayhoi.supabase.co/storage/v1/object/public/yacht-images/new-yachts/55de1484-a539-4672-b108-3f36fd944eaa/55de1484-a539-4672-b108-3f36fd944eaa-1.jpg,new-yachts/55de1484-a539-4672-b108-3f36fd944eaa/55de1484-a539-4672-b108-3f36fd944eaa-1.jpg,1,2026-03-26 21:45:22.908934+00
57906ae7-2a65-4f83-bb59-f205b6cda5bd,dad3e31e-782b-4453-8084-835e82cb6131,https://awrznjnofgmlqjiayhoi.supabase.co/storage/v1/object/public/yacht-images/new-yachts/dad3e31e-782b-4453-8084-835e82cb6131/dad3e31e-782b-4453-8084-835e82cb6131-6.jpg,new-yachts/dad3e31e-782b-4453-8084-835e82cb6131/dad3e31e-782b-4453-8084-835e82cb6131-6.jpg,6,2026-04-23 23:38:04.632052+00
57969643-61a8-486d-9417-33ebc606c33e,a333914a-50aa-4524-8f4c-1583fcdc0ade,https://awrznjnofgmlqjiayhoi.supabase.co/storage/v1/object/public/yacht-images/new-yachts/a333914a-50aa-4524-8f4c-1583fcdc0ade/a333914a-50aa-4524-8f4c-1583fcdc0ade-4.jpg,new-yachts/a333914a-50aa-4524-8f4c-1583fcdc0ade/a333914a-50aa-4524-8f4c-1583fcdc0ade-4.jpg,4,2026-04-22 17:12:26.211326+00
57d9c14b-d6e8-41b4-8011-a9e0973c901a,572bec71-8a15-4844-8cd3-1f9a6e016810,https://awrznjnofgmlqjiayhoi.supabase.co/storage/v1/object/public/yacht-images/new-yachts/572bec71-8a15-4844-8cd3-1f9a6e016810/572bec71-8a15-4844-8cd3-1f9a6e016810-7.jpg,new-yachts/572bec71-8a15-4844-8cd3-1f9a6e016810/572bec71-8a15-4844-8cd3-1f9a6e016810-7.jpg,7,2026-04-22 14:32:34.440964+00
57df1a55-4db3-4841-b390-799e71f5b65d,e8098cfa-12af-43f8-8f79-66a356ab8eea,https://awrznjnofgmlqjiayhoi.supabase.co/storage/v1/object/public/yacht-images/new-yachts/e8098cfa-12af-43f8-8f79-66a356ab8eea/e8098cfa-12af-43f8-8f79-66a356ab8eea-8.jpg,new-yachts/e8098cfa-12af-43f8-8f79-66a356ab8eea/e8098cfa-12af-43f8-8f79-66a356ab8eea-8.jpg,8,2026-04-22 17:30:36.853646+00
57e1015a-f9dd-4e25-a99a-3751114f2de3,ef48375a-8612-4743-87f7-8e1b9bacadce,https://awrznjnofgmlqjiayhoi.supabase.co/storage/v1/object/public/yacht-images/new-yachts/ef48375a-8612-4743-87f7-8e1b9bacadce/ef48375a-8612-4743-87f7-8e1b9bacadce-8.jpg,new-yachts/ef48375a-8612-4743-87f7-8e1b9bacadce/ef48375a-8612-4743-87f7-8e1b9bacadce-8.jpg,8,2026-04-22 14:44:52.539249+00
57f53dbb-0fe0-4078-be75-04efecf685e8,cadd3216-79f0-42b7-9c76-190f169be432,https://awrznjnofgmlqjiayhoi.supabase.co/storage/v1/object/public/yacht-images/new-yachts/cadd3216-79f0-42b7-9c76-190f169be432/cadd3216-79f0-42b7-9c76-190f169be432-6.jpg,new-yachts/cadd3216-79f0-42b7-9c76-190f169be432/cadd3216-79f0-42b7-9c76-190f169be432-6.jpg,6,2026-04-22 15:07:09.527629+00
582ba0ef-629a-4164-a4ea-72c95f79567d,3c3b41d1-6a5d-4bff-9ac4-74151a516eb2,https://awrznjnofgmlqjiayhoi.supabase.co/storage/v1/object/public/yacht-images/new-yachts/3c3b41d1-6a5d-4bff-9ac4-74151a516eb2/3c3b41d1-6a5d-4bff-9ac4-74151a516eb2-2.jpg,new-yachts/3c3b41d1-6a5d-4bff-9ac4-74151a516eb2/3c3b41d1-6a5d-4bff-9ac4-74151a516eb2-2.jpg,2,2026-04-22 17:43:02.305361+00
584304df-1095-4f40-b397-1e9ede9d8553,044f0cd0-401b-4f8f-b83f-727774222f6e,https://awrznjnofgmlqjiayhoi.supabase.co/storage/v1/object/public/yacht-images/new-yachts/044f0cd0-401b-4f8f-b83f-727774222f6e/044f0cd0-401b-4f8f-b83f-727774222f6e-10.jpg,new-yachts/044f0cd0-401b-4f8f-b83f-727774222f6e/044f0cd0-401b-4f8f-b83f-727774222f6e-10.jpg,10,2026-04-23 09:20:33.478353+00
58453a73-a005-406c-b2aa-bedd76b76241,1073dc8e-89c9-4598-a274-70645e470923,https://awrznjnofgmlqjiayhoi.supabase.co/storage/v1/object/public/yacht-images/new-yachts/1073dc8e-89c9-4598-a274-70645e470923/1073dc8e-89c9-4598-a274-70645e470923-1.jpg,new-yachts/1073dc8e-89c9-4598-a274-70645e470923/1073dc8e-89c9-4598-a274-70645e470923-1.jpg,1,2026-04-24 00:10:42.031948+00
58474edb-c2c1-4c44-80c3-10e17f64797d,6e0f032a-5b3d-4e98-9c92-6340d241d053,https://awrznjnofgmlqjiayhoi.supabase.co/storage/v1/object/public/yacht-images/new-yachts/6e0f032a-5b3d-4e98-9c92-6340d241d053/6e0f032a-5b3d-4e98-9c92-6340d241d053-2.png,new-yachts/6e0f032a-5b3d-4e98-9c92-6340d241d053/6e0f032a-5b3d-4e98-9c92-6340d241d053-2.png,2,2026-04-15 15:46:50.991826+00
5860922d-96ed-4674-a758-c0bcfa46bb12,4b3c7774-3467-46de-8410-9aafc0812957,https://awrznjnofgmlqjiayhoi.supabase.co/storage/v1/object/public/yacht-images/new-yachts/4b3c7774-3467-46de-8410-9aafc0812957/4b3c7774-3467-46de-8410-9aafc0812957-5.jpg,new-yachts/4b3c7774-3467-46de-8410-9aafc0812957/4b3c7774-3467-46de-8410-9aafc0812957-5.jpg,5,2026-04-24 19:59:36.891313+00
5867f645-c7fa-4588-ab82-f8e954dac947,c8c5aac8-0250-456f-8eae-5c72e98aec4c,https://awrznjnofgmlqjiayhoi.supabase.co/storage/v1/object/public/yacht-images/new-yachts/c8c5aac8-0250-456f-8eae-5c72e98aec4c/c8c5aac8-0250-456f-8eae-5c72e98aec4c-8.jpg,new-yachts/c8c5aac8-0250-456f-8eae-5c72e98aec4c/c8c5aac8-0250-456f-8eae-5c72e98aec4c-8.jpg,8,2026-04-24 00:28:20.98218+00
58aa2cce-f1cb-43d9-825c-d161ad81a2c0,25707908-8308-40b0-8a69-b0900e65d602,https://awrznjnofgmlqjiayhoi.supabase.co/storage/v1/object/public/yacht-images/new-yachts/25707908-8308-40b0-8a69-b0900e65d602/25707908-8308-40b0-8a69-b0900e65d602-7.jpg,new-yachts/25707908-8308-40b0-8a69-b0900e65d602/25707908-8308-40b0-8a69-b0900e65d602-7.jpg,7,2026-04-24 00:40:11.543327+00
5923d1c7-8e06-4a99-85a5-f4c256182b3a,d74ccc10-d2f6-4021-b1c7-1a75d3f1b2b6,https://awrznjnofgmlqjiayhoi.supabase.co/storage/v1/object/public/yacht-images/new-yachts/d74ccc10-d2f6-4021-b1c7-1a75d3f1b2b6/d74ccc10-d2f6-4021-b1c7-1a75d3f1b2b6-1.jpg,new-yachts/d74ccc10-d2f6-4021-b1c7-1a75d3f1b2b6/d74ccc10-d2f6-4021-b1c7-1a75d3f1b2b6-1.jpg,1,2026-04-22 17:01:37.571206+00
5957c277-663d-4ac0-b944-74a082900737,ca11d0bc-19db-4d7f-965d-da4a896b189a,https://awrznjnofgmlqjiayhoi.supabase.co/storage/v1/object/public/yacht-images/new-yachts/ca11d0bc-19db-4d7f-965d-da4a896b189a/ca11d0bc-19db-4d7f-965d-da4a896b189a-9.webp,new-yachts/ca11d0bc-19db-4d7f-965d-da4a896b189a/ca11d0bc-19db-4d7f-965d-da4a896b189a-9.webp,9,2026-03-01 09:48:15.246693+00
595ffc7e-2386-4fd6-a412-22923f8bdfe1,6f462948-9675-4e1f-859a-5bf70e7e1ff0,https://awrznjnofgmlqjiayhoi.supabase.co/storage/v1/object/public/yacht-images/new-yachts/6f462948-9675-4e1f-859a-5bf70e7e1ff0/6f462948-9675-4e1f-859a-5bf70e7e1ff0-8.jpg,new-yachts/6f462948-9675-4e1f-859a-5bf70e7e1ff0/6f462948-9675-4e1f-859a-5bf70e7e1ff0-8.jpg,8,2026-04-22 18:00:35.689532+00
59654283-cd11-4ebe-9322-a86bd3d6cc72,df67c4de-872b-425c-8adc-b85469ae16dd,https://awrznjnofgmlqjiayhoi.supabase.co/storage/v1/object/public/yacht-images/new-yachts/df67c4de-872b-425c-8adc-b85469ae16dd/df67c4de-872b-425c-8adc-b85469ae16dd-5.jpg,new-yachts/df67c4de-872b-425c-8adc-b85469ae16dd/df67c4de-872b-425c-8adc-b85469ae16dd-5.jpg,5,2026-04-24 21:59:19.311667+00
596613cc-14e0-4e3a-96ea-f189008177ce,63ad6431-db18-41ce-b5fe-09ecb9205943,https://awrznjnofgmlqjiayhoi.supabase.co/storage/v1/object/public/yacht-images/new-yachts/63ad6431-db18-41ce-b5fe-09ecb9205943/63ad6431-db18-41ce-b5fe-09ecb9205943-6.jpg,new-yachts/63ad6431-db18-41ce-b5fe-09ecb9205943/63ad6431-db18-41ce-b5fe-09ecb9205943-6.jpg,6,2026-04-23 13:47:21.8546+00
596aa31a-0f1e-4ed2-96dd-248d03888e34,96f0c491-d2d6-4d18-9673-195e14005b8b,https://awrznjnofgmlqjiayhoi.supabase.co/storage/v1/object/public/yacht-images/new-yachts/96f0c491-d2d6-4d18-9673-195e14005b8b/96f0c491-d2d6-4d18-9673-195e14005b8b-8.jpg,new-yachts/96f0c491-d2d6-4d18-9673-195e14005b8b/96f0c491-d2d6-4d18-9673-195e14005b8b-8.jpg,8,2026-04-24 22:12:12.691995+00
5986d245-e547-48b5-9dcf-68fb50d3d66c,5a7af5a2-016c-456b-9d50-b538f4929c78,https://awrznjnofgmlqjiayhoi.supabase.co/storage/v1/object/public/yacht-images/new-yachts/5a7af5a2-016c-456b-9d50-b538f4929c78/5a7af5a2-016c-456b-9d50-b538f4929c78-10.jpg,new-yachts/5a7af5a2-016c-456b-9d50-b538f4929c78/5a7af5a2-016c-456b-9d50-b538f4929c78-10.jpg,10,2026-04-23 09:19:22.285037+00
5a2276a4-1a08-4f6f-9ffe-3aeae9846581,24bfce86-bd6a-49a2-8c6d-f3defd842949,https://awrznjnofgmlqjiayhoi.supabase.co/storage/v1/object/public/yacht-images/new-yachts/24bfce86-bd6a-49a2-8c6d-f3defd842949/24bfce86-bd6a-49a2-8c6d-f3defd842949-5.jpg,new-yachts/24bfce86-bd6a-49a2-8c6d-f3defd842949/24bfce86-bd6a-49a2-8c6d-f3defd842949-5.jpg,5,2026-04-24 00:48:54.776556+00
5a6b237e-b801-487d-9766-36e988adb582,e77f9842-d7df-4821-aaea-022f37c657ab,https://awrznjnofgmlqjiayhoi.supabase.co/storage/v1/object/public/yacht-images/new-yachts/e77f9842-d7df-4821-aaea-022f37c657ab/e77f9842-d7df-4821-aaea-022f37c657ab-10.jpg,new-yachts/e77f9842-d7df-4821-aaea-022f37c657ab/e77f9842-d7df-4821-aaea-022f37c657ab-10.jpg,10,2026-04-22 15:02:40.451969+00
5a92e436-10d9-4ddb-8eac-da4865fb4dd7,4b3c7774-3467-46de-8410-9aafc0812957,https://awrznjnofgmlqjiayhoi.supabase.co/storage/v1/object/public/yacht-images/new-yachts/4b3c7774-3467-46de-8410-9aafc0812957/4b3c7774-3467-46de-8410-9aafc0812957-3.jpg,new-yachts/4b3c7774-3467-46de-8410-9aafc0812957/4b3c7774-3467-46de-8410-9aafc0812957-3.jpg,3,2026-04-24 19:59:35.452406+00
5aa84d8e-f3ec-486b-9ab2-99b1b1d06c55,ab0c1dd1-5ed6-41ab-a24d-1c7176b1487b,https://awrznjnofgmlqjiayhoi.supabase.co/storage/v1/object/public/yacht-images/new-yachts/ab0c1dd1-5ed6-41ab-a24d-1c7176b1487b/ab0c1dd1-5ed6-41ab-a24d-1c7176b1487b-3.jpg,new-yachts/ab0c1dd1-5ed6-41ab-a24d-1c7176b1487b/ab0c1dd1-5ed6-41ab-a24d-1c7176b1487b-3.jpg,3,2026-04-22 18:37:56.242243+00
5accab2d-bf0c-4f9e-8445-61fe2e724215,1c9c5021-243c-4924-8493-30151cb88f63,https://awrznjnofgmlqjiayhoi.supabase.co/storage/v1/object/public/yacht-images/new-yachts/1c9c5021-243c-4924-8493-30151cb88f63/1c9c5021-243c-4924-8493-30151cb88f63-3.jpg,new-yachts/1c9c5021-243c-4924-8493-30151cb88f63/1c9c5021-243c-4924-8493-30151cb88f63-3.jpg,3,2026-04-22 18:05:14.337892+00
5ad3764e-1ce8-4861-8872-276eb4507aaf,a6a12e4a-1f13-40ae-a2d3-5fcc38532e12,https://awrznjnofgmlqjiayhoi.supabase.co/storage/v1/object/public/yacht-images/new-yachts/a6a12e4a-1f13-40ae-a2d3-5fcc38532e12/a6a12e4a-1f13-40ae-a2d3-5fcc38532e12-6.jpg,new-yachts/a6a12e4a-1f13-40ae-a2d3-5fcc38532e12/a6a12e4a-1f13-40ae-a2d3-5fcc38532e12-6.jpg,6,2026-04-22 14:43:17.216634+00
5ad5bc70-fa33-4160-81e2-8145018060f1,34a9704a-6e5d-48ab-9f0d-7b4fa78fb240,https://awrznjnofgmlqjiayhoi.supabase.co/storage/v1/object/public/yacht-images/new-yachts/34a9704a-6e5d-48ab-9f0d-7b4fa78fb240/34a9704a-6e5d-48ab-9f0d-7b4fa78fb240-9.jpg,new-yachts/34a9704a-6e5d-48ab-9f0d-7b4fa78fb240/34a9704a-6e5d-48ab-9f0d-7b4fa78fb240-9.jpg,9,2026-04-22 18:17:50.747325+00
5b11ec1e-b62d-4ac2-b725-b641bb811916,1c5f2552-f6fb-43a0-b2d1-c841eae6e044,https://awrznjnofgmlqjiayhoi.supabase.co/storage/v1/object/public/yacht-images/new-yachts/1c5f2552-f6fb-43a0-b2d1-c841eae6e044/1c5f2552-f6fb-43a0-b2d1-c841eae6e044-3.jpg,new-yachts/1c5f2552-f6fb-43a0-b2d1-c841eae6e044/1c5f2552-f6fb-43a0-b2d1-c841eae6e044-3.jpg,3,2026-04-24 00:43:17.650116+00
5b1eac9a-f6a7-43a4-9261-87f46c6a98ac,09a650f0-cd9d-4633-b0d5-cf777d3c2b64,https://awrznjnofgmlqjiayhoi.supabase.co/storage/v1/object/public/yacht-images/new-yachts/09a650f0-cd9d-4633-b0d5-cf777d3c2b64/09a650f0-cd9d-4633-b0d5-cf777d3c2b64-10.jpg,new-yachts/09a650f0-cd9d-4633-b0d5-cf777d3c2b64/09a650f0-cd9d-4633-b0d5-cf777d3c2b64-10.jpg,10,2026-04-22 18:30:41.512488+00
5b7044e7-c11c-4134-ae6e-91eea161c8d8,a6460b88-dc2d-48c2-af4f-f2b01260ae26,https://awrznjnofgmlqjiayhoi.supabase.co/storage/v1/object/public/yacht-images/new-yachts/a6460b88-dc2d-48c2-af4f-f2b01260ae26/a6460b88-dc2d-48c2-af4f-f2b01260ae26-7.jpg,new-yachts/a6460b88-dc2d-48c2-af4f-f2b01260ae26/a6460b88-dc2d-48c2-af4f-f2b01260ae26-7.jpg,7,2026-04-23 08:50:27.525055+00
5b749e5d-6d47-497a-ad63-81b26f9283dd,5b8bf348-8319-4418-ad3e-0166da6ea16c,https://awrznjnofgmlqjiayhoi.supabase.co/storage/v1/object/public/yacht-images/new-yachts/5b8bf348-8319-4418-ad3e-0166da6ea16c/5b8bf348-8319-4418-ad3e-0166da6ea16c-6.webp,new-yachts/5b8bf348-8319-4418-ad3e-0166da6ea16c/5b8bf348-8319-4418-ad3e-0166da6ea16c-6.webp,6,2026-03-26 19:39:07.443643+00
5b86ea5c-caf3-44d9-8193-9edd6a0cc082,dad3e31e-782b-4453-8084-835e82cb6131,https://awrznjnofgmlqjiayhoi.supabase.co/storage/v1/object/public/yacht-images/new-yachts/dad3e31e-782b-4453-8084-835e82cb6131/dad3e31e-782b-4453-8084-835e82cb6131-8.jpg,new-yachts/dad3e31e-782b-4453-8084-835e82cb6131/dad3e31e-782b-4453-8084-835e82cb6131-8.jpg,8,2026-04-23 23:38:06.132398+00
5b9d6256-7ed5-4db7-9be0-c241088a85cd,c238eaae-8820-4056-9ffe-a5f14320a23a,https://awrznjnofgmlqjiayhoi.supabase.co/storage/v1/object/public/yacht-images/new-yachts/c238eaae-8820-4056-9ffe-a5f14320a23a/c238eaae-8820-4056-9ffe-a5f14320a23a-2.jpg,new-yachts/c238eaae-8820-4056-9ffe-a5f14320a23a/c238eaae-8820-4056-9ffe-a5f14320a23a-2.jpg,2,2026-04-22 17:35:10.753671+00
5bba455e-610a-461c-a12c-8025f8ea627c,093e8300-40b1-41b7-ab55-f8d53889c761,https://awrznjnofgmlqjiayhoi.supabase.co/storage/v1/object/public/yacht-images/new-yachts/093e8300-40b1-41b7-ab55-f8d53889c761/093e8300-40b1-41b7-ab55-f8d53889c761-update-1774380922443-1.webp,new-yachts/093e8300-40b1-41b7-ab55-f8d53889c761/093e8300-40b1-41b7-ab55-f8d53889c761-update-1774380922443-1.webp,6,2026-03-24 19:35:22.850152+00
5bbb0fcf-d9ae-4d16-98a9-54f0bfd16ba2,c3661269-98db-4434-968d-fcc49da5955d,https://awrznjnofgmlqjiayhoi.supabase.co/storage/v1/object/public/yacht-images/new-yachts/c3661269-98db-4434-968d-fcc49da5955d/c3661269-98db-4434-968d-fcc49da5955d-5.jpg,new-yachts/c3661269-98db-4434-968d-fcc49da5955d/c3661269-98db-4434-968d-fcc49da5955d-5.jpg,5,2026-04-24 00:37:22.804301+00
5bd58a52-e288-4b82-a2ad-cdd592d62da8,d0075994-96ea-41d7-99b0-7e2f908da0bc,https://awrznjnofgmlqjiayhoi.supabase.co/storage/v1/object/public/yacht-images/new-yachts/d0075994-96ea-41d7-99b0-7e2f908da0bc/d0075994-96ea-41d7-99b0-7e2f908da0bc-8.jpg,new-yachts/d0075994-96ea-41d7-99b0-7e2f908da0bc/d0075994-96ea-41d7-99b0-7e2f908da0bc-8.jpg,8,2026-04-24 00:25:54.240628+00
5bf1979c-d68d-4b2c-8af0-8f0272b78d92,c7824eeb-5781-49ee-b923-aa636e73cb36,https://awrznjnofgmlqjiayhoi.supabase.co/storage/v1/object/public/yacht-images/new-yachts/c7824eeb-5781-49ee-b923-aa636e73cb36/c7824eeb-5781-49ee-b923-aa636e73cb36-3.jpg,new-yachts/c7824eeb-5781-49ee-b923-aa636e73cb36/c7824eeb-5781-49ee-b923-aa636e73cb36-3.jpg,3,2026-04-24 00:24:30.124666+00
5c312916-1474-4a63-bacf-abe9f07f5228,59ad167b-dfee-4c44-aa33-60b6e1e05678,https://awrznjnofgmlqjiayhoi.supabase.co/storage/v1/object/public/yacht-images/new-yachts/59ad167b-dfee-4c44-aa33-60b6e1e05678/59ad167b-dfee-4c44-aa33-60b6e1e05678-7.jpg,new-yachts/59ad167b-dfee-4c44-aa33-60b6e1e05678/59ad167b-dfee-4c44-aa33-60b6e1e05678-7.jpg,7,2026-04-22 17:26:24.403422+00
5c66916e-eb75-46b1-9882-f860f54f836b,82e61cac-cd66-43b8-93f1-8a31b9a344f1,https://awrznjnofgmlqjiayhoi.supabase.co/storage/v1/object/public/yacht-images/new-yachts/82e61cac-cd66-43b8-93f1-8a31b9a344f1/82e61cac-cd66-43b8-93f1-8a31b9a344f1-2.webp,new-yachts/82e61cac-cd66-43b8-93f1-8a31b9a344f1/82e61cac-cd66-43b8-93f1-8a31b9a344f1-2.webp,2,2026-02-28 18:56:27.583484+00
5c68c534-a67a-4cd2-9758-cc5aa78d1e3d,96f0c491-d2d6-4d18-9673-195e14005b8b,https://awrznjnofgmlqjiayhoi.supabase.co/storage/v1/object/public/yacht-images/new-yachts/96f0c491-d2d6-4d18-9673-195e14005b8b/96f0c491-d2d6-4d18-9673-195e14005b8b-7.jpg,new-yachts/96f0c491-d2d6-4d18-9673-195e14005b8b/96f0c491-d2d6-4d18-9673-195e14005b8b-7.jpg,7,2026-04-24 22:12:12.156944+00
5c8f9894-299f-45ab-b32b-7eaaf5142e20,00f407c0-a7b1-4072-8165-acc95c322bae,https://awrznjnofgmlqjiayhoi.supabase.co/storage/v1/object/public/yacht-images/new-yachts/00f407c0-a7b1-4072-8165-acc95c322bae/00f407c0-a7b1-4072-8165-acc95c322bae-4.jpg,new-yachts/00f407c0-a7b1-4072-8165-acc95c322bae/00f407c0-a7b1-4072-8165-acc95c322bae-4.jpg,4,2026-04-24 21:47:00.709405+00
5ca0ccf2-d8b9-4628-a70b-41434ce0501b,09b2328a-b514-4c89-abe8-41c332218a64,https://awrznjnofgmlqjiayhoi.supabase.co/storage/v1/object/public/yacht-images/new-yachts/09b2328a-b514-4c89-abe8-41c332218a64/09b2328a-b514-4c89-abe8-41c332218a64-10.jpg,new-yachts/09b2328a-b514-4c89-abe8-41c332218a64/09b2328a-b514-4c89-abe8-41c332218a64-10.jpg,10,2026-04-22 18:29:33.750176+00
5ca8d594-7db2-47c9-adeb-389f21ae389c,46dec82f-7d34-4f29-939d-9fcfb5d011cd,https://awrznjnofgmlqjiayhoi.supabase.co/storage/v1/object/public/yacht-images/new-yachts/46dec82f-7d34-4f29-939d-9fcfb5d011cd/46dec82f-7d34-4f29-939d-9fcfb5d011cd-1.jpg,new-yachts/46dec82f-7d34-4f29-939d-9fcfb5d011cd/46dec82f-7d34-4f29-939d-9fcfb5d011cd-1.jpg,1,2026-04-23 10:16:15.532764+00
5cac2933-9bde-4828-8752-9d4ba05225c8,31d45aaf-16e9-46ff-8217-871dc1230be2,https://awrznjnofgmlqjiayhoi.supabase.co/storage/v1/object/public/yacht-images/new-yachts/31d45aaf-16e9-46ff-8217-871dc1230be2/31d45aaf-16e9-46ff-8217-871dc1230be2-3.webp,new-yachts/31d45aaf-16e9-46ff-8217-871dc1230be2/31d45aaf-16e9-46ff-8217-871dc1230be2-3.webp,3,2026-03-27 19:59:42.450895+00
5cbfe5ae-d3b0-4a53-840d-e2ae763a3110,a2c55eee-14f8-4dff-b884-6560c5a26f0b,https://awrznjnofgmlqjiayhoi.supabase.co/storage/v1/object/public/yacht-images/new-yachts/a2c55eee-14f8-4dff-b884-6560c5a26f0b/a2c55eee-14f8-4dff-b884-6560c5a26f0b-4.webp,new-yachts/a2c55eee-14f8-4dff-b884-6560c5a26f0b/a2c55eee-14f8-4dff-b884-6560c5a26f0b-4.webp,4,2026-03-26 21:01:29.150711+00
5d102e85-a051-4485-8b3a-f93021dc6fd4,4b3c7774-3467-46de-8410-9aafc0812957,https://awrznjnofgmlqjiayhoi.supabase.co/storage/v1/object/public/yacht-images/new-yachts/4b3c7774-3467-46de-8410-9aafc0812957/4b3c7774-3467-46de-8410-9aafc0812957-1.jpg,new-yachts/4b3c7774-3467-46de-8410-9aafc0812957/4b3c7774-3467-46de-8410-9aafc0812957-1.jpg,1,2026-04-24 19:59:34.003347+00
5d268a32-8bdd-4978-8da5-e45a84e19a23,f9904641-715e-47d0-a6b0-3b971b5da052,https://awrznjnofgmlqjiayhoi.supabase.co/storage/v1/object/public/yacht-images/new-yachts/f9904641-715e-47d0-a6b0-3b971b5da052/f9904641-715e-47d0-a6b0-3b971b5da052-5.jpg,new-yachts/f9904641-715e-47d0-a6b0-3b971b5da052/f9904641-715e-47d0-a6b0-3b971b5da052-5.jpg,5,2026-04-22 17:58:01.144658+00
5d413909-06f1-4537-a6f1-be52de8bc0c9,81905b1b-c4c4-4345-aaf6-8e7152bfae48,https://awrznjnofgmlqjiayhoi.supabase.co/storage/v1/object/public/yacht-images/new-yachts/81905b1b-c4c4-4345-aaf6-8e7152bfae48/81905b1b-c4c4-4345-aaf6-8e7152bfae48-6.jpg,new-yachts/81905b1b-c4c4-4345-aaf6-8e7152bfae48/81905b1b-c4c4-4345-aaf6-8e7152bfae48-6.jpg,6,2026-04-22 17:09:05.621808+00
5dcabe2f-e713-43d9-a35a-cf71a3c03ba7,e77f9842-d7df-4821-aaea-022f37c657ab,https://awrznjnofgmlqjiayhoi.supabase.co/storage/v1/object/public/yacht-images/new-yachts/e77f9842-d7df-4821-aaea-022f37c657ab/e77f9842-d7df-4821-aaea-022f37c657ab-1.jpg,new-yachts/e77f9842-d7df-4821-aaea-022f37c657ab/e77f9842-d7df-4821-aaea-022f37c657ab-1.jpg,1,2026-04-22 15:02:31.619585+00
5dcbd234-eeb6-4539-a39e-cacd8e4ee950,d0282847-d186-4083-920d-8b329d9ebfce,https://awrznjnofgmlqjiayhoi.supabase.co/storage/v1/object/public/yacht-images/new-yachts/d0282847-d186-4083-920d-8b329d9ebfce/d0282847-d186-4083-920d-8b329d9ebfce-8.jpg,new-yachts/d0282847-d186-4083-920d-8b329d9ebfce/d0282847-d186-4083-920d-8b329d9ebfce-8.jpg,8,2026-04-24 00:51:52.393355+00
5e1ea39d-2648-4c13-bc15-def990ea38c3,8077c30c-b54a-4554-9574-20b30ac55af9,https://awrznjnofgmlqjiayhoi.supabase.co/storage/v1/object/public/yacht-images/new-yachts/8077c30c-b54a-4554-9574-20b30ac55af9/8077c30c-b54a-4554-9574-20b30ac55af9-8.jpg,new-yachts/8077c30c-b54a-4554-9574-20b30ac55af9/8077c30c-b54a-4554-9574-20b30ac55af9-8.jpg,8,2026-04-22 18:14:23.2824+00
5e1ea4aa-1205-47fd-a063-2467420f0a7a,25707908-8308-40b0-8a69-b0900e65d602,https://awrznjnofgmlqjiayhoi.supabase.co/storage/v1/object/public/yacht-images/new-yachts/25707908-8308-40b0-8a69-b0900e65d602/25707908-8308-40b0-8a69-b0900e65d602-9.jpg,new-yachts/25707908-8308-40b0-8a69-b0900e65d602/25707908-8308-40b0-8a69-b0900e65d602-9.jpg,9,2026-04-24 00:40:13.180411+00
5e26910f-01ba-4893-8e82-6a486b59c1f9,9e400cb1-773d-4639-9b83-cb70cecf164c,https://awrznjnofgmlqjiayhoi.supabase.co/storage/v1/object/public/yacht-images/new-yachts/9e400cb1-773d-4639-9b83-cb70cecf164c/9e400cb1-773d-4639-9b83-cb70cecf164c-5.jpg,new-yachts/9e400cb1-773d-4639-9b83-cb70cecf164c/9e400cb1-773d-4639-9b83-cb70cecf164c-5.jpg,5,2026-04-24 19:55:58.79148+00
5e4e118d-dd04-4f88-a016-86a77712f6e3,4896d80d-42ee-4f28-868c-c8414fa5321d,https://awrznjnofgmlqjiayhoi.supabase.co/storage/v1/object/public/yacht-images/new-yachts/4896d80d-42ee-4f28-868c-c8414fa5321d/4896d80d-42ee-4f28-868c-c8414fa5321d-2.jpg,new-yachts/4896d80d-42ee-4f28-868c-c8414fa5321d/4896d80d-42ee-4f28-868c-c8414fa5321d-2.jpg,2,2026-04-22 14:57:34.431903+00
5e838767-0aa6-4d2d-9153-d826ecbf5c2d,a2124144-02a4-4ec8-9f73-360dd683aa4d,https://awrznjnofgmlqjiayhoi.supabase.co/storage/v1/object/public/yacht-images/new-yachts/a2124144-02a4-4ec8-9f73-360dd683aa4d/a2124144-02a4-4ec8-9f73-360dd683aa4d-9.jpg,new-yachts/a2124144-02a4-4ec8-9f73-360dd683aa4d/a2124144-02a4-4ec8-9f73-360dd683aa4d-9.jpg,9,2026-04-24 00:50:30.857881+00
5e9130bb-2e1a-45ea-9711-1d8a7188d9ba,8f6ead2d-9e5a-4952-89a3-fa782ef6db82,https://awrznjnofgmlqjiayhoi.supabase.co/storage/v1/object/public/yacht-images/new-yachts/8f6ead2d-9e5a-4952-89a3-fa782ef6db82/8f6ead2d-9e5a-4952-89a3-fa782ef6db82-4.jpg,new-yachts/8f6ead2d-9e5a-4952-89a3-fa782ef6db82/8f6ead2d-9e5a-4952-89a3-fa782ef6db82-4.jpg,4,2026-04-22 15:19:55.38525+00
5e96cc17-efe0-4a12-903c-84518904dcd5,dad3e31e-782b-4453-8084-835e82cb6131,https://awrznjnofgmlqjiayhoi.supabase.co/storage/v1/object/public/yacht-images/new-yachts/dad3e31e-782b-4453-8084-835e82cb6131/dad3e31e-782b-4453-8084-835e82cb6131-2.jpg,new-yachts/dad3e31e-782b-4453-8084-835e82cb6131/dad3e31e-782b-4453-8084-835e82cb6131-2.jpg,2,2026-04-23 23:38:01.698159+00
5e9b64af-6744-433d-8574-60202b5ebe8b,e47fa1f8-0cfa-49ec-a8ad-ba2c0b17417c,https://awrznjnofgmlqjiayhoi.supabase.co/storage/v1/object/public/yacht-images/new-yachts/e47fa1f8-0cfa-49ec-a8ad-ba2c0b17417c/e47fa1f8-0cfa-49ec-a8ad-ba2c0b17417c-6.jpg,new-yachts/e47fa1f8-0cfa-49ec-a8ad-ba2c0b17417c/e47fa1f8-0cfa-49ec-a8ad-ba2c0b17417c-6.jpg,6,2026-04-08 15:05:36.561959+00
5ea479c4-20c9-4575-a6f3-2dff8cbcbc3e,7db06b92-897d-47e6-a070-0b270a5b6d03,https://awrznjnofgmlqjiayhoi.supabase.co/storage/v1/object/public/yacht-images/new-yachts/7db06b92-897d-47e6-a070-0b270a5b6d03/7db06b92-897d-47e6-a070-0b270a5b6d03-6.jpg,new-yachts/7db06b92-897d-47e6-a070-0b270a5b6d03/7db06b92-897d-47e6-a070-0b270a5b6d03-6.jpg,6,2026-04-22 18:45:58.038262+00
5ea58c18-cef5-46b9-ae4d-c1d05926cc31,8e5f6ed1-f9a8-43a4-b959-76c71e39942e,https://awrznjnofgmlqjiayhoi.supabase.co/storage/v1/object/public/yacht-images/new-yachts/8e5f6ed1-f9a8-43a4-b959-76c71e39942e/8e5f6ed1-f9a8-43a4-b959-76c71e39942e-6.jpg,new-yachts/8e5f6ed1-f9a8-43a4-b959-76c71e39942e/8e5f6ed1-f9a8-43a4-b959-76c71e39942e-6.jpg,6,2026-04-22 16:28:46.155506+00
5ee7d92e-cb97-4967-ad43-ee7cde6d7b1f,dad3e31e-782b-4453-8084-835e82cb6131,https://awrznjnofgmlqjiayhoi.supabase.co/storage/v1/object/public/yacht-images/new-yachts/dad3e31e-782b-4453-8084-835e82cb6131/dad3e31e-782b-4453-8084-835e82cb6131-4.jpg,new-yachts/dad3e31e-782b-4453-8084-835e82cb6131/dad3e31e-782b-4453-8084-835e82cb6131-4.jpg,4,2026-04-23 23:38:03.345896+00
5f18ffeb-51c2-4a00-98a7-8b183e911086,58b73dc9-e3f7-45b6-b6bb-05639d77e162,https://awrznjnofgmlqjiayhoi.supabase.co/storage/v1/object/public/yacht-images/new-yachts/58b73dc9-e3f7-45b6-b6bb-05639d77e162/58b73dc9-e3f7-45b6-b6bb-05639d77e162-10.jpg,new-yachts/58b73dc9-e3f7-45b6-b6bb-05639d77e162/58b73dc9-e3f7-45b6-b6bb-05639d77e162-10.jpg,10,2026-04-22 14:37:44.995112+00
5f26b10c-54e8-423b-b525-5e95d3c16cdc,8b026905-96da-43a2-8737-2b121fd4d64b,https://awrznjnofgmlqjiayhoi.supabase.co/storage/v1/object/public/yacht-images/new-yachts/8b026905-96da-43a2-8737-2b121fd4d64b/8b026905-96da-43a2-8737-2b121fd4d64b-11.jpg,new-yachts/8b026905-96da-43a2-8737-2b121fd4d64b/8b026905-96da-43a2-8737-2b121fd4d64b-11.jpg,11,2026-04-22 14:55:59.421701+00
5f2d5d69-4617-4ab7-b070-9d9a454567e2,99ef150a-4436-478c-9d40-05c7ebf085b4,https://awrznjnofgmlqjiayhoi.supabase.co/storage/v1/object/public/yacht-images/new-yachts/99ef150a-4436-478c-9d40-05c7ebf085b4/99ef150a-4436-478c-9d40-05c7ebf085b4-1.jpg,new-yachts/99ef150a-4436-478c-9d40-05c7ebf085b4/99ef150a-4436-478c-9d40-05c7ebf085b4-1.jpg,1,2026-04-22 18:27:11.778079+00
5f3952dd-8028-4787-a527-f307c9ef0525,68c062bb-e891-4c5a-8aa5-c2f096bff908,https://awrznjnofgmlqjiayhoi.supabase.co/storage/v1/object/public/yacht-images/new-yachts/68c062bb-e891-4c5a-8aa5-c2f096bff908/68c062bb-e891-4c5a-8aa5-c2f096bff908-2.jpg,new-yachts/68c062bb-e891-4c5a-8aa5-c2f096bff908/68c062bb-e891-4c5a-8aa5-c2f096bff908-2.jpg,2,2026-04-22 16:11:17.309344+00
5f510108-1831-45f2-967f-ffb9985997c0,3be4e810-053d-4854-b2ae-708b86082bac,https://awrznjnofgmlqjiayhoi.supabase.co/storage/v1/object/public/yacht-images/new-yachts/3be4e810-053d-4854-b2ae-708b86082bac/3be4e810-053d-4854-b2ae-708b86082bac-2.jpg,new-yachts/3be4e810-053d-4854-b2ae-708b86082bac/3be4e810-053d-4854-b2ae-708b86082bac-2.jpg,2,2026-04-24 00:26:49.186799+00
5f545581-73db-469f-b16c-7ac6701b32f7,482d1927-5b7c-44d1-87a8-1cb33053bf9a,https://awrznjnofgmlqjiayhoi.supabase.co/storage/v1/object/public/yacht-images/new-yachts/482d1927-5b7c-44d1-87a8-1cb33053bf9a/482d1927-5b7c-44d1-87a8-1cb33053bf9a-11.jpg,new-yachts/482d1927-5b7c-44d1-87a8-1cb33053bf9a/482d1927-5b7c-44d1-87a8-1cb33053bf9a-11.jpg,11,2026-04-22 13:31:29.948061+00
5f5e8d37-8bf1-4e9d-a192-1fa1539c0661,31d45aaf-16e9-46ff-8217-871dc1230be2,https://awrznjnofgmlqjiayhoi.supabase.co/storage/v1/object/public/yacht-images/new-yachts/31d45aaf-16e9-46ff-8217-871dc1230be2/31d45aaf-16e9-46ff-8217-871dc1230be2-1.jpg,new-yachts/31d45aaf-16e9-46ff-8217-871dc1230be2/31d45aaf-16e9-46ff-8217-871dc1230be2-1.jpg,1,2026-03-27 19:59:40.83784+00
5f6dc419-8517-4419-a2bd-81e94fc5b818,c04837c6-f2a3-4118-a6b3-0acd537b2841,https://awrznjnofgmlqjiayhoi.supabase.co/storage/v1/object/public/yacht-images/new-yachts/c04837c6-f2a3-4118-a6b3-0acd537b2841/c04837c6-f2a3-4118-a6b3-0acd537b2841-9.jpg,new-yachts/c04837c6-f2a3-4118-a6b3-0acd537b2841/c04837c6-f2a3-4118-a6b3-0acd537b2841-9.jpg,9,2026-04-22 18:40:39.516436+00
5f822db2-5db8-45a8-8c7d-ed5eca38a694,1c9c5021-243c-4924-8493-30151cb88f63,https://awrznjnofgmlqjiayhoi.supabase.co/storage/v1/object/public/yacht-images/new-yachts/1c9c5021-243c-4924-8493-30151cb88f63/1c9c5021-243c-4924-8493-30151cb88f63-10.jpg,new-yachts/1c9c5021-243c-4924-8493-30151cb88f63/1c9c5021-243c-4924-8493-30151cb88f63-10.jpg,10,2026-04-22 18:05:20.196893+00
5f9c42ad-ceb8-407f-89d8-957fdf8519f5,d8c10543-eae9-4f8a-a3f8-738173fb7578,https://awrznjnofgmlqjiayhoi.supabase.co/storage/v1/object/public/yacht-images/new-yachts/d8c10543-eae9-4f8a-a3f8-738173fb7578/d8c10543-eae9-4f8a-a3f8-738173fb7578-5.webp,new-yachts/d8c10543-eae9-4f8a-a3f8-738173fb7578/d8c10543-eae9-4f8a-a3f8-738173fb7578-5.webp,5,2026-03-27 20:25:04.265836+00
5fc1bec6-09ef-41f4-b789-dcb6cf5d45c3,1c5f2552-f6fb-43a0-b2d1-c841eae6e044,https://awrznjnofgmlqjiayhoi.supabase.co/storage/v1/object/public/yacht-images/new-yachts/1c5f2552-f6fb-43a0-b2d1-c841eae6e044/1c5f2552-f6fb-43a0-b2d1-c841eae6e044-8.jpg,new-yachts/1c5f2552-f6fb-43a0-b2d1-c841eae6e044/1c5f2552-f6fb-43a0-b2d1-c841eae6e044-8.jpg,8,2026-04-24 00:43:21.233177+00
5fc8663b-8c30-446f-94f8-9f410f345976,8d7a0fc8-4b08-4d64-8427-2d433e120720,https://awrznjnofgmlqjiayhoi.supabase.co/storage/v1/object/public/yacht-images/new-yachts/8d7a0fc8-4b08-4d64-8427-2d433e120720/8d7a0fc8-4b08-4d64-8427-2d433e120720-11.jpg,new-yachts/8d7a0fc8-4b08-4d64-8427-2d433e120720/8d7a0fc8-4b08-4d64-8427-2d433e120720-11.jpg,11,2026-04-23 10:14:05.529334+00
5fea25a4-07dd-4fcf-9c6e-6bea58a87a70,237c6c51-03ca-4beb-9c4a-7ff0afb95627,https://awrznjnofgmlqjiayhoi.supabase.co/storage/v1/object/public/yacht-images/new-yachts/237c6c51-03ca-4beb-9c4a-7ff0afb95627/237c6c51-03ca-4beb-9c4a-7ff0afb95627-4.jpg,new-yachts/237c6c51-03ca-4beb-9c4a-7ff0afb95627/237c6c51-03ca-4beb-9c4a-7ff0afb95627-4.jpg,4,2026-04-22 14:48:12.522761+00
603aa629-f2a3-4e3d-b1f2-b59e59ce5895,fd6e9af7-14f4-4d1a-86f9-d0d49f46fbc5,https://awrznjnofgmlqjiayhoi.supabase.co/storage/v1/object/public/yacht-images/new-yachts/fd6e9af7-14f4-4d1a-86f9-d0d49f46fbc5/fd6e9af7-14f4-4d1a-86f9-d0d49f46fbc5-4.webp,new-yachts/fd6e9af7-14f4-4d1a-86f9-d0d49f46fbc5/fd6e9af7-14f4-4d1a-86f9-d0d49f46fbc5-4.webp,4,2026-03-26 21:23:48.680834+00
60a14e18-34b7-4cf6-8d6b-a3d8491c85a5,6d1a9522-b4b9-4c89-8023-eb1a453d89d8,https://awrznjnofgmlqjiayhoi.supabase.co/storage/v1/object/public/yacht-images/new-yachts/6d1a9522-b4b9-4c89-8023-eb1a453d89d8/6d1a9522-b4b9-4c89-8023-eb1a453d89d8-4.jpg,new-yachts/6d1a9522-b4b9-4c89-8023-eb1a453d89d8/6d1a9522-b4b9-4c89-8023-eb1a453d89d8-4.jpg,4,2026-04-23 08:53:35.148805+00
60ab870a-7dc8-4545-96dc-9c70cc6d2855,02943908-9ea0-4048-8f13-5a2e9e8aa180,https://awrznjnofgmlqjiayhoi.supabase.co/storage/v1/object/public/yacht-images/new-yachts/02943908-9ea0-4048-8f13-5a2e9e8aa180/02943908-9ea0-4048-8f13-5a2e9e8aa180-8.jpg,new-yachts/02943908-9ea0-4048-8f13-5a2e9e8aa180/02943908-9ea0-4048-8f13-5a2e9e8aa180-8.jpg,8,2026-04-22 18:49:20.154609+00
60f9e6e1-d2fb-4890-98d5-988d6cd89b50,5d02ef55-1f86-4529-b012-e26a73e30363,https://awrznjnofgmlqjiayhoi.supabase.co/storage/v1/object/public/yacht-images/new-yachts/5d02ef55-1f86-4529-b012-e26a73e30363/5d02ef55-1f86-4529-b012-e26a73e30363-4.jpg,new-yachts/5d02ef55-1f86-4529-b012-e26a73e30363/5d02ef55-1f86-4529-b012-e26a73e30363-4.jpg,4,2026-04-24 00:15:15.511049+00
6108781b-49e0-4e7a-9174-4c90d0b18568,b94a5341-8ff1-4cc3-bd0a-1c4c657e071a,https://awrznjnofgmlqjiayhoi.supabase.co/storage/v1/object/public/yacht-images/new-yachts/b94a5341-8ff1-4cc3-bd0a-1c4c657e071a/b94a5341-8ff1-4cc3-bd0a-1c4c657e071a-2.jpg,new-yachts/b94a5341-8ff1-4cc3-bd0a-1c4c657e071a/b94a5341-8ff1-4cc3-bd0a-1c4c657e071a-2.jpg,3,2026-04-24 18:50:59.4168+00
61495501-4472-4471-8dd6-81ce06c894ef,2eb81586-9a48-4d27-8380-edf002eb08db,https://awrznjnofgmlqjiayhoi.supabase.co/storage/v1/object/public/yacht-images/new-yachts/2eb81586-9a48-4d27-8380-edf002eb08db/2eb81586-9a48-4d27-8380-edf002eb08db-6.jpg,new-yachts/2eb81586-9a48-4d27-8380-edf002eb08db/2eb81586-9a48-4d27-8380-edf002eb08db-6.jpg,6,2026-04-24 17:57:00.930713+00
614b0024-c04e-4e12-a59b-d314780920bf,f0238dcf-548b-4271-af4f-cb068b72d462,https://awrznjnofgmlqjiayhoi.supabase.co/storage/v1/object/public/yacht-images/new-yachts/f0238dcf-548b-4271-af4f-cb068b72d462/f0238dcf-548b-4271-af4f-cb068b72d462-3.jpg,new-yachts/f0238dcf-548b-4271-af4f-cb068b72d462/f0238dcf-548b-4271-af4f-cb068b72d462-3.jpg,3,2026-04-22 13:24:07.325294+00
6157fe92-fd5c-43e9-93b7-946476e8ace9,000dcfdc-eec1-4fd8-90e3-fe9a6e37721b,https://awrznjnofgmlqjiayhoi.supabase.co/storage/v1/object/public/yacht-images/new-yachts/000dcfdc-eec1-4fd8-90e3-fe9a6e37721b/000dcfdc-eec1-4fd8-90e3-fe9a6e37721b-3.webp,new-yachts/000dcfdc-eec1-4fd8-90e3-fe9a6e37721b/000dcfdc-eec1-4fd8-90e3-fe9a6e37721b-3.webp,3,2026-03-26 21:48:00.682785+00
61630562-fdc7-47ea-82fc-f183acaa397d,093e8300-40b1-41b7-ab55-f8d53889c761,https://awrznjnofgmlqjiayhoi.supabase.co/storage/v1/object/public/yacht-images/new-yachts/093e8300-40b1-41b7-ab55-f8d53889c761/093e8300-40b1-41b7-ab55-f8d53889c761-update-1774380814207-1.webp,new-yachts/093e8300-40b1-41b7-ab55-f8d53889c761/093e8300-40b1-41b7-ab55-f8d53889c761-update-1774380814207-1.webp,3,2026-03-24 19:33:34.683376+00
61726e03-40fc-4d8c-8cea-6a4739d31cca,4946a8d3-25c4-46a5-b04f-a79ff159ab15,https://awrznjnofgmlqjiayhoi.supabase.co/storage/v1/object/public/yacht-images/new-yachts/4946a8d3-25c4-46a5-b04f-a79ff159ab15/4946a8d3-25c4-46a5-b04f-a79ff159ab15-5.jpg,new-yachts/4946a8d3-25c4-46a5-b04f-a79ff159ab15/4946a8d3-25c4-46a5-b04f-a79ff159ab15-5.jpg,5,2026-04-24 00:38:47.487329+00
61d77647-36b9-48ca-b0ba-449fdf213d71,01c63518-616e-4da3-85ce-f598fe1975d2,https://awrznjnofgmlqjiayhoi.supabase.co/storage/v1/object/public/yacht-images/new-yachts/01c63518-616e-4da3-85ce-f598fe1975d2/01c63518-616e-4da3-85ce-f598fe1975d2-10.jpg,new-yachts/01c63518-616e-4da3-85ce-f598fe1975d2/01c63518-616e-4da3-85ce-f598fe1975d2-10.jpg,10,2026-04-24 21:26:42.664413+00
61d89c42-37e3-4f21-a538-929d58c5426b,de914d22-4453-4f81-b61d-5d505a49d311,https://awrznjnofgmlqjiayhoi.supabase.co/storage/v1/object/public/yacht-images/new-yachts/de914d22-4453-4f81-b61d-5d505a49d311/de914d22-4453-4f81-b61d-5d505a49d311-1.jpg,new-yachts/de914d22-4453-4f81-b61d-5d505a49d311/de914d22-4453-4f81-b61d-5d505a49d311-1.jpg,1,2026-03-27 20:26:23.850328+00
61da2ae3-7ce5-4d97-a23e-e59d72d3fc64,2c1b5d99-994c-4e9d-86d6-bd464d3baa0f,https://awrznjnofgmlqjiayhoi.supabase.co/storage/v1/object/public/yacht-images/new-yachts/2c1b5d99-994c-4e9d-86d6-bd464d3baa0f/2c1b5d99-994c-4e9d-86d6-bd464d3baa0f-3.webp,new-yachts/2c1b5d99-994c-4e9d-86d6-bd464d3baa0f/2c1b5d99-994c-4e9d-86d6-bd464d3baa0f-3.webp,3,2026-03-27 20:28:25.653228+00
622023b9-93b6-4146-8abb-4289bac6529f,edbf3b89-880d-42df-9940-7c851dd8c73a,https://awrznjnofgmlqjiayhoi.supabase.co/storage/v1/object/public/yacht-images/new-yachts/edbf3b89-880d-42df-9940-7c851dd8c73a/edbf3b89-880d-42df-9940-7c851dd8c73a-2.jpg,new-yachts/edbf3b89-880d-42df-9940-7c851dd8c73a/edbf3b89-880d-42df-9940-7c851dd8c73a-2.jpg,2,2026-04-22 18:39:17.466213+00
623f9e00-0562-4b56-9a81-fd0d31162cf4,c7824eeb-5781-49ee-b923-aa636e73cb36,https://awrznjnofgmlqjiayhoi.supabase.co/storage/v1/object/public/yacht-images/new-yachts/c7824eeb-5781-49ee-b923-aa636e73cb36/c7824eeb-5781-49ee-b923-aa636e73cb36-9.jpg,new-yachts/c7824eeb-5781-49ee-b923-aa636e73cb36/c7824eeb-5781-49ee-b923-aa636e73cb36-9.jpg,9,2026-04-24 00:24:34.413913+00
624e4a93-b7c3-453c-8e46-418b89f50725,f9904641-715e-47d0-a6b0-3b971b5da052,https://awrznjnofgmlqjiayhoi.supabase.co/storage/v1/object/public/yacht-images/new-yachts/f9904641-715e-47d0-a6b0-3b971b5da052/f9904641-715e-47d0-a6b0-3b971b5da052-6.jpg,new-yachts/f9904641-715e-47d0-a6b0-3b971b5da052/f9904641-715e-47d0-a6b0-3b971b5da052-6.jpg,6,2026-04-22 17:58:02.587494+00
6265b21a-ead7-4e64-bd43-00291a903300,75597bbd-243f-42fd-a534-fdeca57e3c9c,https://awrznjnofgmlqjiayhoi.supabase.co/storage/v1/object/public/yacht-images/new-yachts/75597bbd-243f-42fd-a534-fdeca57e3c9c/75597bbd-243f-42fd-a534-fdeca57e3c9c-1.jpg,new-yachts/75597bbd-243f-42fd-a534-fdeca57e3c9c/75597bbd-243f-42fd-a534-fdeca57e3c9c-1.jpg,1,2026-04-24 00:18:07.549546+00
62b7b39c-77c7-41a4-98aa-6cc12ae1860c,f4b8122c-8b42-473d-bec4-396b5cf3471c,https://awrznjnofgmlqjiayhoi.supabase.co/storage/v1/object/public/yacht-images/new-yachts/f4b8122c-8b42-473d-bec4-396b5cf3471c/f4b8122c-8b42-473d-bec4-396b5cf3471c-13.webp,new-yachts/f4b8122c-8b42-473d-bec4-396b5cf3471c/f4b8122c-8b42-473d-bec4-396b5cf3471c-13.webp,13,2026-03-13 10:29:07.587183+00
62f75a6f-1ee7-4251-bcf0-35319f404d0d,63ad6431-db18-41ce-b5fe-09ecb9205943,https://awrznjnofgmlqjiayhoi.supabase.co/storage/v1/object/public/yacht-images/new-yachts/63ad6431-db18-41ce-b5fe-09ecb9205943/63ad6431-db18-41ce-b5fe-09ecb9205943-11.jpg,new-yachts/63ad6431-db18-41ce-b5fe-09ecb9205943/63ad6431-db18-41ce-b5fe-09ecb9205943-11.jpg,11,2026-04-23 13:47:25.822522+00
63025dad-f448-4781-8a71-5f300bbdd4ed,bd97e6ce-9abe-4bb5-8ee3-eda9646c6638,https://awrznjnofgmlqjiayhoi.supabase.co/storage/v1/object/public/yacht-images/new-yachts/bd97e6ce-9abe-4bb5-8ee3-eda9646c6638/bd97e6ce-9abe-4bb5-8ee3-eda9646c6638-7.jpg,new-yachts/bd97e6ce-9abe-4bb5-8ee3-eda9646c6638/bd97e6ce-9abe-4bb5-8ee3-eda9646c6638-7.jpg,7,2026-04-22 16:27:18.384369+00
630e2440-85b1-4d39-a56c-34802e36a840,1c5f2552-f6fb-43a0-b2d1-c841eae6e044,https://awrznjnofgmlqjiayhoi.supabase.co/storage/v1/object/public/yacht-images/new-yachts/1c5f2552-f6fb-43a0-b2d1-c841eae6e044/1c5f2552-f6fb-43a0-b2d1-c841eae6e044-7.jpg,new-yachts/1c5f2552-f6fb-43a0-b2d1-c841eae6e044/1c5f2552-f6fb-43a0-b2d1-c841eae6e044-7.jpg,7,2026-04-24 00:43:20.591886+00
6317eb4e-1b73-4539-b9a3-da93678c16f9,d498bf47-d0e2-4d72-b4e2-cfed8ea1e453,https://awrznjnofgmlqjiayhoi.supabase.co/storage/v1/object/public/yacht-images/new-yachts/d498bf47-d0e2-4d72-b4e2-cfed8ea1e453/d498bf47-d0e2-4d72-b4e2-cfed8ea1e453-9.jpg,new-yachts/d498bf47-d0e2-4d72-b4e2-cfed8ea1e453/d498bf47-d0e2-4d72-b4e2-cfed8ea1e453-9.jpg,9,2026-04-22 15:18:20.384516+00
63257c25-fb2f-40d0-8df6-eca210d8919c,4b3c7774-3467-46de-8410-9aafc0812957,https://awrznjnofgmlqjiayhoi.supabase.co/storage/v1/object/public/yacht-images/new-yachts/4b3c7774-3467-46de-8410-9aafc0812957/4b3c7774-3467-46de-8410-9aafc0812957-6.jpg,new-yachts/4b3c7774-3467-46de-8410-9aafc0812957/4b3c7774-3467-46de-8410-9aafc0812957-6.jpg,6,2026-04-24 19:59:37.599011+00
6344a03e-130a-4ae6-b52c-58dcb365e74a,5a7af5a2-016c-456b-9d50-b538f4929c78,https://awrznjnofgmlqjiayhoi.supabase.co/storage/v1/object/public/yacht-images/new-yachts/5a7af5a2-016c-456b-9d50-b538f4929c78/5a7af5a2-016c-456b-9d50-b538f4929c78-1.jpg,new-yachts/5a7af5a2-016c-456b-9d50-b538f4929c78/5a7af5a2-016c-456b-9d50-b538f4929c78-1.jpg,1,2026-04-23 09:19:16.019167+00
6350441d-3894-4454-a92a-172fd6ced45a,7003d27f-6b57-46b0-a81b-704b45d99e4b,https://awrznjnofgmlqjiayhoi.supabase.co/storage/v1/object/public/yacht-images/new-yachts/7003d27f-6b57-46b0-a81b-704b45d99e4b/7003d27f-6b57-46b0-a81b-704b45d99e4b-8.jpg,new-yachts/7003d27f-6b57-46b0-a81b-704b45d99e4b/7003d27f-6b57-46b0-a81b-704b45d99e4b-8.jpg,8,2026-04-23 23:58:01.024316+00
636278ae-eaa1-4bbf-82cf-f9a5c646988b,ab0c1dd1-5ed6-41ab-a24d-1c7176b1487b,https://awrznjnofgmlqjiayhoi.supabase.co/storage/v1/object/public/yacht-images/new-yachts/ab0c1dd1-5ed6-41ab-a24d-1c7176b1487b/ab0c1dd1-5ed6-41ab-a24d-1c7176b1487b-1.jpg,new-yachts/ab0c1dd1-5ed6-41ab-a24d-1c7176b1487b/ab0c1dd1-5ed6-41ab-a24d-1c7176b1487b-1.jpg,1,2026-04-22 18:37:54.718487+00
63a44d03-a1a7-490a-bee2-ee6b35aba881,b91a48c7-b650-4d3e-8163-342f849e50a2,https://awrznjnofgmlqjiayhoi.supabase.co/storage/v1/object/public/yacht-images/new-yachts/b91a48c7-b650-4d3e-8163-342f849e50a2/b91a48c7-b650-4d3e-8163-342f849e50a2-9.jpg,new-yachts/b91a48c7-b650-4d3e-8163-342f849e50a2/b91a48c7-b650-4d3e-8163-342f849e50a2-9.jpg,9,2026-04-22 17:00:25.682421+00
63ee9189-5b52-49d0-8b65-24a1b1b3486b,bab48513-ac52-49e5-b77f-754867d91fee,https://awrznjnofgmlqjiayhoi.supabase.co/storage/v1/object/public/yacht-images/new-yachts/bab48513-ac52-49e5-b77f-754867d91fee/bab48513-ac52-49e5-b77f-754867d91fee-4.jpg,new-yachts/bab48513-ac52-49e5-b77f-754867d91fee/bab48513-ac52-49e5-b77f-754867d91fee-4.jpg,4,2026-04-24 15:54:09.24005+00
640bac9c-625d-4b7f-beeb-2547851a3ac2,7db06b92-897d-47e6-a070-0b270a5b6d03,https://awrznjnofgmlqjiayhoi.supabase.co/storage/v1/object/public/yacht-images/new-yachts/7db06b92-897d-47e6-a070-0b270a5b6d03/7db06b92-897d-47e6-a070-0b270a5b6d03-10.jpg,new-yachts/7db06b92-897d-47e6-a070-0b270a5b6d03/7db06b92-897d-47e6-a070-0b270a5b6d03-10.jpg,10,2026-04-22 18:46:01.062025+00
6427f22a-fbc7-4cab-8fa8-f4b163b9c798,63ad6431-db18-41ce-b5fe-09ecb9205943,https://awrznjnofgmlqjiayhoi.supabase.co/storage/v1/object/public/yacht-images/new-yachts/63ad6431-db18-41ce-b5fe-09ecb9205943/63ad6431-db18-41ce-b5fe-09ecb9205943-2.jpg,new-yachts/63ad6431-db18-41ce-b5fe-09ecb9205943/63ad6431-db18-41ce-b5fe-09ecb9205943-2.jpg,2,2026-04-23 13:47:18.954413+00
642ed015-6d53-442e-af81-575ff8fa82db,2dcb8ce7-6e7d-49ec-8c52-067db62ed412,https://awrznjnofgmlqjiayhoi.supabase.co/storage/v1/object/public/yacht-images/new-yachts/2dcb8ce7-6e7d-49ec-8c52-067db62ed412/2dcb8ce7-6e7d-49ec-8c52-067db62ed412-2.jpg,new-yachts/2dcb8ce7-6e7d-49ec-8c52-067db62ed412/2dcb8ce7-6e7d-49ec-8c52-067db62ed412-2.jpg,2,2026-04-24 22:45:08.343032+00
643e7020-848d-4ddf-b329-bb28daa01f83,c238eaae-8820-4056-9ffe-a5f14320a23a,https://awrznjnofgmlqjiayhoi.supabase.co/storage/v1/object/public/yacht-images/new-yachts/c238eaae-8820-4056-9ffe-a5f14320a23a/c238eaae-8820-4056-9ffe-a5f14320a23a-9.jpg,new-yachts/c238eaae-8820-4056-9ffe-a5f14320a23a/c238eaae-8820-4056-9ffe-a5f14320a23a-9.jpg,9,2026-04-22 17:35:15.846246+00
6493c5ac-23b3-4063-9984-87c2851e30cd,f651b6e2-9576-490b-a593-877bcb8944e0,https://awrznjnofgmlqjiayhoi.supabase.co/storage/v1/object/public/yacht-images/new-yachts/f651b6e2-9576-490b-a593-877bcb8944e0/f651b6e2-9576-490b-a593-877bcb8944e0-11.jpg,new-yachts/f651b6e2-9576-490b-a593-877bcb8944e0/f651b6e2-9576-490b-a593-877bcb8944e0-11.jpg,11,2026-04-23 12:44:50.280881+00
64bc612f-2092-4a12-9514-23902507de61,649ce45c-bd0c-4bb4-97e7-fa5da64e4a18,https://awrznjnofgmlqjiayhoi.supabase.co/storage/v1/object/public/yacht-images/new-yachts/649ce45c-bd0c-4bb4-97e7-fa5da64e4a18/649ce45c-bd0c-4bb4-97e7-fa5da64e4a18-10.jpg,new-yachts/649ce45c-bd0c-4bb4-97e7-fa5da64e4a18/649ce45c-bd0c-4bb4-97e7-fa5da64e4a18-10.jpg,10,2026-04-10 12:17:04.404903+00
64c467c5-5939-49ab-b0e2-77ef9ecdc7ea,344290dc-8bd9-4cca-8ec0-2ee19a90dcae,https://awrznjnofgmlqjiayhoi.supabase.co/storage/v1/object/public/yacht-images/new-yachts/344290dc-8bd9-4cca-8ec0-2ee19a90dcae/344290dc-8bd9-4cca-8ec0-2ee19a90dcae-2.png,new-yachts/344290dc-8bd9-4cca-8ec0-2ee19a90dcae/344290dc-8bd9-4cca-8ec0-2ee19a90dcae-2.png,2,2026-04-15 15:41:11.258862+00
6524071b-edec-46c2-bb5a-1dba8b4dfd11,c8c5aac8-0250-456f-8eae-5c72e98aec4c,https://awrznjnofgmlqjiayhoi.supabase.co/storage/v1/object/public/yacht-images/new-yachts/c8c5aac8-0250-456f-8eae-5c72e98aec4c/c8c5aac8-0250-456f-8eae-5c72e98aec4c-11.jpg,new-yachts/c8c5aac8-0250-456f-8eae-5c72e98aec4c/c8c5aac8-0250-456f-8eae-5c72e98aec4c-11.jpg,11,2026-04-24 00:28:22.925579+00
652a7590-3e87-411f-8a6c-c6d3a1d8d473,d74ccc10-d2f6-4021-b1c7-1a75d3f1b2b6,https://awrznjnofgmlqjiayhoi.supabase.co/storage/v1/object/public/yacht-images/new-yachts/d74ccc10-d2f6-4021-b1c7-1a75d3f1b2b6/d74ccc10-d2f6-4021-b1c7-1a75d3f1b2b6-9.jpg,new-yachts/d74ccc10-d2f6-4021-b1c7-1a75d3f1b2b6/d74ccc10-d2f6-4021-b1c7-1a75d3f1b2b6-9.jpg,9,2026-04-22 17:01:42.941441+00
652d49d3-4ae8-4fdb-9311-6b1f715e59e0,46bbc10d-2851-4400-8fcc-4f78543c0c1b,https://awrznjnofgmlqjiayhoi.supabase.co/storage/v1/object/public/yacht-images/new-yachts/46bbc10d-2851-4400-8fcc-4f78543c0c1b/46bbc10d-2851-4400-8fcc-4f78543c0c1b-2.webp,new-yachts/46bbc10d-2851-4400-8fcc-4f78543c0c1b/46bbc10d-2851-4400-8fcc-4f78543c0c1b-2.webp,2,2026-03-26 21:16:47.98411+00
65775109-f362-4d4f-9bc8-4eb0dbcf0909,97f92f27-10fc-4517-b66e-2e33e13b531c,https://awrznjnofgmlqjiayhoi.supabase.co/storage/v1/object/public/yacht-images/new-yachts/97f92f27-10fc-4517-b66e-2e33e13b531c/97f92f27-10fc-4517-b66e-2e33e13b531c-2.png,new-yachts/97f92f27-10fc-4517-b66e-2e33e13b531c/97f92f27-10fc-4517-b66e-2e33e13b531c-2.png,2,2026-05-10 13:00:16.082598+00
6589afe9-207a-49cb-b3d4-ae4bf32e0b99,25707908-8308-40b0-8a69-b0900e65d602,https://awrznjnofgmlqjiayhoi.supabase.co/storage/v1/object/public/yacht-images/new-yachts/25707908-8308-40b0-8a69-b0900e65d602/25707908-8308-40b0-8a69-b0900e65d602-8.jpg,new-yachts/25707908-8308-40b0-8a69-b0900e65d602/25707908-8308-40b0-8a69-b0900e65d602-8.jpg,8,2026-04-24 00:40:12.53493+00
659a21c0-0b93-44f5-bcff-bac317ebff8c,6f462948-9675-4e1f-859a-5bf70e7e1ff0,https://awrznjnofgmlqjiayhoi.supabase.co/storage/v1/object/public/yacht-images/new-yachts/6f462948-9675-4e1f-859a-5bf70e7e1ff0/6f462948-9675-4e1f-859a-5bf70e7e1ff0-11.jpg,new-yachts/6f462948-9675-4e1f-859a-5bf70e7e1ff0/6f462948-9675-4e1f-859a-5bf70e7e1ff0-11.jpg,11,2026-04-22 18:00:41.178264+00
65b3516a-d179-465b-8053-605b14bf7761,e4eb87fe-d17d-4379-af62-8d6512a61ca2,https://awrznjnofgmlqjiayhoi.supabase.co/storage/v1/object/public/yacht-images/new-yachts/e4eb87fe-d17d-4379-af62-8d6512a61ca2/e4eb87fe-d17d-4379-af62-8d6512a61ca2-3.jpg,new-yachts/e4eb87fe-d17d-4379-af62-8d6512a61ca2/e4eb87fe-d17d-4379-af62-8d6512a61ca2-3.jpg,3,2026-04-24 22:06:06.427715+00
65fa8334-d392-48f7-9f79-80a5fa6bb501,09a650f0-cd9d-4633-b0d5-cf777d3c2b64,https://awrznjnofgmlqjiayhoi.supabase.co/storage/v1/object/public/yacht-images/new-yachts/09a650f0-cd9d-4633-b0d5-cf777d3c2b64/09a650f0-cd9d-4633-b0d5-cf777d3c2b64-9.jpg,new-yachts/09a650f0-cd9d-4633-b0d5-cf777d3c2b64/09a650f0-cd9d-4633-b0d5-cf777d3c2b64-9.jpg,9,2026-04-22 18:30:40.742256+00
660318b5-a26a-42de-bfcf-0dd2e2b049cd,b91a48c7-b650-4d3e-8163-342f849e50a2,https://awrznjnofgmlqjiayhoi.supabase.co/storage/v1/object/public/yacht-images/new-yachts/b91a48c7-b650-4d3e-8163-342f849e50a2/b91a48c7-b650-4d3e-8163-342f849e50a2-2.jpg,new-yachts/b91a48c7-b650-4d3e-8163-342f849e50a2/b91a48c7-b650-4d3e-8163-342f849e50a2-2.jpg,2,2026-04-22 17:00:19.997255+00
661ada8a-2f89-4f5d-986b-43c7baf405a8,c94ca279-8bba-4a24-b161-a4b3ca384209,https://awrznjnofgmlqjiayhoi.supabase.co/storage/v1/object/public/yacht-images/new-yachts/c94ca279-8bba-4a24-b161-a4b3ca384209/c94ca279-8bba-4a24-b161-a4b3ca384209-2.webp,new-yachts/c94ca279-8bba-4a24-b161-a4b3ca384209/c94ca279-8bba-4a24-b161-a4b3ca384209-2.webp,2,2026-03-26 21:58:42.847935+00
663c21c1-ca05-4385-a3f6-6e2585657567,a333914a-50aa-4524-8f4c-1583fcdc0ade,https://awrznjnofgmlqjiayhoi.supabase.co/storage/v1/object/public/yacht-images/new-yachts/a333914a-50aa-4524-8f4c-1583fcdc0ade/a333914a-50aa-4524-8f4c-1583fcdc0ade-5.jpg,new-yachts/a333914a-50aa-4524-8f4c-1583fcdc0ade/a333914a-50aa-4524-8f4c-1583fcdc0ade-5.jpg,5,2026-04-22 17:12:26.850492+00
6666884e-0b0d-492a-b028-0781015781f7,a6a12e4a-1f13-40ae-a2d3-5fcc38532e12,https://awrznjnofgmlqjiayhoi.supabase.co/storage/v1/object/public/yacht-images/new-yachts/a6a12e4a-1f13-40ae-a2d3-5fcc38532e12/a6a12e4a-1f13-40ae-a2d3-5fcc38532e12-2.jpg,new-yachts/a6a12e4a-1f13-40ae-a2d3-5fcc38532e12/a6a12e4a-1f13-40ae-a2d3-5fcc38532e12-2.jpg,2,2026-04-22 14:43:14.649939+00
66698877-ba5e-4698-84c4-97f1da51bd1c,d3b00e8b-5743-46d3-9660-80b6783e38ad,https://awrznjnofgmlqjiayhoi.supabase.co/storage/v1/object/public/yacht-images/new-yachts/d3b00e8b-5743-46d3-9660-80b6783e38ad/d3b00e8b-5743-46d3-9660-80b6783e38ad-4.jpg,new-yachts/d3b00e8b-5743-46d3-9660-80b6783e38ad/d3b00e8b-5743-46d3-9660-80b6783e38ad-4.jpg,4,2026-04-23 23:40:18.098258+00
6675f690-f8fe-4823-97bd-a09f8037ee3d,df67c4de-872b-425c-8adc-b85469ae16dd,https://awrznjnofgmlqjiayhoi.supabase.co/storage/v1/object/public/yacht-images/new-yachts/df67c4de-872b-425c-8adc-b85469ae16dd/df67c4de-872b-425c-8adc-b85469ae16dd-3.jpg,new-yachts/df67c4de-872b-425c-8adc-b85469ae16dd/df67c4de-872b-425c-8adc-b85469ae16dd-3.jpg,3,2026-04-24 21:59:17.893617+00
66bd4d17-29ba-464f-a997-f51c8e1b2f6c,75597bbd-243f-42fd-a534-fdeca57e3c9c,https://awrznjnofgmlqjiayhoi.supabase.co/storage/v1/object/public/yacht-images/new-yachts/75597bbd-243f-42fd-a534-fdeca57e3c9c/75597bbd-243f-42fd-a534-fdeca57e3c9c-2.jpg,new-yachts/75597bbd-243f-42fd-a534-fdeca57e3c9c/75597bbd-243f-42fd-a534-fdeca57e3c9c-2.jpg,2,2026-04-24 00:18:08.325601+00
66efff49-616e-4e4f-a1b6-98877a98e5f0,dad3e31e-782b-4453-8084-835e82cb6131,https://awrznjnofgmlqjiayhoi.supabase.co/storage/v1/object/public/yacht-images/new-yachts/dad3e31e-782b-4453-8084-835e82cb6131/dad3e31e-782b-4453-8084-835e82cb6131-11.jpg,new-yachts/dad3e31e-782b-4453-8084-835e82cb6131/dad3e31e-782b-4453-8084-835e82cb6131-11.jpg,11,2026-04-23 23:38:08.320873+00
670eea89-4e2f-4e9b-9457-eab2fbc0a961,d8c51b24-2426-4721-96b7-5d34d56e8800,https://awrznjnofgmlqjiayhoi.supabase.co/storage/v1/object/public/yacht-images/new-yachts/d8c51b24-2426-4721-96b7-5d34d56e8800/d8c51b24-2426-4721-96b7-5d34d56e8800-3.jpg,new-yachts/d8c51b24-2426-4721-96b7-5d34d56e8800/d8c51b24-2426-4721-96b7-5d34d56e8800-3.jpg,3,2026-04-22 15:05:12.305633+00
6783625d-071a-4e4b-bdb5-c2f81b2e2e91,b8449191-5116-4c89-a6fe-00bd80345381,https://awrznjnofgmlqjiayhoi.supabase.co/storage/v1/object/public/yacht-images/new-yachts/b8449191-5116-4c89-a6fe-00bd80345381/b8449191-5116-4c89-a6fe-00bd80345381-9.jpg,new-yachts/b8449191-5116-4c89-a6fe-00bd80345381/b8449191-5116-4c89-a6fe-00bd80345381-9.jpg,9,2026-04-22 14:36:37.306058+00
67a7feb7-a669-48ef-90db-a1d23e1b0f97,3011de4f-421b-4c6e-9433-a9f0417d7d89,https://awrznjnofgmlqjiayhoi.supabase.co/storage/v1/object/public/yacht-images/new-yachts/3011de4f-421b-4c6e-9433-a9f0417d7d89/3011de4f-421b-4c6e-9433-a9f0417d7d89-10.jpg,new-yachts/3011de4f-421b-4c6e-9433-a9f0417d7d89/3011de4f-421b-4c6e-9433-a9f0417d7d89-10.jpg,10,2026-04-22 14:51:04.126215+00
67da4e96-f5ba-4f39-9027-64a7d0759f08,6f7d9f4f-3551-4c4b-b5f7-bd5596935016,https://awrznjnofgmlqjiayhoi.supabase.co/storage/v1/object/public/yacht-images/new-yachts/6f7d9f4f-3551-4c4b-b5f7-bd5596935016/6f7d9f4f-3551-4c4b-b5f7-bd5596935016-10.jpg,new-yachts/6f7d9f4f-3551-4c4b-b5f7-bd5596935016/6f7d9f4f-3551-4c4b-b5f7-bd5596935016-10.jpg,10,2026-04-24 00:33:12.782723+00
67e318c2-8976-4bf9-810f-29e82b584fec,40725080-facb-4006-b428-02bd3234b688,https://awrznjnofgmlqjiayhoi.supabase.co/storage/v1/object/public/yacht-images/new-yachts/40725080-facb-4006-b428-02bd3234b688/40725080-facb-4006-b428-02bd3234b688-5.jpg,new-yachts/40725080-facb-4006-b428-02bd3234b688/40725080-facb-4006-b428-02bd3234b688-5.jpg,5,2026-04-23 12:53:24.253616+00
6809ccf9-2929-4934-9925-1bd075ed87dc,46478d58-042a-4ac5-85df-9be0f1f1040e,https://awrznjnofgmlqjiayhoi.supabase.co/storage/v1/object/public/yacht-images/new-yachts/46478d58-042a-4ac5-85df-9be0f1f1040e/46478d58-042a-4ac5-85df-9be0f1f1040e-11.jpg,new-yachts/46478d58-042a-4ac5-85df-9be0f1f1040e/46478d58-042a-4ac5-85df-9be0f1f1040e-11.jpg,11,2026-04-24 18:49:14.217151+00
6831d7eb-b31c-4ec5-a12a-2f176e1ae1a8,3b566a87-1f34-4f83-8f51-8fc988f9d292,https://awrznjnofgmlqjiayhoi.supabase.co/storage/v1/object/public/yacht-images/new-yachts/3b566a87-1f34-4f83-8f51-8fc988f9d292/3b566a87-1f34-4f83-8f51-8fc988f9d292-6.jpg,new-yachts/3b566a87-1f34-4f83-8f51-8fc988f9d292/3b566a87-1f34-4f83-8f51-8fc988f9d292-6.jpg,6,2026-04-23 09:09:33.619055+00
683a6001-a17e-4dbf-90a1-51560c883605,67178f72-eeb2-453d-a891-16e6e75edbff,https://awrznjnofgmlqjiayhoi.supabase.co/storage/v1/object/public/yacht-images/new-yachts/67178f72-eeb2-453d-a891-16e6e75edbff/67178f72-eeb2-453d-a891-16e6e75edbff-10.jpg,new-yachts/67178f72-eeb2-453d-a891-16e6e75edbff/67178f72-eeb2-453d-a891-16e6e75edbff-10.jpg,10,2026-04-22 14:31:03.916426+00
684327f5-6be5-4f81-9f49-0002f4b9a461,338ef555-03ad-4c67-8ebd-8457ce40ca9e,https://awrznjnofgmlqjiayhoi.supabase.co/storage/v1/object/public/yacht-images/new-yachts/338ef555-03ad-4c67-8ebd-8457ce40ca9e/338ef555-03ad-4c67-8ebd-8457ce40ca9e-9.jpg,new-yachts/338ef555-03ad-4c67-8ebd-8457ce40ca9e/338ef555-03ad-4c67-8ebd-8457ce40ca9e-9.jpg,9,2026-04-24 00:46:25.484108+00
68466a2f-5852-40d8-a309-dcd6bff94c3d,75597bbd-243f-42fd-a534-fdeca57e3c9c,https://awrznjnofgmlqjiayhoi.supabase.co/storage/v1/object/public/yacht-images/new-yachts/75597bbd-243f-42fd-a534-fdeca57e3c9c/75597bbd-243f-42fd-a534-fdeca57e3c9c-6.jpg,new-yachts/75597bbd-243f-42fd-a534-fdeca57e3c9c/75597bbd-243f-42fd-a534-fdeca57e3c9c-6.jpg,6,2026-04-24 00:18:11.323251+00
684c687c-7a28-4e7f-84cf-737ad6d76fab,c8c5aac8-0250-456f-8eae-5c72e98aec4c,https://awrznjnofgmlqjiayhoi.supabase.co/storage/v1/object/public/yacht-images/new-yachts/c8c5aac8-0250-456f-8eae-5c72e98aec4c/c8c5aac8-0250-456f-8eae-5c72e98aec4c-7.jpg,new-yachts/c8c5aac8-0250-456f-8eae-5c72e98aec4c/c8c5aac8-0250-456f-8eae-5c72e98aec4c-7.jpg,7,2026-04-24 00:28:20.338359+00
684df302-31b6-460b-9527-66f52e0cdff6,338ef555-03ad-4c67-8ebd-8457ce40ca9e,https://awrznjnofgmlqjiayhoi.supabase.co/storage/v1/object/public/yacht-images/new-yachts/338ef555-03ad-4c67-8ebd-8457ce40ca9e/338ef555-03ad-4c67-8ebd-8457ce40ca9e-2.jpg,new-yachts/338ef555-03ad-4c67-8ebd-8457ce40ca9e/338ef555-03ad-4c67-8ebd-8457ce40ca9e-2.jpg,2,2026-04-24 00:46:20.315363+00
6869e75f-f7da-4545-ab61-b6ecd977bf1d,82e61cac-cd66-43b8-93f1-8a31b9a344f1,https://awrznjnofgmlqjiayhoi.supabase.co/storage/v1/object/public/yacht-images/new-yachts/82e61cac-cd66-43b8-93f1-8a31b9a344f1/82e61cac-cd66-43b8-93f1-8a31b9a344f1-1.png,new-yachts/82e61cac-cd66-43b8-93f1-8a31b9a344f1/82e61cac-cd66-43b8-93f1-8a31b9a344f1-1.png,1,2026-02-28 18:56:27.094922+00
68bb8758-d070-4954-9bc9-5cb5fb2d71e8,199d0d16-14ce-4883-973e-e82706c8e0ca,https://awrznjnofgmlqjiayhoi.supabase.co/storage/v1/object/public/yacht-images/new-yachts/199d0d16-14ce-4883-973e-e82706c8e0ca/199d0d16-14ce-4883-973e-e82706c8e0ca-4.jpg,new-yachts/199d0d16-14ce-4883-973e-e82706c8e0ca/199d0d16-14ce-4883-973e-e82706c8e0ca-4.jpg,4,2026-04-24 00:11:43.016226+00
68cb865f-b579-41c1-aebd-30eebb19bac9,6b302f73-4059-469d-98ee-cd0dbbaa3b4a,https://awrznjnofgmlqjiayhoi.supabase.co/storage/v1/object/public/yacht-images/new-yachts/6b302f73-4059-469d-98ee-cd0dbbaa3b4a/6b302f73-4059-469d-98ee-cd0dbbaa3b4a-4.jpg,new-yachts/6b302f73-4059-469d-98ee-cd0dbbaa3b4a/6b302f73-4059-469d-98ee-cd0dbbaa3b4a-4.jpg,4,2026-04-23 08:21:22.067686+00
68ce8fb1-f78e-4eb4-baba-ba189b3cc2af,a333914a-50aa-4524-8f4c-1583fcdc0ade,https://awrznjnofgmlqjiayhoi.supabase.co/storage/v1/object/public/yacht-images/new-yachts/a333914a-50aa-4524-8f4c-1583fcdc0ade/a333914a-50aa-4524-8f4c-1583fcdc0ade-9.jpg,new-yachts/a333914a-50aa-4524-8f4c-1583fcdc0ade/a333914a-50aa-4524-8f4c-1583fcdc0ade-9.jpg,9,2026-04-22 17:12:29.566424+00
68d9fddd-5d09-4a3f-895b-2757887a4758,1cddd9eb-4fd6-4f55-a3f8-8744a301fa2d,https://awrznjnofgmlqjiayhoi.supabase.co/storage/v1/object/public/yacht-images/new-yachts/1cddd9eb-4fd6-4f55-a3f8-8744a301fa2d/1cddd9eb-4fd6-4f55-a3f8-8744a301fa2d-5.jpg,new-yachts/1cddd9eb-4fd6-4f55-a3f8-8744a301fa2d/1cddd9eb-4fd6-4f55-a3f8-8744a301fa2d-5.jpg,5,2026-04-24 19:58:20.179791+00
6903d755-ff5f-4867-a8f9-cd3b34a38770,5b8bf348-8319-4418-ad3e-0166da6ea16c,https://awrznjnofgmlqjiayhoi.supabase.co/storage/v1/object/public/yacht-images/new-yachts/5b8bf348-8319-4418-ad3e-0166da6ea16c/5b8bf348-8319-4418-ad3e-0166da6ea16c-3.webp,new-yachts/5b8bf348-8319-4418-ad3e-0166da6ea16c/5b8bf348-8319-4418-ad3e-0166da6ea16c-3.webp,3,2026-03-26 19:39:05.369128+00
6905ba77-4e40-4bfa-937f-eea1690f66a8,c7ebbc0c-5644-4a96-b655-4d364326373e,https://awrznjnofgmlqjiayhoi.supabase.co/storage/v1/object/public/yacht-images/new-yachts/c7ebbc0c-5644-4a96-b655-4d364326373e/c7ebbc0c-5644-4a96-b655-4d364326373e-1.jpg,new-yachts/c7ebbc0c-5644-4a96-b655-4d364326373e/c7ebbc0c-5644-4a96-b655-4d364326373e-1.jpg,1,2026-04-22 18:03:48.319141+00
690716b8-264c-4386-aa4f-cd85e4cd699a,d3b00e8b-5743-46d3-9660-80b6783e38ad,https://awrznjnofgmlqjiayhoi.supabase.co/storage/v1/object/public/yacht-images/new-yachts/d3b00e8b-5743-46d3-9660-80b6783e38ad/d3b00e8b-5743-46d3-9660-80b6783e38ad-8.jpg,new-yachts/d3b00e8b-5743-46d3-9660-80b6783e38ad/d3b00e8b-5743-46d3-9660-80b6783e38ad-8.jpg,8,2026-04-23 23:40:20.623062+00
69281761-d2c0-479f-8f80-aee14e0f54ea,c062ace5-658e-4daa-a8b1-8591a5768de3,https://awrznjnofgmlqjiayhoi.supabase.co/storage/v1/object/public/yacht-images/new-yachts/c062ace5-658e-4daa-a8b1-8591a5768de3/c062ace5-658e-4daa-a8b1-8591a5768de3-4.jpg,new-yachts/c062ace5-658e-4daa-a8b1-8591a5768de3/c062ace5-658e-4daa-a8b1-8591a5768de3-4.jpg,4,2026-04-22 18:02:15.241139+00
6939130c-bd01-4558-9d49-597fa2a7b300,572bec71-8a15-4844-8cd3-1f9a6e016810,https://awrznjnofgmlqjiayhoi.supabase.co/storage/v1/object/public/yacht-images/new-yachts/572bec71-8a15-4844-8cd3-1f9a6e016810/572bec71-8a15-4844-8cd3-1f9a6e016810-3.jpg,new-yachts/572bec71-8a15-4844-8cd3-1f9a6e016810/572bec71-8a15-4844-8cd3-1f9a6e016810-3.jpg,3,2026-04-22 14:32:30.662958+00
695898c4-b2db-4dc8-bf7f-b40082900f58,d8ada534-6eb6-4282-b98a-49bf8e72c7df,https://awrznjnofgmlqjiayhoi.supabase.co/storage/v1/object/public/yacht-images/new-yachts/d8ada534-6eb6-4282-b98a-49bf8e72c7df/d8ada534-6eb6-4282-b98a-49bf8e72c7df-9.webp,new-yachts/d8ada534-6eb6-4282-b98a-49bf8e72c7df/d8ada534-6eb6-4282-b98a-49bf8e72c7df-9.webp,9,2026-03-26 19:15:06.648156+00
697069af-cf35-4d83-b2c3-8c08c51f5acd,572bec71-8a15-4844-8cd3-1f9a6e016810,https://awrznjnofgmlqjiayhoi.supabase.co/storage/v1/object/public/yacht-images/new-yachts/572bec71-8a15-4844-8cd3-1f9a6e016810/572bec71-8a15-4844-8cd3-1f9a6e016810-1.jpg,new-yachts/572bec71-8a15-4844-8cd3-1f9a6e016810/572bec71-8a15-4844-8cd3-1f9a6e016810-1.jpg,1,2026-04-22 14:32:28.603827+00
6981dcf0-a83a-48ec-b2a6-326fdf1bd726,7c786725-2810-4b6c-ab69-e4001a918ea0,https://awrznjnofgmlqjiayhoi.supabase.co/storage/v1/object/public/yacht-images/new-yachts/7c786725-2810-4b6c-ab69-e4001a918ea0/7c786725-2810-4b6c-ab69-e4001a918ea0-4.jpg,new-yachts/7c786725-2810-4b6c-ab69-e4001a918ea0/7c786725-2810-4b6c-ab69-e4001a918ea0-4.jpg,4,2026-04-24 13:38:03.393172+00
69904251-3e7c-45c1-825a-b9a01395f746,77df49d2-ba0a-41af-930e-563752714ead,https://awrznjnofgmlqjiayhoi.supabase.co/storage/v1/object/public/yacht-images/new-yachts/77df49d2-ba0a-41af-930e-563752714ead/77df49d2-ba0a-41af-930e-563752714ead-10.jpg,new-yachts/77df49d2-ba0a-41af-930e-563752714ead/77df49d2-ba0a-41af-930e-563752714ead-10.jpg,10,2026-04-22 18:28:32.226175+00
69909f0b-4d69-4ce9-9370-f983265ed7d5,44637863-e1b1-4505-9f38-065853e6693c,https://awrznjnofgmlqjiayhoi.supabase.co/storage/v1/object/public/yacht-images/new-yachts/44637863-e1b1-4505-9f38-065853e6693c/44637863-e1b1-4505-9f38-065853e6693c-4.jpg,new-yachts/44637863-e1b1-4505-9f38-065853e6693c/44637863-e1b1-4505-9f38-065853e6693c-4.jpg,4,2026-04-22 15:15:25.166893+00
69918a43-af67-41a4-b2cf-9d6b4d66dc20,181ed202-b6c2-4bd0-ac28-1d1f2115dea3,https://awrznjnofgmlqjiayhoi.supabase.co/storage/v1/object/public/yacht-images/new-yachts/181ed202-b6c2-4bd0-ac28-1d1f2115dea3/181ed202-b6c2-4bd0-ac28-1d1f2115dea3-8.jpg,new-yachts/181ed202-b6c2-4bd0-ac28-1d1f2115dea3/181ed202-b6c2-4bd0-ac28-1d1f2115dea3-8.jpg,8,2026-04-22 17:10:59.621192+00
69a9ebb0-f250-4cac-b0f5-e18b428990ae,77df49d2-ba0a-41af-930e-563752714ead,https://awrznjnofgmlqjiayhoi.supabase.co/storage/v1/object/public/yacht-images/new-yachts/77df49d2-ba0a-41af-930e-563752714ead/77df49d2-ba0a-41af-930e-563752714ead-2.jpg,new-yachts/77df49d2-ba0a-41af-930e-563752714ead/77df49d2-ba0a-41af-930e-563752714ead-2.jpg,2,2026-04-22 18:28:26.418864+00
69b1f5b2-63d4-45d9-a706-06a97859f3b6,02943908-9ea0-4048-8f13-5a2e9e8aa180,https://awrznjnofgmlqjiayhoi.supabase.co/storage/v1/object/public/yacht-images/new-yachts/02943908-9ea0-4048-8f13-5a2e9e8aa180/02943908-9ea0-4048-8f13-5a2e9e8aa180-9.jpg,new-yachts/02943908-9ea0-4048-8f13-5a2e9e8aa180/02943908-9ea0-4048-8f13-5a2e9e8aa180-9.jpg,9,2026-04-22 18:49:20.846927+00
69be195a-f501-4ed0-8e5e-1b714df72a7b,8f6ead2d-9e5a-4952-89a3-fa782ef6db82,https://awrznjnofgmlqjiayhoi.supabase.co/storage/v1/object/public/yacht-images/new-yachts/8f6ead2d-9e5a-4952-89a3-fa782ef6db82/8f6ead2d-9e5a-4952-89a3-fa782ef6db82-10.jpg,new-yachts/8f6ead2d-9e5a-4952-89a3-fa782ef6db82/8f6ead2d-9e5a-4952-89a3-fa782ef6db82-10.jpg,10,2026-04-22 15:20:00.50962+00
6a1ec039-2410-4eb5-b9eb-52af84a45f6c,d43803e9-b003-4476-8e95-055499dd2f2f,https://awrznjnofgmlqjiayhoi.supabase.co/storage/v1/object/public/yacht-images/new-yachts/d43803e9-b003-4476-8e95-055499dd2f2f/d43803e9-b003-4476-8e95-055499dd2f2f-1.jpg,new-yachts/d43803e9-b003-4476-8e95-055499dd2f2f/d43803e9-b003-4476-8e95-055499dd2f2f-1.jpg,1,2026-04-22 18:08:51.633494+00
6a200cd5-b22b-49b8-ba08-3eee30c76bb3,45381c1b-cc44-4567-bac3-ca74940d9098,https://awrznjnofgmlqjiayhoi.supabase.co/storage/v1/object/public/yacht-images/new-yachts/45381c1b-cc44-4567-bac3-ca74940d9098/45381c1b-cc44-4567-bac3-ca74940d9098-3.webp,new-yachts/45381c1b-cc44-4567-bac3-ca74940d9098/45381c1b-cc44-4567-bac3-ca74940d9098-3.webp,3,2026-02-28 19:38:57.571895+00
6a2ca8cb-6894-4ff4-8300-084d527d6450,3be4e810-053d-4854-b2ae-708b86082bac,https://awrznjnofgmlqjiayhoi.supabase.co/storage/v1/object/public/yacht-images/new-yachts/3be4e810-053d-4854-b2ae-708b86082bac/3be4e810-053d-4854-b2ae-708b86082bac-4.jpg,new-yachts/3be4e810-053d-4854-b2ae-708b86082bac/3be4e810-053d-4854-b2ae-708b86082bac-4.jpg,4,2026-04-24 00:26:50.530573+00
6a7bb1af-be58-4b88-8cc6-fc48c0a94aaa,6eb971f0-6cf7-451c-abf5-4cc2727165fc,https://awrznjnofgmlqjiayhoi.supabase.co/storage/v1/object/public/yacht-images/new-yachts/6eb971f0-6cf7-451c-abf5-4cc2727165fc/6eb971f0-6cf7-451c-abf5-4cc2727165fc-4.webp,new-yachts/6eb971f0-6cf7-451c-abf5-4cc2727165fc/6eb971f0-6cf7-451c-abf5-4cc2727165fc-4.webp,4,2026-03-26 21:12:22.624677+00
6ab22e6c-3c96-4890-827c-afcaecf4bf79,59ad167b-dfee-4c44-aa33-60b6e1e05678,https://awrznjnofgmlqjiayhoi.supabase.co/storage/v1/object/public/yacht-images/new-yachts/59ad167b-dfee-4c44-aa33-60b6e1e05678/59ad167b-dfee-4c44-aa33-60b6e1e05678-6.jpg,new-yachts/59ad167b-dfee-4c44-aa33-60b6e1e05678/59ad167b-dfee-4c44-aa33-60b6e1e05678-6.jpg,6,2026-04-22 17:26:23.800273+00
6acf8105-6f05-4e2d-9b62-6a5dc0f44cc9,b8449191-5116-4c89-a6fe-00bd80345381,https://awrznjnofgmlqjiayhoi.supabase.co/storage/v1/object/public/yacht-images/new-yachts/b8449191-5116-4c89-a6fe-00bd80345381/b8449191-5116-4c89-a6fe-00bd80345381-5.jpg,new-yachts/b8449191-5116-4c89-a6fe-00bd80345381/b8449191-5116-4c89-a6fe-00bd80345381-5.jpg,5,2026-04-22 14:36:35.27299+00
6ae1d147-9d7d-43e9-8abb-90f3a58a3b35,7003d27f-6b57-46b0-a81b-704b45d99e4b,https://awrznjnofgmlqjiayhoi.supabase.co/storage/v1/object/public/yacht-images/new-yachts/7003d27f-6b57-46b0-a81b-704b45d99e4b/7003d27f-6b57-46b0-a81b-704b45d99e4b-3.jpg,new-yachts/7003d27f-6b57-46b0-a81b-704b45d99e4b/7003d27f-6b57-46b0-a81b-704b45d99e4b-3.jpg,3,2026-04-23 23:57:56.503903+00
6b115b08-6bd2-4163-a195-ae79a5d541b3,7003a6dc-f1a6-4109-a0e2-854d49db77fc,https://awrznjnofgmlqjiayhoi.supabase.co/storage/v1/object/public/yacht-images/new-yachts/7003a6dc-f1a6-4109-a0e2-854d49db77fc/7003a6dc-f1a6-4109-a0e2-854d49db77fc-10.jpg,new-yachts/7003a6dc-f1a6-4109-a0e2-854d49db77fc/7003a6dc-f1a6-4109-a0e2-854d49db77fc-10.jpg,10,2026-04-23 08:56:27.81989+00
6b263c27-f853-41f0-af6d-b53ac496a1db,6f7d9f4f-3551-4c4b-b5f7-bd5596935016,https://awrznjnofgmlqjiayhoi.supabase.co/storage/v1/object/public/yacht-images/new-yachts/6f7d9f4f-3551-4c4b-b5f7-bd5596935016/6f7d9f4f-3551-4c4b-b5f7-bd5596935016-5.jpg,new-yachts/6f7d9f4f-3551-4c4b-b5f7-bd5596935016/6f7d9f4f-3551-4c4b-b5f7-bd5596935016-5.jpg,5,2026-04-24 00:33:09.415963+00
6b7eead3-f3d9-4b84-9cc9-df9515046b5c,d8c51b24-2426-4721-96b7-5d34d56e8800,https://awrznjnofgmlqjiayhoi.supabase.co/storage/v1/object/public/yacht-images/new-yachts/d8c51b24-2426-4721-96b7-5d34d56e8800/d8c51b24-2426-4721-96b7-5d34d56e8800-5.jpg,new-yachts/d8c51b24-2426-4721-96b7-5d34d56e8800/d8c51b24-2426-4721-96b7-5d34d56e8800-5.jpg,5,2026-04-22 15:05:13.757282+00
6b84975c-a165-4270-9eea-8184e6661143,9bb11399-c9d0-426a-b423-506c3373bf26,https://awrznjnofgmlqjiayhoi.supabase.co/storage/v1/object/public/yacht-images/new-yachts/9bb11399-c9d0-426a-b423-506c3373bf26/9bb11399-c9d0-426a-b423-506c3373bf26-8.jpg,new-yachts/9bb11399-c9d0-426a-b423-506c3373bf26/9bb11399-c9d0-426a-b423-506c3373bf26-8.jpg,8,2026-04-22 18:33:47.179713+00
6b8b714e-ba45-44b3-963d-e82214bc27fc,245f9376-5d0c-4d01-9edb-8b2357d16aca,https://awrznjnofgmlqjiayhoi.supabase.co/storage/v1/object/public/yacht-images/new-yachts/245f9376-5d0c-4d01-9edb-8b2357d16aca/245f9376-5d0c-4d01-9edb-8b2357d16aca-10.jpg,new-yachts/245f9376-5d0c-4d01-9edb-8b2357d16aca/245f9376-5d0c-4d01-9edb-8b2357d16aca-10.jpg,10,2026-04-24 00:21:24.73253+00
6b970189-38fa-4274-86d6-c05e04401db9,02943908-9ea0-4048-8f13-5a2e9e8aa180,https://awrznjnofgmlqjiayhoi.supabase.co/storage/v1/object/public/yacht-images/new-yachts/02943908-9ea0-4048-8f13-5a2e9e8aa180/02943908-9ea0-4048-8f13-5a2e9e8aa180-6.jpg,new-yachts/02943908-9ea0-4048-8f13-5a2e9e8aa180/02943908-9ea0-4048-8f13-5a2e9e8aa180-6.jpg,6,2026-04-22 18:49:18.763971+00
6ba1bec2-93c7-4b3a-ad4d-0b788b4a5ede,7003a6dc-f1a6-4109-a0e2-854d49db77fc,https://awrznjnofgmlqjiayhoi.supabase.co/storage/v1/object/public/yacht-images/new-yachts/7003a6dc-f1a6-4109-a0e2-854d49db77fc/7003a6dc-f1a6-4109-a0e2-854d49db77fc-6.jpg,new-yachts/7003a6dc-f1a6-4109-a0e2-854d49db77fc/7003a6dc-f1a6-4109-a0e2-854d49db77fc-6.jpg,6,2026-04-23 08:56:25.265088+00
6bcfe1c9-bd99-4224-93a3-9c48b2307a62,2574c261-52de-479f-9ccd-2f833f6ba6d6,https://awrznjnofgmlqjiayhoi.supabase.co/storage/v1/object/public/yacht-images/new-yachts/2574c261-52de-479f-9ccd-2f833f6ba6d6/2574c261-52de-479f-9ccd-2f833f6ba6d6-4.jpg,new-yachts/2574c261-52de-479f-9ccd-2f833f6ba6d6/2574c261-52de-479f-9ccd-2f833f6ba6d6-4.jpg,4,2026-04-22 16:26:09.462946+00
6bea34ef-c67c-43db-bbb6-a849cca5723f,71152f00-7193-453c-9187-3cac259a9afe,https://awrznjnofgmlqjiayhoi.supabase.co/storage/v1/object/public/yacht-images/new-yachts/71152f00-7193-453c-9187-3cac259a9afe/71152f00-7193-453c-9187-3cac259a9afe-4.jpg,new-yachts/71152f00-7193-453c-9187-3cac259a9afe/71152f00-7193-453c-9187-3cac259a9afe-4.jpg,4,2026-04-22 16:20:46.569908+00
6c28ccdb-a17b-4c73-95e9-d872827024b0,4946a8d3-25c4-46a5-b04f-a79ff159ab15,https://awrznjnofgmlqjiayhoi.supabase.co/storage/v1/object/public/yacht-images/new-yachts/4946a8d3-25c4-46a5-b04f-a79ff159ab15/4946a8d3-25c4-46a5-b04f-a79ff159ab15-11.jpg,new-yachts/4946a8d3-25c4-46a5-b04f-a79ff159ab15/4946a8d3-25c4-46a5-b04f-a79ff159ab15-11.jpg,11,2026-04-24 00:38:51.643712+00
6c4a15a2-e9bf-4c61-b373-288ea851cbb1,6691a397-12b2-4bec-9729-2e36bbeda61a,https://awrznjnofgmlqjiayhoi.supabase.co/storage/v1/object/public/yacht-images/new-yachts/6691a397-12b2-4bec-9729-2e36bbeda61a/6691a397-12b2-4bec-9729-2e36bbeda61a-2.jpg,new-yachts/6691a397-12b2-4bec-9729-2e36bbeda61a/6691a397-12b2-4bec-9729-2e36bbeda61a-2.jpg,2,2026-04-22 18:47:22.012324+00
6c76d864-01b1-4e93-bd32-12cdf6a1c3a5,093e8300-40b1-41b7-ab55-f8d53889c761,https://awrznjnofgmlqjiayhoi.supabase.co/storage/v1/object/public/yacht-images/new-yachts/093e8300-40b1-41b7-ab55-f8d53889c761/093e8300-40b1-41b7-ab55-f8d53889c761-update-1774380923540-3.webp,new-yachts/093e8300-40b1-41b7-ab55-f8d53889c761/093e8300-40b1-41b7-ab55-f8d53889c761-update-1774380923540-3.webp,8,2026-03-24 19:35:24.335374+00
6c88de63-9e12-4063-a698-d0e790e1a518,4946a8d3-25c4-46a5-b04f-a79ff159ab15,https://awrznjnofgmlqjiayhoi.supabase.co/storage/v1/object/public/yacht-images/new-yachts/4946a8d3-25c4-46a5-b04f-a79ff159ab15/4946a8d3-25c4-46a5-b04f-a79ff159ab15-3.jpg,new-yachts/4946a8d3-25c4-46a5-b04f-a79ff159ab15/4946a8d3-25c4-46a5-b04f-a79ff159ab15-3.jpg,3,2026-04-24 00:38:46.239881+00
6cbb0e61-06aa-4453-b118-9fc4a1f7ce6c,199d0d16-14ce-4883-973e-e82706c8e0ca,https://awrznjnofgmlqjiayhoi.supabase.co/storage/v1/object/public/yacht-images/new-yachts/199d0d16-14ce-4883-973e-e82706c8e0ca/199d0d16-14ce-4883-973e-e82706c8e0ca-9.jpg,new-yachts/199d0d16-14ce-4883-973e-e82706c8e0ca/199d0d16-14ce-4883-973e-e82706c8e0ca-9.jpg,9,2026-04-24 00:11:46.548324+00
6cc25da8-279d-4b37-a9eb-630d836eb4b2,d0075994-96ea-41d7-99b0-7e2f908da0bc,https://awrznjnofgmlqjiayhoi.supabase.co/storage/v1/object/public/yacht-images/new-yachts/d0075994-96ea-41d7-99b0-7e2f908da0bc/d0075994-96ea-41d7-99b0-7e2f908da0bc-3.jpg,new-yachts/d0075994-96ea-41d7-99b0-7e2f908da0bc/d0075994-96ea-41d7-99b0-7e2f908da0bc-3.jpg,3,2026-04-24 00:25:50.981292+00
6cc2f4ce-51b1-429e-8138-6028c2a6c126,cbd5ddc7-f07d-46a1-98b7-663b7e4c9432,https://awrznjnofgmlqjiayhoi.supabase.co/storage/v1/object/public/yacht-images/new-yachts/cbd5ddc7-f07d-46a1-98b7-663b7e4c9432/cbd5ddc7-f07d-46a1-98b7-663b7e4c9432-6.jpg,new-yachts/cbd5ddc7-f07d-46a1-98b7-663b7e4c9432/cbd5ddc7-f07d-46a1-98b7-663b7e4c9432-6.jpg,6,2026-04-23 12:57:23.033118+00
6cca680b-10ab-461d-9f70-f343171c2523,7c786725-2810-4b6c-ab69-e4001a918ea0,https://awrznjnofgmlqjiayhoi.supabase.co/storage/v1/object/public/yacht-images/new-yachts/7c786725-2810-4b6c-ab69-e4001a918ea0/7c786725-2810-4b6c-ab69-e4001a918ea0-5.jpg,new-yachts/7c786725-2810-4b6c-ab69-e4001a918ea0/7c786725-2810-4b6c-ab69-e4001a918ea0-5.jpg,5,2026-04-24 13:38:04.215083+00
6ce7279e-f28c-48e8-bae6-4edacf08e8f8,34a9704a-6e5d-48ab-9f0d-7b4fa78fb240,https://awrznjnofgmlqjiayhoi.supabase.co/storage/v1/object/public/yacht-images/new-yachts/34a9704a-6e5d-48ab-9f0d-7b4fa78fb240/34a9704a-6e5d-48ab-9f0d-7b4fa78fb240-1.jpg,new-yachts/34a9704a-6e5d-48ab-9f0d-7b4fa78fb240/34a9704a-6e5d-48ab-9f0d-7b4fa78fb240-1.jpg,1,2026-04-22 18:17:45.220228+00
6cfe061c-f207-4c44-8b16-37b2fa42f9c4,8f11f960-eb3e-464e-a6be-48f557e1d211,https://awrznjnofgmlqjiayhoi.supabase.co/storage/v1/object/public/yacht-images/new-yachts/8f11f960-eb3e-464e-a6be-48f557e1d211/8f11f960-eb3e-464e-a6be-48f557e1d211-8.jpg,new-yachts/8f11f960-eb3e-464e-a6be-48f557e1d211/8f11f960-eb3e-464e-a6be-48f557e1d211-8.jpg,8,2026-04-22 18:44:54.624221+00
6d120a1c-38a7-4b28-8c77-a6457b9be24e,649ce45c-bd0c-4bb4-97e7-fa5da64e4a18,https://awrznjnofgmlqjiayhoi.supabase.co/storage/v1/object/public/yacht-images/new-yachts/649ce45c-bd0c-4bb4-97e7-fa5da64e4a18/649ce45c-bd0c-4bb4-97e7-fa5da64e4a18-2.jpg,new-yachts/649ce45c-bd0c-4bb4-97e7-fa5da64e4a18/649ce45c-bd0c-4bb4-97e7-fa5da64e4a18-2.jpg,2,2026-04-10 12:16:59.460163+00
6d1b419a-90d1-4606-ade5-c762e7490587,46478d58-042a-4ac5-85df-9be0f1f1040e,https://awrznjnofgmlqjiayhoi.supabase.co/storage/v1/object/public/yacht-images/new-yachts/46478d58-042a-4ac5-85df-9be0f1f1040e/46478d58-042a-4ac5-85df-9be0f1f1040e-2.jpg,new-yachts/46478d58-042a-4ac5-85df-9be0f1f1040e/46478d58-042a-4ac5-85df-9be0f1f1040e-2.jpg,2,2026-04-24 18:49:06.582644+00
6d570530-a96c-472f-b6a1-6aa94851f651,6f7d9f4f-3551-4c4b-b5f7-bd5596935016,https://awrznjnofgmlqjiayhoi.supabase.co/storage/v1/object/public/yacht-images/new-yachts/6f7d9f4f-3551-4c4b-b5f7-bd5596935016/6f7d9f4f-3551-4c4b-b5f7-bd5596935016-2.jpg,new-yachts/6f7d9f4f-3551-4c4b-b5f7-bd5596935016/6f7d9f4f-3551-4c4b-b5f7-bd5596935016-2.jpg,2,2026-04-24 00:33:07.161331+00
6d80b66f-9e0a-4deb-917b-dfe0c52285da,62d68832-feb4-47c4-abf4-5ed5ac0ab054,https://awrznjnofgmlqjiayhoi.supabase.co/storage/v1/object/public/yacht-images/new-yachts/62d68832-feb4-47c4-abf4-5ed5ac0ab054/62d68832-feb4-47c4-abf4-5ed5ac0ab054-6.jpg,new-yachts/62d68832-feb4-47c4-abf4-5ed5ac0ab054/62d68832-feb4-47c4-abf4-5ed5ac0ab054-6.jpg,6,2026-04-22 18:16:33.200648+00
6d83fdcd-f468-4855-9af6-36f4cb0a1e5b,31d45aaf-16e9-46ff-8217-871dc1230be2,https://awrznjnofgmlqjiayhoi.supabase.co/storage/v1/object/public/yacht-images/new-yachts/31d45aaf-16e9-46ff-8217-871dc1230be2/31d45aaf-16e9-46ff-8217-871dc1230be2-2.webp,new-yachts/31d45aaf-16e9-46ff-8217-871dc1230be2/31d45aaf-16e9-46ff-8217-871dc1230be2-2.webp,2,2026-03-27 19:59:41.588279+00
6d9fcbc7-820d-43b9-9f48-201500d6d5ea,8d1b8b54-130f-4654-920d-13055151518e,https://awrznjnofgmlqjiayhoi.supabase.co/storage/v1/object/public/yacht-images/new-yachts/8d1b8b54-130f-4654-920d-13055151518e/8d1b8b54-130f-4654-920d-13055151518e-3.webp,new-yachts/8d1b8b54-130f-4654-920d-13055151518e/8d1b8b54-130f-4654-920d-13055151518e-3.webp,3,2026-02-28 19:46:49.764648+00
6e50f099-4e70-42f7-8401-ef23310e1df7,338ef555-03ad-4c67-8ebd-8457ce40ca9e,https://awrznjnofgmlqjiayhoi.supabase.co/storage/v1/object/public/yacht-images/new-yachts/338ef555-03ad-4c67-8ebd-8457ce40ca9e/338ef555-03ad-4c67-8ebd-8457ce40ca9e-10.jpg,new-yachts/338ef555-03ad-4c67-8ebd-8457ce40ca9e/338ef555-03ad-4c67-8ebd-8457ce40ca9e-10.jpg,10,2026-04-24 00:46:26.181608+00
6ea50d6b-ed36-4bcf-9c27-7517a05658fe,7c786725-2810-4b6c-ab69-e4001a918ea0,https://awrznjnofgmlqjiayhoi.supabase.co/storage/v1/object/public/yacht-images/new-yachts/7c786725-2810-4b6c-ab69-e4001a918ea0/7c786725-2810-4b6c-ab69-e4001a918ea0-1.jpg,new-yachts/7c786725-2810-4b6c-ab69-e4001a918ea0/7c786725-2810-4b6c-ab69-e4001a918ea0-1.jpg,1,2026-04-24 13:38:01.190328+00
6eb8de2a-a5df-4d22-be26-34518abbd45f,2dcb8ce7-6e7d-49ec-8c52-067db62ed412,https://awrznjnofgmlqjiayhoi.supabase.co/storage/v1/object/public/yacht-images/new-yachts/2dcb8ce7-6e7d-49ec-8c52-067db62ed412/2dcb8ce7-6e7d-49ec-8c52-067db62ed412-4.jpg,new-yachts/2dcb8ce7-6e7d-49ec-8c52-067db62ed412/2dcb8ce7-6e7d-49ec-8c52-067db62ed412-4.jpg,4,2026-04-24 22:45:09.973456+00
6ec421f9-11b5-4876-b2c5-a93a3183407d,ef48375a-8612-4743-87f7-8e1b9bacadce,https://awrznjnofgmlqjiayhoi.supabase.co/storage/v1/object/public/yacht-images/new-yachts/ef48375a-8612-4743-87f7-8e1b9bacadce/ef48375a-8612-4743-87f7-8e1b9bacadce-4.jpg,new-yachts/ef48375a-8612-4743-87f7-8e1b9bacadce/ef48375a-8612-4743-87f7-8e1b9bacadce-4.jpg,4,2026-04-22 14:44:51.344149+00
6ecfa269-ee77-4ccd-8d50-841d9989ca44,1789ce0b-b617-4357-911e-6152f2799f45,https://awrznjnofgmlqjiayhoi.supabase.co/storage/v1/object/public/yacht-images/new-yachts/1789ce0b-b617-4357-911e-6152f2799f45/1789ce0b-b617-4357-911e-6152f2799f45-5.jpg,new-yachts/1789ce0b-b617-4357-911e-6152f2799f45/1789ce0b-b617-4357-911e-6152f2799f45-5.jpg,5,2026-04-24 00:00:52.553206+00
6eddf43a-268f-445d-90da-83cdc1348641,9f881a02-3e82-42c9-aaf8-ee1094be21d6,https://awrznjnofgmlqjiayhoi.supabase.co/storage/v1/object/public/yacht-images/new-yachts/9f881a02-3e82-42c9-aaf8-ee1094be21d6/9f881a02-3e82-42c9-aaf8-ee1094be21d6-1.jpg,new-yachts/9f881a02-3e82-42c9-aaf8-ee1094be21d6/9f881a02-3e82-42c9-aaf8-ee1094be21d6-1.jpg,1,2026-03-27 20:02:30.431365+00
6f251467-2906-4a18-930e-36f3c230a31b,46478d58-042a-4ac5-85df-9be0f1f1040e,https://awrznjnofgmlqjiayhoi.supabase.co/storage/v1/object/public/yacht-images/new-yachts/46478d58-042a-4ac5-85df-9be0f1f1040e/46478d58-042a-4ac5-85df-9be0f1f1040e-8.jpg,new-yachts/46478d58-042a-4ac5-85df-9be0f1f1040e/46478d58-042a-4ac5-85df-9be0f1f1040e-8.jpg,8,2026-04-24 18:49:11.563222+00
6f2da327-875b-439e-9b05-70143b0c4bf5,7003d27f-6b57-46b0-a81b-704b45d99e4b,https://awrznjnofgmlqjiayhoi.supabase.co/storage/v1/object/public/yacht-images/new-yachts/7003d27f-6b57-46b0-a81b-704b45d99e4b/7003d27f-6b57-46b0-a81b-704b45d99e4b-11.jpg,new-yachts/7003d27f-6b57-46b0-a81b-704b45d99e4b/7003d27f-6b57-46b0-a81b-704b45d99e4b-11.jpg,11,2026-04-23 23:58:03.218865+00
6f693161-10f4-409e-8bca-d1624b1fa92f,ff6db69f-5b1d-4403-a044-83e29b9f2fb1,https://awrznjnofgmlqjiayhoi.supabase.co/storage/v1/object/public/yacht-images/new-yachts/ff6db69f-5b1d-4403-a044-83e29b9f2fb1/ff6db69f-5b1d-4403-a044-83e29b9f2fb1-6.webp,new-yachts/ff6db69f-5b1d-4403-a044-83e29b9f2fb1/ff6db69f-5b1d-4403-a044-83e29b9f2fb1-6.webp,6,2026-03-26 21:36:07.123006+00
6fce00ba-5ae5-479a-967e-9bc56b3e67cb,bab48513-ac52-49e5-b77f-754867d91fee,https://awrznjnofgmlqjiayhoi.supabase.co/storage/v1/object/public/yacht-images/new-yachts/bab48513-ac52-49e5-b77f-754867d91fee/bab48513-ac52-49e5-b77f-754867d91fee-6.jpg,new-yachts/bab48513-ac52-49e5-b77f-754867d91fee/bab48513-ac52-49e5-b77f-754867d91fee-6.jpg,6,2026-04-24 15:54:10.682742+00
6ff0d4b5-11cd-4b05-bf96-679fdcf971df,d43803e9-b003-4476-8e95-055499dd2f2f,https://awrznjnofgmlqjiayhoi.supabase.co/storage/v1/object/public/yacht-images/new-yachts/d43803e9-b003-4476-8e95-055499dd2f2f/d43803e9-b003-4476-8e95-055499dd2f2f-11.jpg,new-yachts/d43803e9-b003-4476-8e95-055499dd2f2f/d43803e9-b003-4476-8e95-055499dd2f2f-11.jpg,11,2026-04-22 18:08:58.460337+00
702ac7d4-c509-4a6d-8be2-a3bdca5ed623,2202596a-f8b5-44c3-ab52-6f4d6cfc8522,https://awrznjnofgmlqjiayhoi.supabase.co/storage/v1/object/public/yacht-images/new-yachts/2202596a-f8b5-44c3-ab52-6f4d6cfc8522/2202596a-f8b5-44c3-ab52-6f4d6cfc8522-8.jpg,new-yachts/2202596a-f8b5-44c3-ab52-6f4d6cfc8522/2202596a-f8b5-44c3-ab52-6f4d6cfc8522-8.jpg,8,2026-04-22 17:24:58.991111+00
70605703-3d21-4bd1-86dc-7605b7fa1662,d498bf47-d0e2-4d72-b4e2-cfed8ea1e453,https://awrznjnofgmlqjiayhoi.supabase.co/storage/v1/object/public/yacht-images/new-yachts/d498bf47-d0e2-4d72-b4e2-cfed8ea1e453/d498bf47-d0e2-4d72-b4e2-cfed8ea1e453-6.jpg,new-yachts/d498bf47-d0e2-4d72-b4e2-cfed8ea1e453/d498bf47-d0e2-4d72-b4e2-cfed8ea1e453-6.jpg,6,2026-04-22 15:18:18.436118+00
70a61483-128f-4840-9779-c338af4df402,6691a397-12b2-4bec-9729-2e36bbeda61a,https://awrznjnofgmlqjiayhoi.supabase.co/storage/v1/object/public/yacht-images/new-yachts/6691a397-12b2-4bec-9729-2e36bbeda61a/6691a397-12b2-4bec-9729-2e36bbeda61a-10.jpg,new-yachts/6691a397-12b2-4bec-9729-2e36bbeda61a/6691a397-12b2-4bec-9729-2e36bbeda61a-10.jpg,10,2026-04-22 18:47:27.453964+00
70b922be-d3d8-498b-8287-7b1d219169fb,72968c30-468e-475b-9c74-a6afb74ff62e,https://awrznjnofgmlqjiayhoi.supabase.co/storage/v1/object/public/yacht-images/new-yachts/72968c30-468e-475b-9c74-a6afb74ff62e/72968c30-468e-475b-9c74-a6afb74ff62e-6.jpg,new-yachts/72968c30-468e-475b-9c74-a6afb74ff62e/72968c30-468e-475b-9c74-a6afb74ff62e-6.jpg,6,2026-04-24 22:13:21.058246+00
70c2d4a8-79b8-4bfc-af00-c6d96c6cf8b8,63ad6431-db18-41ce-b5fe-09ecb9205943,https://awrznjnofgmlqjiayhoi.supabase.co/storage/v1/object/public/yacht-images/new-yachts/63ad6431-db18-41ce-b5fe-09ecb9205943/63ad6431-db18-41ce-b5fe-09ecb9205943-5.jpg,new-yachts/63ad6431-db18-41ce-b5fe-09ecb9205943/63ad6431-db18-41ce-b5fe-09ecb9205943-5.jpg,5,2026-04-23 13:47:21.087884+00
71679735-3281-4617-a919-dc31ddc9ba2a,b71e779a-40eb-4110-b871-8d24a227e42f,https://awrznjnofgmlqjiayhoi.supabase.co/storage/v1/object/public/yacht-images/new-yachts/b71e779a-40eb-4110-b871-8d24a227e42f/b71e779a-40eb-4110-b871-8d24a227e42f-10.jpg,new-yachts/b71e779a-40eb-4110-b871-8d24a227e42f/b71e779a-40eb-4110-b871-8d24a227e42f-10.jpg,10,2026-04-24 18:50:27.527307+00
717edcae-ef46-4a06-8725-ebbe896622a8,036b38ca-3c40-46d2-a5eb-0f44fd933ae7,https://awrznjnofgmlqjiayhoi.supabase.co/storage/v1/object/public/yacht-images/new-yachts/036b38ca-3c40-46d2-a5eb-0f44fd933ae7/036b38ca-3c40-46d2-a5eb-0f44fd933ae7-1.jpg,new-yachts/036b38ca-3c40-46d2-a5eb-0f44fd933ae7/036b38ca-3c40-46d2-a5eb-0f44fd933ae7-1.jpg,1,2026-04-23 12:55:22.285199+00
71ac8f36-fbfc-430f-b51a-1087bcdf1225,4b438c34-210e-49b0-96ad-2a3e9410eb11,https://awrznjnofgmlqjiayhoi.supabase.co/storage/v1/object/public/yacht-images/new-yachts/4b438c34-210e-49b0-96ad-2a3e9410eb11/4b438c34-210e-49b0-96ad-2a3e9410eb11-3.webp,new-yachts/4b438c34-210e-49b0-96ad-2a3e9410eb11/4b438c34-210e-49b0-96ad-2a3e9410eb11-3.webp,3,2026-03-26 21:06:57.62144+00
71bab842-a7da-4af1-adcf-814d0147fa76,2574c261-52de-479f-9ccd-2f833f6ba6d6,https://awrznjnofgmlqjiayhoi.supabase.co/storage/v1/object/public/yacht-images/new-yachts/2574c261-52de-479f-9ccd-2f833f6ba6d6/2574c261-52de-479f-9ccd-2f833f6ba6d6-9.jpg,new-yachts/2574c261-52de-479f-9ccd-2f833f6ba6d6/2574c261-52de-479f-9ccd-2f833f6ba6d6-9.jpg,9,2026-04-22 16:26:12.988738+00
71bdcd2b-0d0e-48e6-928a-923c5a2c6964,1073dc8e-89c9-4598-a274-70645e470923,https://awrznjnofgmlqjiayhoi.supabase.co/storage/v1/object/public/yacht-images/new-yachts/1073dc8e-89c9-4598-a274-70645e470923/1073dc8e-89c9-4598-a274-70645e470923-6.jpg,new-yachts/1073dc8e-89c9-4598-a274-70645e470923/1073dc8e-89c9-4598-a274-70645e470923-6.jpg,6,2026-04-24 00:10:45.378144+00
71d47e38-04e4-481d-8096-5d6c45645bb9,7e2358f5-146e-4bda-8503-bd66b449dc74,https://awrznjnofgmlqjiayhoi.supabase.co/storage/v1/object/public/yacht-images/new-yachts/7e2358f5-146e-4bda-8503-bd66b449dc74/7e2358f5-146e-4bda-8503-bd66b449dc74-1.webp,new-yachts/7e2358f5-146e-4bda-8503-bd66b449dc74/7e2358f5-146e-4bda-8503-bd66b449dc74-1.webp,1,2026-03-12 20:50:16.385544+00
71df132c-da23-4cb3-a7eb-0c0919adb460,c7ebbc0c-5644-4a96-b655-4d364326373e,https://awrznjnofgmlqjiayhoi.supabase.co/storage/v1/object/public/yacht-images/new-yachts/c7ebbc0c-5644-4a96-b655-4d364326373e/c7ebbc0c-5644-4a96-b655-4d364326373e-11.jpg,new-yachts/c7ebbc0c-5644-4a96-b655-4d364326373e/c7ebbc0c-5644-4a96-b655-4d364326373e-11.jpg,11,2026-04-22 18:03:55.688583+00
7208c3f6-235e-4187-86f6-9190fd983acd,58b73dc9-e3f7-45b6-b6bb-05639d77e162,https://awrznjnofgmlqjiayhoi.supabase.co/storage/v1/object/public/yacht-images/new-yachts/58b73dc9-e3f7-45b6-b6bb-05639d77e162/58b73dc9-e3f7-45b6-b6bb-05639d77e162-5.jpg,new-yachts/58b73dc9-e3f7-45b6-b6bb-05639d77e162/58b73dc9-e3f7-45b6-b6bb-05639d77e162-5.jpg,5,2026-04-22 14:37:40.865262+00
72132bee-ab8c-4b33-939e-0278e2754340,e77f9842-d7df-4821-aaea-022f37c657ab,https://awrznjnofgmlqjiayhoi.supabase.co/storage/v1/object/public/yacht-images/new-yachts/e77f9842-d7df-4821-aaea-022f37c657ab/e77f9842-d7df-4821-aaea-022f37c657ab-11.jpg,new-yachts/e77f9842-d7df-4821-aaea-022f37c657ab/e77f9842-d7df-4821-aaea-022f37c657ab-11.jpg,11,2026-04-22 15:02:41.538109+00
7232e4c9-cbeb-487a-8337-16d0263b7c5b,4fb9b399-1afd-4ea0-b598-84b98be9613f,https://awrznjnofgmlqjiayhoi.supabase.co/storage/v1/object/public/yacht-images/new-yachts/4fb9b399-1afd-4ea0-b598-84b98be9613f/4fb9b399-1afd-4ea0-b598-84b98be9613f-5.jpg,new-yachts/4fb9b399-1afd-4ea0-b598-84b98be9613f/4fb9b399-1afd-4ea0-b598-84b98be9613f-5.jpg,5,2026-04-23 09:21:28.101753+00
72439bc1-cb78-46a4-bb2a-d07084fed97c,4fb9b399-1afd-4ea0-b598-84b98be9613f,https://awrznjnofgmlqjiayhoi.supabase.co/storage/v1/object/public/yacht-images/new-yachts/4fb9b399-1afd-4ea0-b598-84b98be9613f/4fb9b399-1afd-4ea0-b598-84b98be9613f-10.jpg,new-yachts/4fb9b399-1afd-4ea0-b598-84b98be9613f/4fb9b399-1afd-4ea0-b598-84b98be9613f-10.jpg,10,2026-04-23 09:21:30.802451+00
72651afc-2cc0-49d1-898a-b07892dd7ca0,bab48513-ac52-49e5-b77f-754867d91fee,https://awrznjnofgmlqjiayhoi.supabase.co/storage/v1/object/public/yacht-images/new-yachts/bab48513-ac52-49e5-b77f-754867d91fee/bab48513-ac52-49e5-b77f-754867d91fee-3.jpg,new-yachts/bab48513-ac52-49e5-b77f-754867d91fee/bab48513-ac52-49e5-b77f-754867d91fee-3.jpg,3,2026-04-24 15:54:08.335995+00
727e0b65-371d-4e2f-98d7-dfc1811d5d4f,a6a12e4a-1f13-40ae-a2d3-5fcc38532e12,https://awrznjnofgmlqjiayhoi.supabase.co/storage/v1/object/public/yacht-images/new-yachts/a6a12e4a-1f13-40ae-a2d3-5fcc38532e12/a6a12e4a-1f13-40ae-a2d3-5fcc38532e12-10.jpg,new-yachts/a6a12e4a-1f13-40ae-a2d3-5fcc38532e12/a6a12e4a-1f13-40ae-a2d3-5fcc38532e12-10.jpg,10,2026-04-22 14:43:19.456412+00
728a9c3e-0039-4a63-953b-a0e121425425,83795779-a646-4c1e-b643-56e99168b304,https://awrznjnofgmlqjiayhoi.supabase.co/storage/v1/object/public/yacht-images/new-yachts/83795779-a646-4c1e-b643-56e99168b304/83795779-a646-4c1e-b643-56e99168b304-9.jpg,new-yachts/83795779-a646-4c1e-b643-56e99168b304/83795779-a646-4c1e-b643-56e99168b304-9.jpg,9,2026-04-22 18:07:52.68381+00
7298fb1c-a438-4428-a0c6-b67be13cab22,2dcb8ce7-6e7d-49ec-8c52-067db62ed412,https://awrznjnofgmlqjiayhoi.supabase.co/storage/v1/object/public/yacht-images/new-yachts/2dcb8ce7-6e7d-49ec-8c52-067db62ed412/2dcb8ce7-6e7d-49ec-8c52-067db62ed412-8.jpg,new-yachts/2dcb8ce7-6e7d-49ec-8c52-067db62ed412/2dcb8ce7-6e7d-49ec-8c52-067db62ed412-8.jpg,8,2026-04-24 22:45:12.674901+00
729ef196-567b-4122-b5a9-3991236e731d,99ef150a-4436-478c-9d40-05c7ebf085b4,https://awrznjnofgmlqjiayhoi.supabase.co/storage/v1/object/public/yacht-images/new-yachts/99ef150a-4436-478c-9d40-05c7ebf085b4/99ef150a-4436-478c-9d40-05c7ebf085b4-10.jpg,new-yachts/99ef150a-4436-478c-9d40-05c7ebf085b4/99ef150a-4436-478c-9d40-05c7ebf085b4-10.jpg,10,2026-04-22 18:27:17.906762+00
72ba1d5f-b67d-434c-9849-30d3d4de6b56,cadd3216-79f0-42b7-9c76-190f169be432,https://awrznjnofgmlqjiayhoi.supabase.co/storage/v1/object/public/yacht-images/new-yachts/cadd3216-79f0-42b7-9c76-190f169be432/cadd3216-79f0-42b7-9c76-190f169be432-8.jpg,new-yachts/cadd3216-79f0-42b7-9c76-190f169be432/cadd3216-79f0-42b7-9c76-190f169be432-8.jpg,8,2026-04-22 15:07:11.229328+00
72e57796-32a9-44a9-ad68-28bc872ea5a9,44637863-e1b1-4505-9f38-065853e6693c,https://awrznjnofgmlqjiayhoi.supabase.co/storage/v1/object/public/yacht-images/new-yachts/44637863-e1b1-4505-9f38-065853e6693c/44637863-e1b1-4505-9f38-065853e6693c-2.jpg,new-yachts/44637863-e1b1-4505-9f38-065853e6693c/44637863-e1b1-4505-9f38-065853e6693c-2.jpg,2,2026-04-22 15:15:24.344485+00
72fc093e-8716-45c3-b5cd-2cde7827305c,81905b1b-c4c4-4345-aaf6-8e7152bfae48,https://awrznjnofgmlqjiayhoi.supabase.co/storage/v1/object/public/yacht-images/new-yachts/81905b1b-c4c4-4345-aaf6-8e7152bfae48/81905b1b-c4c4-4345-aaf6-8e7152bfae48-2.jpg,new-yachts/81905b1b-c4c4-4345-aaf6-8e7152bfae48/81905b1b-c4c4-4345-aaf6-8e7152bfae48-2.jpg,2,2026-04-22 17:09:02.936544+00
7322cf63-cd36-4e26-966c-5b76eca31e92,9e400cb1-773d-4639-9b83-cb70cecf164c,https://awrznjnofgmlqjiayhoi.supabase.co/storage/v1/object/public/yacht-images/new-yachts/9e400cb1-773d-4639-9b83-cb70cecf164c/9e400cb1-773d-4639-9b83-cb70cecf164c-6.jpg,new-yachts/9e400cb1-773d-4639-9b83-cb70cecf164c/9e400cb1-773d-4639-9b83-cb70cecf164c-6.jpg,6,2026-04-24 19:55:59.522888+00
73379c04-22c5-4876-8798-76202c363da3,6ba7e223-391d-4e9a-8228-0001d2b8ad99,https://awrznjnofgmlqjiayhoi.supabase.co/storage/v1/object/public/yacht-images/new-yachts/6ba7e223-391d-4e9a-8228-0001d2b8ad99/6ba7e223-391d-4e9a-8228-0001d2b8ad99-7.jpg,new-yachts/6ba7e223-391d-4e9a-8228-0001d2b8ad99/6ba7e223-391d-4e9a-8228-0001d2b8ad99-7.jpg,7,2026-04-24 00:04:34.890738+00
734c280b-a702-4b34-b2a2-4b4815801425,6f7d9f4f-3551-4c4b-b5f7-bd5596935016,https://awrznjnofgmlqjiayhoi.supabase.co/storage/v1/object/public/yacht-images/new-yachts/6f7d9f4f-3551-4c4b-b5f7-bd5596935016/6f7d9f4f-3551-4c4b-b5f7-bd5596935016-4.jpg,new-yachts/6f7d9f4f-3551-4c4b-b5f7-bd5596935016/6f7d9f4f-3551-4c4b-b5f7-bd5596935016-4.jpg,4,2026-04-24 00:33:08.744693+00
73558936-5cbe-4df8-80cb-679883ccda74,044f0cd0-401b-4f8f-b83f-727774222f6e,https://awrznjnofgmlqjiayhoi.supabase.co/storage/v1/object/public/yacht-images/new-yachts/044f0cd0-401b-4f8f-b83f-727774222f6e/044f0cd0-401b-4f8f-b83f-727774222f6e-9.jpg,new-yachts/044f0cd0-401b-4f8f-b83f-727774222f6e/044f0cd0-401b-4f8f-b83f-727774222f6e-9.jpg,9,2026-04-23 09:20:32.910373+00
73646da5-abb2-40ab-ba67-d7903a165b42,44637863-e1b1-4505-9f38-065853e6693c,https://awrznjnofgmlqjiayhoi.supabase.co/storage/v1/object/public/yacht-images/new-yachts/44637863-e1b1-4505-9f38-065853e6693c/44637863-e1b1-4505-9f38-065853e6693c-1.jpg,new-yachts/44637863-e1b1-4505-9f38-065853e6693c/44637863-e1b1-4505-9f38-065853e6693c-1.jpg,1,2026-04-22 15:15:23.770999+00
736b9d2d-658f-408b-aed4-6a55470fe507,d8c51b24-2426-4721-96b7-5d34d56e8800,https://awrznjnofgmlqjiayhoi.supabase.co/storage/v1/object/public/yacht-images/new-yachts/d8c51b24-2426-4721-96b7-5d34d56e8800/d8c51b24-2426-4721-96b7-5d34d56e8800-4.jpg,new-yachts/d8c51b24-2426-4721-96b7-5d34d56e8800/d8c51b24-2426-4721-96b7-5d34d56e8800-4.jpg,4,2026-04-22 15:05:13.048307+00
7371d6b9-906c-436c-a13c-b58a2fd583d0,d42486ba-023e-4f5b-a7fe-6e39dc51969d,https://awrznjnofgmlqjiayhoi.supabase.co/storage/v1/object/public/yacht-images/new-yachts/d42486ba-023e-4f5b-a7fe-6e39dc51969d/d42486ba-023e-4f5b-a7fe-6e39dc51969d-1.jpg,new-yachts/d42486ba-023e-4f5b-a7fe-6e39dc51969d/d42486ba-023e-4f5b-a7fe-6e39dc51969d-1.jpg,1,2026-03-26 21:28:34.676628+00
73b9e58b-d70a-409d-9008-b4be48ec9945,f0238dcf-548b-4271-af4f-cb068b72d462,https://awrznjnofgmlqjiayhoi.supabase.co/storage/v1/object/public/yacht-images/new-yachts/f0238dcf-548b-4271-af4f-cb068b72d462/f0238dcf-548b-4271-af4f-cb068b72d462-7.jpg,new-yachts/f0238dcf-548b-4271-af4f-cb068b72d462/f0238dcf-548b-4271-af4f-cb068b72d462-7.jpg,7,2026-04-22 13:24:10.176972+00
73c70c29-e228-4253-8584-acba82632e65,62d68832-feb4-47c4-abf4-5ed5ac0ab054,https://awrznjnofgmlqjiayhoi.supabase.co/storage/v1/object/public/yacht-images/new-yachts/62d68832-feb4-47c4-abf4-5ed5ac0ab054/62d68832-feb4-47c4-abf4-5ed5ac0ab054-9.jpg,new-yachts/62d68832-feb4-47c4-abf4-5ed5ac0ab054/62d68832-feb4-47c4-abf4-5ed5ac0ab054-9.jpg,9,2026-04-22 18:16:35.19581+00
73d9677f-5517-4eb3-8e49-f4f9acac53e6,4c428a0f-213e-4899-b826-1f110b9fee53,https://awrznjnofgmlqjiayhoi.supabase.co/storage/v1/object/public/yacht-images/new-yachts/4c428a0f-213e-4899-b826-1f110b9fee53/4c428a0f-213e-4899-b826-1f110b9fee53-10.jpg,new-yachts/4c428a0f-213e-4899-b826-1f110b9fee53/4c428a0f-213e-4899-b826-1f110b9fee53-10.jpg,10,2026-04-23 09:23:18.12265+00
73fa6301-5cbf-4033-8e87-dc755aabf91d,c3661269-98db-4434-968d-fcc49da5955d,https://awrznjnofgmlqjiayhoi.supabase.co/storage/v1/object/public/yacht-images/new-yachts/c3661269-98db-4434-968d-fcc49da5955d/c3661269-98db-4434-968d-fcc49da5955d-2.jpg,new-yachts/c3661269-98db-4434-968d-fcc49da5955d/c3661269-98db-4434-968d-fcc49da5955d-2.jpg,2,2026-04-24 00:37:20.672928+00
7407bd97-8348-49bc-9ad1-dade64990786,cf884b59-eebf-427e-b547-f2bde54c5d89,https://awrznjnofgmlqjiayhoi.supabase.co/storage/v1/object/public/yacht-images/new-yachts/cf884b59-eebf-427e-b547-f2bde54c5d89/cf884b59-eebf-427e-b547-f2bde54c5d89-8.jpg,new-yachts/cf884b59-eebf-427e-b547-f2bde54c5d89/cf884b59-eebf-427e-b547-f2bde54c5d89-8.jpg,8,2026-04-24 22:32:29.090382+00
7408511f-282b-4a4c-9113-6b9232b8600d,2dcb8ce7-6e7d-49ec-8c52-067db62ed412,https://awrznjnofgmlqjiayhoi.supabase.co/storage/v1/object/public/yacht-images/new-yachts/2dcb8ce7-6e7d-49ec-8c52-067db62ed412/2dcb8ce7-6e7d-49ec-8c52-067db62ed412-5.jpg,new-yachts/2dcb8ce7-6e7d-49ec-8c52-067db62ed412/2dcb8ce7-6e7d-49ec-8c52-067db62ed412-5.jpg,5,2026-04-24 22:45:10.642753+00
74236c16-40cf-4887-abf5-75486142fcb8,fcf426c3-3c17-432e-a047-296441911089,https://awrznjnofgmlqjiayhoi.supabase.co/storage/v1/object/public/yacht-images/new-yachts/fcf426c3-3c17-432e-a047-296441911089/fcf426c3-3c17-432e-a047-296441911089-10.jpg,new-yachts/fcf426c3-3c17-432e-a047-296441911089/fcf426c3-3c17-432e-a047-296441911089-10.jpg,10,2026-04-24 00:35:34.929375+00
74400650-15e1-480d-bac7-736286ac2593,fe0f8ae5-08da-4999-9686-3eebe0c23f7a,https://awrznjnofgmlqjiayhoi.supabase.co/storage/v1/object/public/yacht-images/new-yachts/fe0f8ae5-08da-4999-9686-3eebe0c23f7a/fe0f8ae5-08da-4999-9686-3eebe0c23f7a-1.jpg,new-yachts/fe0f8ae5-08da-4999-9686-3eebe0c23f7a/fe0f8ae5-08da-4999-9686-3eebe0c23f7a-1.jpg,1,2026-03-27 19:24:31.84438+00
745dec88-dde5-43a7-87b8-89f1308af557,2202596a-f8b5-44c3-ab52-6f4d6cfc8522,https://awrznjnofgmlqjiayhoi.supabase.co/storage/v1/object/public/yacht-images/new-yachts/2202596a-f8b5-44c3-ab52-6f4d6cfc8522/2202596a-f8b5-44c3-ab52-6f4d6cfc8522-9.jpg,new-yachts/2202596a-f8b5-44c3-ab52-6f4d6cfc8522/2202596a-f8b5-44c3-ab52-6f4d6cfc8522-9.jpg,9,2026-04-22 17:24:59.679467+00
757a4e66-6c7f-4643-b6df-d386e148f118,c26bce67-f8bb-42b4-849a-aa60780a660f,https://awrznjnofgmlqjiayhoi.supabase.co/storage/v1/object/public/yacht-images/new-yachts/c26bce67-f8bb-42b4-849a-aa60780a660f/c26bce67-f8bb-42b4-849a-aa60780a660f-7.jpg,new-yachts/c26bce67-f8bb-42b4-849a-aa60780a660f/c26bce67-f8bb-42b4-849a-aa60780a660f-7.jpg,7,2026-04-24 21:28:04.975819+00
75832174-1a3f-4c59-b747-b289b994288d,c96d4ad4-068c-4543-8548-9bee6a9e902f,https://awrznjnofgmlqjiayhoi.supabase.co/storage/v1/object/public/yacht-images/new-yachts/c96d4ad4-068c-4543-8548-9bee6a9e902f/c96d4ad4-068c-4543-8548-9bee6a9e902f-4.jpg,new-yachts/c96d4ad4-068c-4543-8548-9bee6a9e902f/c96d4ad4-068c-4543-8548-9bee6a9e902f-4.jpg,4,2026-04-23 10:17:52.715827+00
758f410d-9a53-47ea-b94c-5be059556a17,8a77f565-5102-400b-8aa3-31584a24881f,https://awrznjnofgmlqjiayhoi.supabase.co/storage/v1/object/public/yacht-images/new-yachts/8a77f565-5102-400b-8aa3-31584a24881f/8a77f565-5102-400b-8aa3-31584a24881f-5.jpg,new-yachts/8a77f565-5102-400b-8aa3-31584a24881f/8a77f565-5102-400b-8aa3-31584a24881f-5.jpg,5,2026-04-22 18:25:13.777274+00
75932564-e3e3-461a-954b-a2f5cb8536dd,942682e5-0ff5-4cab-af32-707ca61c402c,https://awrznjnofgmlqjiayhoi.supabase.co/storage/v1/object/public/yacht-images/new-yachts/942682e5-0ff5-4cab-af32-707ca61c402c/942682e5-0ff5-4cab-af32-707ca61c402c-9.jpg,new-yachts/942682e5-0ff5-4cab-af32-707ca61c402c/942682e5-0ff5-4cab-af32-707ca61c402c-9.jpg,9,2026-04-08 10:24:57.119258+00
7596ea74-e3c0-431e-bd3e-1125bd4a70f2,f9904641-715e-47d0-a6b0-3b971b5da052,https://awrznjnofgmlqjiayhoi.supabase.co/storage/v1/object/public/yacht-images/new-yachts/f9904641-715e-47d0-a6b0-3b971b5da052/f9904641-715e-47d0-a6b0-3b971b5da052-7.jpg,new-yachts/f9904641-715e-47d0-a6b0-3b971b5da052/f9904641-715e-47d0-a6b0-3b971b5da052-7.jpg,7,2026-04-22 17:58:03.762967+00
75b7286f-e124-4ed6-b0ab-9cc176ef7045,048be10f-7f58-4426-858b-64c0cb21305c,https://awrznjnofgmlqjiayhoi.supabase.co/storage/v1/object/public/yacht-images/new-yachts/048be10f-7f58-4426-858b-64c0cb21305c/048be10f-7f58-4426-858b-64c0cb21305c-2.webp,new-yachts/048be10f-7f58-4426-858b-64c0cb21305c/048be10f-7f58-4426-858b-64c0cb21305c-2.webp,2,2026-03-27 20:01:56.894543+00
75c41846-8b34-4699-a63f-dc2c6466b79b,b05aa56a-a6ba-4e1f-b64c-722a554ef536,https://awrznjnofgmlqjiayhoi.supabase.co/storage/v1/object/public/yacht-images/new-yachts/b05aa56a-a6ba-4e1f-b64c-722a554ef536/b05aa56a-a6ba-4e1f-b64c-722a554ef536-3.jpg,new-yachts/b05aa56a-a6ba-4e1f-b64c-722a554ef536/b05aa56a-a6ba-4e1f-b64c-722a554ef536-3.jpg,3,2026-04-22 16:58:34.732564+00
75c8eb34-90db-443e-8b1f-e85f712e992b,f4b8122c-8b42-473d-bec4-396b5cf3471c,https://awrznjnofgmlqjiayhoi.supabase.co/storage/v1/object/public/yacht-images/new-yachts/f4b8122c-8b42-473d-bec4-396b5cf3471c/f4b8122c-8b42-473d-bec4-396b5cf3471c-3.webp,new-yachts/f4b8122c-8b42-473d-bec4-396b5cf3471c/f4b8122c-8b42-473d-bec4-396b5cf3471c-3.webp,3,2026-03-13 10:29:03.385713+00
760333b2-7ad7-4465-b1f0-5f95da571811,102e63a3-5829-440b-91c7-fbbb909decf6,https://awrznjnofgmlqjiayhoi.supabase.co/storage/v1/object/public/yacht-images/new-yachts/102e63a3-5829-440b-91c7-fbbb909decf6/102e63a3-5829-440b-91c7-fbbb909decf6-4.jpg,new-yachts/102e63a3-5829-440b-91c7-fbbb909decf6/102e63a3-5829-440b-91c7-fbbb909decf6-4.jpg,4,2026-04-22 18:19:22.963077+00
760ebe0a-f30d-42d6-bdf6-eb34000d8c49,15b49175-2c23-45b4-ae75-868c180ffcb1,https://awrznjnofgmlqjiayhoi.supabase.co/storage/v1/object/public/yacht-images/new-yachts/15b49175-2c23-45b4-ae75-868c180ffcb1/15b49175-2c23-45b4-ae75-868c180ffcb1-4.jpg,new-yachts/15b49175-2c23-45b4-ae75-868c180ffcb1/15b49175-2c23-45b4-ae75-868c180ffcb1-4.jpg,4,2026-04-08 12:50:58.427043+00
761f1f87-a2b6-4c23-9bf3-719e1db8ab76,173fb8d6-c365-471d-aa65-ae65f21664a3,https://awrznjnofgmlqjiayhoi.supabase.co/storage/v1/object/public/yacht-images/new-yachts/173fb8d6-c365-471d-aa65-ae65f21664a3/173fb8d6-c365-471d-aa65-ae65f21664a3-8.jpg,new-yachts/173fb8d6-c365-471d-aa65-ae65f21664a3/173fb8d6-c365-471d-aa65-ae65f21664a3-8.jpg,8,2026-04-22 18:36:17.408636+00
762dc558-5d09-41be-8b89-ca78110daf53,c238eaae-8820-4056-9ffe-a5f14320a23a,https://awrznjnofgmlqjiayhoi.supabase.co/storage/v1/object/public/yacht-images/new-yachts/c238eaae-8820-4056-9ffe-a5f14320a23a/c238eaae-8820-4056-9ffe-a5f14320a23a-11.jpg,new-yachts/c238eaae-8820-4056-9ffe-a5f14320a23a/c238eaae-8820-4056-9ffe-a5f14320a23a-11.jpg,11,2026-04-22 17:35:17.218669+00
765352a9-9c25-4967-9a7f-3041d7598046,3011de4f-421b-4c6e-9433-a9f0417d7d89,https://awrznjnofgmlqjiayhoi.supabase.co/storage/v1/object/public/yacht-images/new-yachts/3011de4f-421b-4c6e-9433-a9f0417d7d89/3011de4f-421b-4c6e-9433-a9f0417d7d89-3.jpg,new-yachts/3011de4f-421b-4c6e-9433-a9f0417d7d89/3011de4f-421b-4c6e-9433-a9f0417d7d89-3.jpg,3,2026-04-22 14:51:01.351464+00
76a07d93-9a60-422a-87d9-f6894308c107,a8d19c2b-a5f4-4fd2-ae34-4b4128a138e3,https://awrznjnofgmlqjiayhoi.supabase.co/storage/v1/object/public/yacht-images/new-yachts/a8d19c2b-a5f4-4fd2-ae34-4b4128a138e3/a8d19c2b-a5f4-4fd2-ae34-4b4128a138e3-9.jpg,new-yachts/a8d19c2b-a5f4-4fd2-ae34-4b4128a138e3/a8d19c2b-a5f4-4fd2-ae34-4b4128a138e3-9.jpg,9,2026-04-22 17:31:37.655745+00
76c2002b-dbec-41e3-bca7-23c8b00f7e59,b2cf654e-3d47-4d8a-893e-cccecaa359ac,https://awrznjnofgmlqjiayhoi.supabase.co/storage/v1/object/public/yacht-images/new-yachts/b2cf654e-3d47-4d8a-893e-cccecaa359ac/b2cf654e-3d47-4d8a-893e-cccecaa359ac-3.jpg,new-yachts/b2cf654e-3d47-4d8a-893e-cccecaa359ac/b2cf654e-3d47-4d8a-893e-cccecaa359ac-3.jpg,3,2026-04-22 18:10:13.873526+00
76e3afc6-4be1-47ae-87ec-7ad7ee346c24,102e63a3-5829-440b-91c7-fbbb909decf6,https://awrznjnofgmlqjiayhoi.supabase.co/storage/v1/object/public/yacht-images/new-yachts/102e63a3-5829-440b-91c7-fbbb909decf6/102e63a3-5829-440b-91c7-fbbb909decf6-7.jpg,new-yachts/102e63a3-5829-440b-91c7-fbbb909decf6/102e63a3-5829-440b-91c7-fbbb909decf6-7.jpg,7,2026-04-22 18:19:25.166136+00
77ae00f8-7622-4a13-aa6e-ea465591fb5b,4c428a0f-213e-4899-b826-1f110b9fee53,https://awrznjnofgmlqjiayhoi.supabase.co/storage/v1/object/public/yacht-images/new-yachts/4c428a0f-213e-4899-b826-1f110b9fee53/4c428a0f-213e-4899-b826-1f110b9fee53-1.jpg,new-yachts/4c428a0f-213e-4899-b826-1f110b9fee53/4c428a0f-213e-4899-b826-1f110b9fee53-1.jpg,1,2026-04-23 09:23:13.008041+00
77c4f13c-a58b-4b21-9d7f-a5ba041d7aaa,24bfce86-bd6a-49a2-8c6d-f3defd842949,https://awrznjnofgmlqjiayhoi.supabase.co/storage/v1/object/public/yacht-images/new-yachts/24bfce86-bd6a-49a2-8c6d-f3defd842949/24bfce86-bd6a-49a2-8c6d-f3defd842949-8.jpg,new-yachts/24bfce86-bd6a-49a2-8c6d-f3defd842949/24bfce86-bd6a-49a2-8c6d-f3defd842949-8.jpg,8,2026-04-24 00:48:56.708807+00
77d89104-25d1-4a25-80dd-4febe747dab7,9bb11399-c9d0-426a-b423-506c3373bf26,https://awrznjnofgmlqjiayhoi.supabase.co/storage/v1/object/public/yacht-images/new-yachts/9bb11399-c9d0-426a-b423-506c3373bf26/9bb11399-c9d0-426a-b423-506c3373bf26-10.jpg,new-yachts/9bb11399-c9d0-426a-b423-506c3373bf26/9bb11399-c9d0-426a-b423-506c3373bf26-10.jpg,10,2026-04-22 18:33:48.530745+00
77d8fdc8-877e-4ea9-9959-81384f29e55b,e9027657-7dcb-4ff3-993b-ee589e17b607,https://awrznjnofgmlqjiayhoi.supabase.co/storage/v1/object/public/yacht-images/new-yachts/e9027657-7dcb-4ff3-993b-ee589e17b607/e9027657-7dcb-4ff3-993b-ee589e17b607-2.jpg,new-yachts/e9027657-7dcb-4ff3-993b-ee589e17b607/e9027657-7dcb-4ff3-993b-ee589e17b607-2.jpg,2,2026-04-23 09:00:13.685069+00
781a2a84-210b-44e2-b1ae-785bebc2a642,c26bce67-f8bb-42b4-849a-aa60780a660f,https://awrznjnofgmlqjiayhoi.supabase.co/storage/v1/object/public/yacht-images/new-yachts/c26bce67-f8bb-42b4-849a-aa60780a660f/c26bce67-f8bb-42b4-849a-aa60780a660f-6.jpg,new-yachts/c26bce67-f8bb-42b4-849a-aa60780a660f/c26bce67-f8bb-42b4-849a-aa60780a660f-6.jpg,6,2026-04-24 21:28:04.347882+00
782e5b00-320c-4d98-8371-a2fb66d0f227,f4b8122c-8b42-473d-bec4-396b5cf3471c,https://awrznjnofgmlqjiayhoi.supabase.co/storage/v1/object/public/yacht-images/new-yachts/f4b8122c-8b42-473d-bec4-396b5cf3471c/f4b8122c-8b42-473d-bec4-396b5cf3471c-5.webp,new-yachts/f4b8122c-8b42-473d-bec4-396b5cf3471c/f4b8122c-8b42-473d-bec4-396b5cf3471c-5.webp,5,2026-03-13 10:29:04.222304+00
7835f976-56ec-454f-8ac9-a2532ddd0e2b,e77f9842-d7df-4821-aaea-022f37c657ab,https://awrznjnofgmlqjiayhoi.supabase.co/storage/v1/object/public/yacht-images/new-yachts/e77f9842-d7df-4821-aaea-022f37c657ab/e77f9842-d7df-4821-aaea-022f37c657ab-9.jpg,new-yachts/e77f9842-d7df-4821-aaea-022f37c657ab/e77f9842-d7df-4821-aaea-022f37c657ab-9.jpg,9,2026-04-22 15:02:39.294555+00
783d4627-177a-42b8-b7b6-5d220ff16114,9e400cb1-773d-4639-9b83-cb70cecf164c,https://awrznjnofgmlqjiayhoi.supabase.co/storage/v1/object/public/yacht-images/new-yachts/9e400cb1-773d-4639-9b83-cb70cecf164c/9e400cb1-773d-4639-9b83-cb70cecf164c-8.jpg,new-yachts/9e400cb1-773d-4639-9b83-cb70cecf164c/9e400cb1-773d-4639-9b83-cb70cecf164c-8.jpg,8,2026-04-24 19:56:00.981838+00
784dbb71-a7ea-4ed7-92af-b5f9dba9a9ca,a6a12e4a-1f13-40ae-a2d3-5fcc38532e12,https://awrznjnofgmlqjiayhoi.supabase.co/storage/v1/object/public/yacht-images/new-yachts/a6a12e4a-1f13-40ae-a2d3-5fcc38532e12/a6a12e4a-1f13-40ae-a2d3-5fcc38532e12-1.jpg,new-yachts/a6a12e4a-1f13-40ae-a2d3-5fcc38532e12/a6a12e4a-1f13-40ae-a2d3-5fcc38532e12-1.jpg,1,2026-04-22 14:43:13.807215+00
78617ef3-3976-45ee-b65b-224128d0a569,6eb971f0-6cf7-451c-abf5-4cc2727165fc,https://awrznjnofgmlqjiayhoi.supabase.co/storage/v1/object/public/yacht-images/new-yachts/6eb971f0-6cf7-451c-abf5-4cc2727165fc/6eb971f0-6cf7-451c-abf5-4cc2727165fc-1.jpg,new-yachts/6eb971f0-6cf7-451c-abf5-4cc2727165fc/6eb971f0-6cf7-451c-abf5-4cc2727165fc-1.jpg,1,2026-03-26 21:12:20.954844+00
78b5a23d-93e6-4823-888c-c921dd78dc6f,1073dc8e-89c9-4598-a274-70645e470923,https://awrznjnofgmlqjiayhoi.supabase.co/storage/v1/object/public/yacht-images/new-yachts/1073dc8e-89c9-4598-a274-70645e470923/1073dc8e-89c9-4598-a274-70645e470923-7.jpg,new-yachts/1073dc8e-89c9-4598-a274-70645e470923/1073dc8e-89c9-4598-a274-70645e470923-7.jpg,7,2026-04-24 00:10:46.147708+00
78d28c64-b968-48aa-a1c2-1a47c8c724c3,34a9704a-6e5d-48ab-9f0d-7b4fa78fb240,https://awrznjnofgmlqjiayhoi.supabase.co/storage/v1/object/public/yacht-images/new-yachts/34a9704a-6e5d-48ab-9f0d-7b4fa78fb240/34a9704a-6e5d-48ab-9f0d-7b4fa78fb240-6.jpg,new-yachts/34a9704a-6e5d-48ab-9f0d-7b4fa78fb240/34a9704a-6e5d-48ab-9f0d-7b4fa78fb240-6.jpg,6,2026-04-22 18:17:48.6905+00
78d9d9bc-074b-479a-af88-85b544dd6df9,d498bf47-d0e2-4d72-b4e2-cfed8ea1e453,https://awrznjnofgmlqjiayhoi.supabase.co/storage/v1/object/public/yacht-images/new-yachts/d498bf47-d0e2-4d72-b4e2-cfed8ea1e453/d498bf47-d0e2-4d72-b4e2-cfed8ea1e453-1.jpg,new-yachts/d498bf47-d0e2-4d72-b4e2-cfed8ea1e453/d498bf47-d0e2-4d72-b4e2-cfed8ea1e453-1.jpg,1,2026-04-22 15:18:15.585584+00
78e877af-9d54-4c33-9d69-ae73094374c6,00f407c0-a7b1-4072-8165-acc95c322bae,https://awrznjnofgmlqjiayhoi.supabase.co/storage/v1/object/public/yacht-images/new-yachts/00f407c0-a7b1-4072-8165-acc95c322bae/00f407c0-a7b1-4072-8165-acc95c322bae-5.jpg,new-yachts/00f407c0-a7b1-4072-8165-acc95c322bae/00f407c0-a7b1-4072-8165-acc95c322bae-5.jpg,5,2026-04-24 21:47:01.352783+00
78ea927b-3d16-41bc-b158-ee8464b1dfee,34a9704a-6e5d-48ab-9f0d-7b4fa78fb240,https://awrznjnofgmlqjiayhoi.supabase.co/storage/v1/object/public/yacht-images/new-yachts/34a9704a-6e5d-48ab-9f0d-7b4fa78fb240/34a9704a-6e5d-48ab-9f0d-7b4fa78fb240-7.jpg,new-yachts/34a9704a-6e5d-48ab-9f0d-7b4fa78fb240/34a9704a-6e5d-48ab-9f0d-7b4fa78fb240-7.jpg,7,2026-04-22 18:17:49.37182+00
78f6295c-32a8-4315-ba2f-f84e8207b844,3be4e810-053d-4854-b2ae-708b86082bac,https://awrznjnofgmlqjiayhoi.supabase.co/storage/v1/object/public/yacht-images/new-yachts/3be4e810-053d-4854-b2ae-708b86082bac/3be4e810-053d-4854-b2ae-708b86082bac-10.jpg,new-yachts/3be4e810-053d-4854-b2ae-708b86082bac/3be4e810-053d-4854-b2ae-708b86082bac-10.jpg,10,2026-04-24 00:26:54.459355+00
7936cd62-8238-42b7-aa7a-dd636cada295,77df49d2-ba0a-41af-930e-563752714ead,https://awrznjnofgmlqjiayhoi.supabase.co/storage/v1/object/public/yacht-images/new-yachts/77df49d2-ba0a-41af-930e-563752714ead/77df49d2-ba0a-41af-930e-563752714ead-5.jpg,new-yachts/77df49d2-ba0a-41af-930e-563752714ead/77df49d2-ba0a-41af-930e-563752714ead-5.jpg,5,2026-04-22 18:28:28.500886+00
79535fc6-8342-4896-9451-97a76566b13a,c238eaae-8820-4056-9ffe-a5f14320a23a,https://awrznjnofgmlqjiayhoi.supabase.co/storage/v1/object/public/yacht-images/new-yachts/c238eaae-8820-4056-9ffe-a5f14320a23a/c238eaae-8820-4056-9ffe-a5f14320a23a-3.jpg,new-yachts/c238eaae-8820-4056-9ffe-a5f14320a23a/c238eaae-8820-4056-9ffe-a5f14320a23a-3.jpg,3,2026-04-22 17:35:11.534288+00
7966f68d-cab2-4079-8ce5-c11275561d5e,34140b13-e5f4-4042-8f03-49390da36148,https://awrznjnofgmlqjiayhoi.supabase.co/storage/v1/object/public/yacht-images/new-yachts/34140b13-e5f4-4042-8f03-49390da36148/34140b13-e5f4-4042-8f03-49390da36148-1.jpg,new-yachts/34140b13-e5f4-4042-8f03-49390da36148/34140b13-e5f4-4042-8f03-49390da36148-1.jpg,1,2026-04-23 19:12:01.470611+00
797fcffb-2903-4dad-ada2-2339eec19a3e,b2cf654e-3d47-4d8a-893e-cccecaa359ac,https://awrznjnofgmlqjiayhoi.supabase.co/storage/v1/object/public/yacht-images/new-yachts/b2cf654e-3d47-4d8a-893e-cccecaa359ac/b2cf654e-3d47-4d8a-893e-cccecaa359ac-6.jpg,new-yachts/b2cf654e-3d47-4d8a-893e-cccecaa359ac/b2cf654e-3d47-4d8a-893e-cccecaa359ac-6.jpg,6,2026-04-22 18:10:16.042122+00
79842f84-28f9-400e-9789-f8d8b51f41c6,3b566a87-1f34-4f83-8f51-8fc988f9d292,https://awrznjnofgmlqjiayhoi.supabase.co/storage/v1/object/public/yacht-images/new-yachts/3b566a87-1f34-4f83-8f51-8fc988f9d292/3b566a87-1f34-4f83-8f51-8fc988f9d292-10.jpg,new-yachts/3b566a87-1f34-4f83-8f51-8fc988f9d292/3b566a87-1f34-4f83-8f51-8fc988f9d292-10.jpg,10,2026-04-23 09:09:36.271905+00
79ef5e75-09ae-4560-b41a-413903c6abbc,20d0e3b6-8f8c-442c-84b9-d6b0ec964c8d,https://awrznjnofgmlqjiayhoi.supabase.co/storage/v1/object/public/yacht-images/new-yachts/20d0e3b6-8f8c-442c-84b9-d6b0ec964c8d/20d0e3b6-8f8c-442c-84b9-d6b0ec964c8d-2.jpg,new-yachts/20d0e3b6-8f8c-442c-84b9-d6b0ec964c8d/20d0e3b6-8f8c-442c-84b9-d6b0ec964c8d-2.jpg,2,2026-04-22 16:23:02.60133+00
7a0384a1-cdd0-4b86-a1dc-3f1147e15568,eb2fce67-a66b-40a5-94ae-50cceec70566,https://awrznjnofgmlqjiayhoi.supabase.co/storage/v1/object/public/yacht-images/new-yachts/eb2fce67-a66b-40a5-94ae-50cceec70566/eb2fce67-a66b-40a5-94ae-50cceec70566-5.jpg,new-yachts/eb2fce67-a66b-40a5-94ae-50cceec70566/eb2fce67-a66b-40a5-94ae-50cceec70566-5.jpg,5,2026-04-22 17:07:10.497197+00
7a1be856-c184-434d-a4b6-3715b12eb9ba,6e0f032a-5b3d-4e98-9c92-6340d241d053,https://awrznjnofgmlqjiayhoi.supabase.co/storage/v1/object/public/yacht-images/new-yachts/6e0f032a-5b3d-4e98-9c92-6340d241d053/6e0f032a-5b3d-4e98-9c92-6340d241d053-1.jpg,new-yachts/6e0f032a-5b3d-4e98-9c92-6340d241d053/6e0f032a-5b3d-4e98-9c92-6340d241d053-1.jpg,1,2026-04-15 15:46:50.1182+00
7a2293dc-1528-47b5-a8f1-4ef61e3114d0,f0238dcf-548b-4271-af4f-cb068b72d462,https://awrznjnofgmlqjiayhoi.supabase.co/storage/v1/object/public/yacht-images/new-yachts/f0238dcf-548b-4271-af4f-cb068b72d462/f0238dcf-548b-4271-af4f-cb068b72d462-8.jpg,new-yachts/f0238dcf-548b-4271-af4f-cb068b72d462/f0238dcf-548b-4271-af4f-cb068b72d462-8.jpg,8,2026-04-22 13:24:11.048982+00
7a27ecde-67b5-4ab2-a442-622373dff4f6,245f9376-5d0c-4d01-9edb-8b2357d16aca,https://awrznjnofgmlqjiayhoi.supabase.co/storage/v1/object/public/yacht-images/new-yachts/245f9376-5d0c-4d01-9edb-8b2357d16aca/245f9376-5d0c-4d01-9edb-8b2357d16aca-7.jpg,new-yachts/245f9376-5d0c-4d01-9edb-8b2357d16aca/245f9376-5d0c-4d01-9edb-8b2357d16aca-7.jpg,7,2026-04-24 00:21:22.556453+00
7a63f807-434d-43ef-b811-762e9b307d03,eb4c00ef-9609-4812-b38a-eb3742333511,https://awrznjnofgmlqjiayhoi.supabase.co/storage/v1/object/public/yacht-images/new-yachts/eb4c00ef-9609-4812-b38a-eb3742333511/eb4c00ef-9609-4812-b38a-eb3742333511-3.jpg,new-yachts/eb4c00ef-9609-4812-b38a-eb3742333511/eb4c00ef-9609-4812-b38a-eb3742333511-3.jpg,3,2026-04-22 17:03:21.22037+00
7a67b5cc-ce88-403e-8495-236dd7dcf8b6,0e381fe0-3d2f-401e-a912-3660d72aa7b2,https://awrznjnofgmlqjiayhoi.supabase.co/storage/v1/object/public/yacht-images/new-yachts/0e381fe0-3d2f-401e-a912-3660d72aa7b2/0e381fe0-3d2f-401e-a912-3660d72aa7b2-2.jpg,new-yachts/0e381fe0-3d2f-401e-a912-3660d72aa7b2/0e381fe0-3d2f-401e-a912-3660d72aa7b2-2.jpg,2,2026-04-22 18:11:11.736014+00
7a8601a6-4641-4cd1-b10a-8febcc13f805,fcf426c3-3c17-432e-a047-296441911089,https://awrznjnofgmlqjiayhoi.supabase.co/storage/v1/object/public/yacht-images/new-yachts/fcf426c3-3c17-432e-a047-296441911089/fcf426c3-3c17-432e-a047-296441911089-8.jpg,new-yachts/fcf426c3-3c17-432e-a047-296441911089/fcf426c3-3c17-432e-a047-296441911089-8.jpg,8,2026-04-24 00:35:33.255925+00
7ac6ca3e-2885-43cf-b257-ae9081ab5ccc,58b73dc9-e3f7-45b6-b6bb-05639d77e162,https://awrznjnofgmlqjiayhoi.supabase.co/storage/v1/object/public/yacht-images/new-yachts/58b73dc9-e3f7-45b6-b6bb-05639d77e162/58b73dc9-e3f7-45b6-b6bb-05639d77e162-11.jpg,new-yachts/58b73dc9-e3f7-45b6-b6bb-05639d77e162/58b73dc9-e3f7-45b6-b6bb-05639d77e162-11.jpg,11,2026-04-22 14:37:45.761017+00
7acaf10f-8a7b-4bcf-a03f-f5d1e8dcf60c,59ad167b-dfee-4c44-aa33-60b6e1e05678,https://awrznjnofgmlqjiayhoi.supabase.co/storage/v1/object/public/yacht-images/new-yachts/59ad167b-dfee-4c44-aa33-60b6e1e05678/59ad167b-dfee-4c44-aa33-60b6e1e05678-1.jpg,new-yachts/59ad167b-dfee-4c44-aa33-60b6e1e05678/59ad167b-dfee-4c44-aa33-60b6e1e05678-1.jpg,1,2026-04-22 17:26:20.503508+00
7acf6e6e-4dde-4c03-9887-5c3364c7fe20,4c428a0f-213e-4899-b826-1f110b9fee53,https://awrznjnofgmlqjiayhoi.supabase.co/storage/v1/object/public/yacht-images/new-yachts/4c428a0f-213e-4899-b826-1f110b9fee53/4c428a0f-213e-4899-b826-1f110b9fee53-11.jpg,new-yachts/4c428a0f-213e-4899-b826-1f110b9fee53/4c428a0f-213e-4899-b826-1f110b9fee53-11.jpg,11,2026-04-23 09:23:18.728973+00
7ad3f914-727e-4f1c-a5a6-e4bf010b8cca,5a7af5a2-016c-456b-9d50-b538f4929c78,https://awrznjnofgmlqjiayhoi.supabase.co/storage/v1/object/public/yacht-images/new-yachts/5a7af5a2-016c-456b-9d50-b538f4929c78/5a7af5a2-016c-456b-9d50-b538f4929c78-2.jpg,new-yachts/5a7af5a2-016c-456b-9d50-b538f4929c78/5a7af5a2-016c-456b-9d50-b538f4929c78-2.jpg,2,2026-04-23 09:19:16.638505+00
7ae8f48d-db3d-4e7f-a13f-b707c29c349f,8a77f565-5102-400b-8aa3-31584a24881f,https://awrznjnofgmlqjiayhoi.supabase.co/storage/v1/object/public/yacht-images/new-yachts/8a77f565-5102-400b-8aa3-31584a24881f/8a77f565-5102-400b-8aa3-31584a24881f-7.jpg,new-yachts/8a77f565-5102-400b-8aa3-31584a24881f/8a77f565-5102-400b-8aa3-31584a24881f-7.jpg,7,2026-04-22 18:25:15.858473+00
7af33bf3-1b6e-4904-a368-e1c5907431d3,b05aa56a-a6ba-4e1f-b64c-722a554ef536,https://awrznjnofgmlqjiayhoi.supabase.co/storage/v1/object/public/yacht-images/new-yachts/b05aa56a-a6ba-4e1f-b64c-722a554ef536/b05aa56a-a6ba-4e1f-b64c-722a554ef536-4.jpg,new-yachts/b05aa56a-a6ba-4e1f-b64c-722a554ef536/b05aa56a-a6ba-4e1f-b64c-722a554ef536-4.jpg,4,2026-04-22 16:58:35.527701+00
7b057f0d-1e8f-46c1-9585-3906de456cab,6f462948-9675-4e1f-859a-5bf70e7e1ff0,https://awrznjnofgmlqjiayhoi.supabase.co/storage/v1/object/public/yacht-images/new-yachts/6f462948-9675-4e1f-859a-5bf70e7e1ff0/6f462948-9675-4e1f-859a-5bf70e7e1ff0-3.jpg,new-yachts/6f462948-9675-4e1f-859a-5bf70e7e1ff0/6f462948-9675-4e1f-859a-5bf70e7e1ff0-3.jpg,3,2026-04-22 18:00:27.695983+00
7b30e9a5-b1f1-4344-b874-6871b195e98c,b2cf654e-3d47-4d8a-893e-cccecaa359ac,https://awrznjnofgmlqjiayhoi.supabase.co/storage/v1/object/public/yacht-images/new-yachts/b2cf654e-3d47-4d8a-893e-cccecaa359ac/b2cf654e-3d47-4d8a-893e-cccecaa359ac-7.jpg,new-yachts/b2cf654e-3d47-4d8a-893e-cccecaa359ac/b2cf654e-3d47-4d8a-893e-cccecaa359ac-7.jpg,7,2026-04-22 18:10:16.663816+00
7b61f9b5-5b0a-4332-bb7f-43bb7655da5e,bd97e6ce-9abe-4bb5-8ee3-eda9646c6638,https://awrznjnofgmlqjiayhoi.supabase.co/storage/v1/object/public/yacht-images/new-yachts/bd97e6ce-9abe-4bb5-8ee3-eda9646c6638/bd97e6ce-9abe-4bb5-8ee3-eda9646c6638-3.jpg,new-yachts/bd97e6ce-9abe-4bb5-8ee3-eda9646c6638/bd97e6ce-9abe-4bb5-8ee3-eda9646c6638-3.jpg,3,2026-04-22 16:27:15.652163+00
7b7d3c04-2311-4aad-b514-b5f1c221f125,8d7a0fc8-4b08-4d64-8427-2d433e120720,https://awrznjnofgmlqjiayhoi.supabase.co/storage/v1/object/public/yacht-images/new-yachts/8d7a0fc8-4b08-4d64-8427-2d433e120720/8d7a0fc8-4b08-4d64-8427-2d433e120720-1.jpg,new-yachts/8d7a0fc8-4b08-4d64-8427-2d433e120720/8d7a0fc8-4b08-4d64-8427-2d433e120720-1.jpg,1,2026-04-23 10:13:59.113117+00
7b86c0e5-0f03-4cf6-9764-cb02efcf443d,9ec06a62-12e4-4bb0-9fe9-56bced3c8bc2,https://awrznjnofgmlqjiayhoi.supabase.co/storage/v1/object/public/yacht-images/new-yachts/9ec06a62-12e4-4bb0-9fe9-56bced3c8bc2/9ec06a62-12e4-4bb0-9fe9-56bced3c8bc2-5.jpg,new-yachts/9ec06a62-12e4-4bb0-9fe9-56bced3c8bc2/9ec06a62-12e4-4bb0-9fe9-56bced3c8bc2-5.jpg,5,2026-04-24 22:46:57.406951+00
7b96687f-bdec-44d6-a3ee-b34b4409cfef,de914d22-4453-4f81-b61d-5d505a49d311,https://awrznjnofgmlqjiayhoi.supabase.co/storage/v1/object/public/yacht-images/new-yachts/de914d22-4453-4f81-b61d-5d505a49d311/de914d22-4453-4f81-b61d-5d505a49d311-4.webp,new-yachts/de914d22-4453-4f81-b61d-5d505a49d311/de914d22-4453-4f81-b61d-5d505a49d311-4.webp,4,2026-03-27 20:26:26.081445+00
7ba9f5ff-fc75-4847-b5fb-0f86b1b6f123,e9027657-7dcb-4ff3-993b-ee589e17b607,https://awrznjnofgmlqjiayhoi.supabase.co/storage/v1/object/public/yacht-images/new-yachts/e9027657-7dcb-4ff3-993b-ee589e17b607/e9027657-7dcb-4ff3-993b-ee589e17b607-6.jpg,new-yachts/e9027657-7dcb-4ff3-993b-ee589e17b607/e9027657-7dcb-4ff3-993b-ee589e17b607-6.jpg,6,2026-04-23 09:00:16.799879+00
7badec8e-b96f-4383-9c5a-4e7935ba470e,d49fd6fe-849a-4007-937a-516892a4cdb9,https://awrznjnofgmlqjiayhoi.supabase.co/storage/v1/object/public/yacht-images/new-yachts/d49fd6fe-849a-4007-937a-516892a4cdb9/d49fd6fe-849a-4007-937a-516892a4cdb9-10.jpg,new-yachts/d49fd6fe-849a-4007-937a-516892a4cdb9/d49fd6fe-849a-4007-937a-516892a4cdb9-10.jpg,10,2026-04-23 08:33:22.028289+00
7bc99c67-1a73-448f-938a-02641f67d2fa,aa8c6101-eb69-4a45-94b2-eb80dc49a261,https://awrznjnofgmlqjiayhoi.supabase.co/storage/v1/object/public/yacht-images/new-yachts/aa8c6101-eb69-4a45-94b2-eb80dc49a261/aa8c6101-eb69-4a45-94b2-eb80dc49a261-11.jpg,new-yachts/aa8c6101-eb69-4a45-94b2-eb80dc49a261/aa8c6101-eb69-4a45-94b2-eb80dc49a261-11.jpg,11,2026-04-24 17:50:39.509158+00
7bea2542-ee19-4ce2-b711-71ed8523ed7e,7db06b92-897d-47e6-a070-0b270a5b6d03,https://awrznjnofgmlqjiayhoi.supabase.co/storage/v1/object/public/yacht-images/new-yachts/7db06b92-897d-47e6-a070-0b270a5b6d03/7db06b92-897d-47e6-a070-0b270a5b6d03-4.jpg,new-yachts/7db06b92-897d-47e6-a070-0b270a5b6d03/7db06b92-897d-47e6-a070-0b270a5b6d03-4.jpg,4,2026-04-22 18:45:56.592555+00
7bf9ce0d-fb28-4a3b-b9ee-b8a71710d612,8d1b8b54-130f-4654-920d-13055151518e,https://awrznjnofgmlqjiayhoi.supabase.co/storage/v1/object/public/yacht-images/new-yachts/8d1b8b54-130f-4654-920d-13055151518e/8d1b8b54-130f-4654-920d-13055151518e-4.webp,new-yachts/8d1b8b54-130f-4654-920d-13055151518e/8d1b8b54-130f-4654-920d-13055151518e-4.webp,4,2026-02-28 19:46:50.133382+00
7c13214d-2180-4453-872c-104a705292dd,2202596a-f8b5-44c3-ab52-6f4d6cfc8522,https://awrznjnofgmlqjiayhoi.supabase.co/storage/v1/object/public/yacht-images/new-yachts/2202596a-f8b5-44c3-ab52-6f4d6cfc8522/2202596a-f8b5-44c3-ab52-6f4d6cfc8522-4.jpg,new-yachts/2202596a-f8b5-44c3-ab52-6f4d6cfc8522/2202596a-f8b5-44c3-ab52-6f4d6cfc8522-4.jpg,4,2026-04-22 17:24:55.941283+00
7c278ebc-0541-4dea-93e8-4c99a0cc4e28,f5d60854-b6fa-4fc1-b3f2-8e6adb8a393e,https://awrznjnofgmlqjiayhoi.supabase.co/storage/v1/object/public/yacht-images/new-yachts/f5d60854-b6fa-4fc1-b3f2-8e6adb8a393e/f5d60854-b6fa-4fc1-b3f2-8e6adb8a393e-8.jpg,new-yachts/f5d60854-b6fa-4fc1-b3f2-8e6adb8a393e/f5d60854-b6fa-4fc1-b3f2-8e6adb8a393e-8.jpg,8,2026-04-22 18:50:26.397741+00
7c498e3c-3382-45c1-b8e4-936506bf081b,3c394ac5-a52c-4c8d-b431-0eff672003b3,https://awrznjnofgmlqjiayhoi.supabase.co/storage/v1/object/public/yacht-images/new-yachts/3c394ac5-a52c-4c8d-b431-0eff672003b3/3c394ac5-a52c-4c8d-b431-0eff672003b3-9.jpg,new-yachts/3c394ac5-a52c-4c8d-b431-0eff672003b3/3c394ac5-a52c-4c8d-b431-0eff672003b3-9.jpg,9,2026-04-24 22:17:48.987536+00
7c8147df-304b-492f-8ede-2c16fdef1c71,bc6673af-2cbc-45d6-98bd-04b89297bef3,https://awrznjnofgmlqjiayhoi.supabase.co/storage/v1/object/public/yacht-images/new-yachts/bc6673af-2cbc-45d6-98bd-04b89297bef3/bc6673af-2cbc-45d6-98bd-04b89297bef3-10.jpg,new-yachts/bc6673af-2cbc-45d6-98bd-04b89297bef3/bc6673af-2cbc-45d6-98bd-04b89297bef3-10.jpg,10,2026-04-22 14:39:27.198733+00
7c9a5976-e610-48a8-bd1d-1c9e3da38239,dc252fdc-3279-49b1-b4bd-e577dc402ce7,https://awrznjnofgmlqjiayhoi.supabase.co/storage/v1/object/public/yacht-images/new-yachts/dc252fdc-3279-49b1-b4bd-e577dc402ce7/dc252fdc-3279-49b1-b4bd-e577dc402ce7-6.jpg,new-yachts/dc252fdc-3279-49b1-b4bd-e577dc402ce7/dc252fdc-3279-49b1-b4bd-e577dc402ce7-6.jpg,6,2026-04-23 10:15:29.716+00
7c9e20be-8baa-4b84-8f25-cca88fa04746,044f0cd0-401b-4f8f-b83f-727774222f6e,https://awrznjnofgmlqjiayhoi.supabase.co/storage/v1/object/public/yacht-images/new-yachts/044f0cd0-401b-4f8f-b83f-727774222f6e/044f0cd0-401b-4f8f-b83f-727774222f6e-1.jpg,new-yachts/044f0cd0-401b-4f8f-b83f-727774222f6e/044f0cd0-401b-4f8f-b83f-727774222f6e-1.jpg,1,2026-04-23 09:20:27.821034+00
7ca56fb3-e8bc-444f-922d-d837a8bdb547,1cddd9eb-4fd6-4f55-a3f8-8744a301fa2d,https://awrznjnofgmlqjiayhoi.supabase.co/storage/v1/object/public/yacht-images/new-yachts/1cddd9eb-4fd6-4f55-a3f8-8744a301fa2d/1cddd9eb-4fd6-4f55-a3f8-8744a301fa2d-3.jpg,new-yachts/1cddd9eb-4fd6-4f55-a3f8-8744a301fa2d/1cddd9eb-4fd6-4f55-a3f8-8744a301fa2d-3.jpg,3,2026-04-24 19:58:18.792285+00
7cb3c4c7-7d36-4690-931f-a0b14f370ddf,e8098cfa-12af-43f8-8f79-66a356ab8eea,https://awrznjnofgmlqjiayhoi.supabase.co/storage/v1/object/public/yacht-images/new-yachts/e8098cfa-12af-43f8-8f79-66a356ab8eea/e8098cfa-12af-43f8-8f79-66a356ab8eea-2.jpg,new-yachts/e8098cfa-12af-43f8-8f79-66a356ab8eea/e8098cfa-12af-43f8-8f79-66a356ab8eea-2.jpg,2,2026-04-22 17:30:32.516463+00
7cc519eb-6a98-4d48-aae8-4abe49700091,cf884b59-eebf-427e-b547-f2bde54c5d89,https://awrznjnofgmlqjiayhoi.supabase.co/storage/v1/object/public/yacht-images/new-yachts/cf884b59-eebf-427e-b547-f2bde54c5d89/cf884b59-eebf-427e-b547-f2bde54c5d89-9.jpg,new-yachts/cf884b59-eebf-427e-b547-f2bde54c5d89/cf884b59-eebf-427e-b547-f2bde54c5d89-9.jpg,9,2026-04-24 22:32:29.769695+00
7cced295-5fa6-4056-a440-68ae6d3e2763,a6460b88-dc2d-48c2-af4f-f2b01260ae26,https://awrznjnofgmlqjiayhoi.supabase.co/storage/v1/object/public/yacht-images/new-yachts/a6460b88-dc2d-48c2-af4f-f2b01260ae26/a6460b88-dc2d-48c2-af4f-f2b01260ae26-8.jpg,new-yachts/a6460b88-dc2d-48c2-af4f-f2b01260ae26/a6460b88-dc2d-48c2-af4f-f2b01260ae26-8.jpg,8,2026-04-23 08:50:28.18472+00
7d09d5d7-b9ff-4ab2-b0a6-c1112a026d93,e3ed0b65-11ce-434b-b654-3450349c0ac2,https://awrznjnofgmlqjiayhoi.supabase.co/storage/v1/object/public/yacht-images/new-yachts/e3ed0b65-11ce-434b-b654-3450349c0ac2/e3ed0b65-11ce-434b-b654-3450349c0ac2-5.jpg,new-yachts/e3ed0b65-11ce-434b-b654-3450349c0ac2/e3ed0b65-11ce-434b-b654-3450349c0ac2-5.jpg,5,2026-04-22 17:28:17.935776+00
7d0facb1-9f36-42c5-a6eb-ba22f8894eb7,31d12d6b-4420-4036-aa1f-a942d6871183,https://awrznjnofgmlqjiayhoi.supabase.co/storage/v1/object/public/yacht-images/new-yachts/31d12d6b-4420-4036-aa1f-a942d6871183/31d12d6b-4420-4036-aa1f-a942d6871183-1.webp,new-yachts/31d12d6b-4420-4036-aa1f-a942d6871183/31d12d6b-4420-4036-aa1f-a942d6871183-1.webp,1,2026-03-12 16:55:20.576249+00
7d679a13-9a3a-462b-8649-986acc6f96f8,5d02ef55-1f86-4529-b012-e26a73e30363,https://awrznjnofgmlqjiayhoi.supabase.co/storage/v1/object/public/yacht-images/new-yachts/5d02ef55-1f86-4529-b012-e26a73e30363/5d02ef55-1f86-4529-b012-e26a73e30363-7.jpg,new-yachts/5d02ef55-1f86-4529-b012-e26a73e30363/5d02ef55-1f86-4529-b012-e26a73e30363-7.jpg,7,2026-04-24 00:15:17.695897+00
7d6c8066-7159-4ec2-86f6-94f439502e6b,68c062bb-e891-4c5a-8aa5-c2f096bff908,https://awrznjnofgmlqjiayhoi.supabase.co/storage/v1/object/public/yacht-images/new-yachts/68c062bb-e891-4c5a-8aa5-c2f096bff908/68c062bb-e891-4c5a-8aa5-c2f096bff908-7.jpg,new-yachts/68c062bb-e891-4c5a-8aa5-c2f096bff908/68c062bb-e891-4c5a-8aa5-c2f096bff908-7.jpg,7,2026-04-22 16:11:20.76476+00
7d821474-2028-4655-9a6b-87e686d8b350,c7824eeb-5781-49ee-b923-aa636e73cb36,https://awrznjnofgmlqjiayhoi.supabase.co/storage/v1/object/public/yacht-images/new-yachts/c7824eeb-5781-49ee-b923-aa636e73cb36/c7824eeb-5781-49ee-b923-aa636e73cb36-7.jpg,new-yachts/c7824eeb-5781-49ee-b923-aa636e73cb36/c7824eeb-5781-49ee-b923-aa636e73cb36-7.jpg,7,2026-04-24 00:24:32.930503+00
7e0360ba-d267-4979-92a2-a70bc8f20b1b,5491dfd2-b60d-460f-a1c5-d20b54a68599,https://awrznjnofgmlqjiayhoi.supabase.co/storage/v1/object/public/yacht-images/new-yachts/5491dfd2-b60d-460f-a1c5-d20b54a68599/5491dfd2-b60d-460f-a1c5-d20b54a68599-10.jpg,new-yachts/5491dfd2-b60d-460f-a1c5-d20b54a68599/5491dfd2-b60d-460f-a1c5-d20b54a68599-10.jpg,10,2026-04-22 17:33:42.785219+00
7e3adfc0-b7b5-4dd2-8f88-9e0bb8969128,83795779-a646-4c1e-b643-56e99168b304,https://awrznjnofgmlqjiayhoi.supabase.co/storage/v1/object/public/yacht-images/new-yachts/83795779-a646-4c1e-b643-56e99168b304/83795779-a646-4c1e-b643-56e99168b304-7.jpg,new-yachts/83795779-a646-4c1e-b643-56e99168b304/83795779-a646-4c1e-b643-56e99168b304-7.jpg,7,2026-04-22 18:07:51.251342+00
7e784f26-9702-4823-b639-ed2f0b34cb95,8d7a0fc8-4b08-4d64-8427-2d433e120720,https://awrznjnofgmlqjiayhoi.supabase.co/storage/v1/object/public/yacht-images/new-yachts/8d7a0fc8-4b08-4d64-8427-2d433e120720/8d7a0fc8-4b08-4d64-8427-2d433e120720-4.jpg,new-yachts/8d7a0fc8-4b08-4d64-8427-2d433e120720/8d7a0fc8-4b08-4d64-8427-2d433e120720-4.jpg,4,2026-04-23 10:14:01.20599+00
7e7f0122-1771-4663-9758-136ade90459e,ab0c1dd1-5ed6-41ab-a24d-1c7176b1487b,https://awrznjnofgmlqjiayhoi.supabase.co/storage/v1/object/public/yacht-images/new-yachts/ab0c1dd1-5ed6-41ab-a24d-1c7176b1487b/ab0c1dd1-5ed6-41ab-a24d-1c7176b1487b-5.jpg,new-yachts/ab0c1dd1-5ed6-41ab-a24d-1c7176b1487b/ab0c1dd1-5ed6-41ab-a24d-1c7176b1487b-5.jpg,5,2026-04-22 18:37:57.542486+00
7e943f16-5421-42b4-b662-7ee5022fd8e7,918b12a4-fcbf-46eb-8a39-6a1cc0bf196f,https://awrznjnofgmlqjiayhoi.supabase.co/storage/v1/object/public/yacht-images/new-yachts/918b12a4-fcbf-46eb-8a39-6a1cc0bf196f/918b12a4-fcbf-46eb-8a39-6a1cc0bf196f-3.jpg,new-yachts/918b12a4-fcbf-46eb-8a39-6a1cc0bf196f/918b12a4-fcbf-46eb-8a39-6a1cc0bf196f-3.jpg,3,2026-04-22 18:21:38.525311+00
7ea09e77-7d94-4c5e-a211-3f1c027b7ccc,d498bf47-d0e2-4d72-b4e2-cfed8ea1e453,https://awrznjnofgmlqjiayhoi.supabase.co/storage/v1/object/public/yacht-images/new-yachts/d498bf47-d0e2-4d72-b4e2-cfed8ea1e453/d498bf47-d0e2-4d72-b4e2-cfed8ea1e453-3.jpg,new-yachts/d498bf47-d0e2-4d72-b4e2-cfed8ea1e453/d498bf47-d0e2-4d72-b4e2-cfed8ea1e453-3.jpg,3,2026-04-22 15:18:16.774336+00
7ea35936-ce93-4261-adab-7ab87e6a167b,7eb6611f-b17c-4e0e-87f4-b507cde9a9e2,https://awrznjnofgmlqjiayhoi.supabase.co/storage/v1/object/public/yacht-images/new-yachts/7eb6611f-b17c-4e0e-87f4-b507cde9a9e2/7eb6611f-b17c-4e0e-87f4-b507cde9a9e2-2.webp,new-yachts/7eb6611f-b17c-4e0e-87f4-b507cde9a9e2/7eb6611f-b17c-4e0e-87f4-b507cde9a9e2-2.webp,2,2026-03-26 21:05:01.245596+00
7eb11e7f-7b95-45a6-9527-b8ebd343243d,20d0e3b6-8f8c-442c-84b9-d6b0ec964c8d,https://awrznjnofgmlqjiayhoi.supabase.co/storage/v1/object/public/yacht-images/new-yachts/20d0e3b6-8f8c-442c-84b9-d6b0ec964c8d/20d0e3b6-8f8c-442c-84b9-d6b0ec964c8d-10.jpg,new-yachts/20d0e3b6-8f8c-442c-84b9-d6b0ec964c8d/20d0e3b6-8f8c-442c-84b9-d6b0ec964c8d-10.jpg,10,2026-04-22 16:23:08.657054+00
7ec3e38e-29da-46b9-8eca-1488e18e1e46,23369539-310c-42d9-8d1a-c7fe6778be22,https://awrznjnofgmlqjiayhoi.supabase.co/storage/v1/object/public/yacht-images/new-yachts/23369539-310c-42d9-8d1a-c7fe6778be22/23369539-310c-42d9-8d1a-c7fe6778be22-8.jpg,new-yachts/23369539-310c-42d9-8d1a-c7fe6778be22/23369539-310c-42d9-8d1a-c7fe6778be22-8.jpg,8,2026-04-23 23:28:57.53702+00
7ede6201-3191-4de2-b4a9-0d778c928d1c,4b3c7774-3467-46de-8410-9aafc0812957,https://awrznjnofgmlqjiayhoi.supabase.co/storage/v1/object/public/yacht-images/new-yachts/4b3c7774-3467-46de-8410-9aafc0812957/4b3c7774-3467-46de-8410-9aafc0812957-4.jpg,new-yachts/4b3c7774-3467-46de-8410-9aafc0812957/4b3c7774-3467-46de-8410-9aafc0812957-4.jpg,4,2026-04-24 19:59:36.212801+00
7eeefcc1-a2bf-4e83-9c4a-5a68c5045ff8,2eb81586-9a48-4d27-8380-edf002eb08db,https://awrznjnofgmlqjiayhoi.supabase.co/storage/v1/object/public/yacht-images/new-yachts/2eb81586-9a48-4d27-8380-edf002eb08db/2eb81586-9a48-4d27-8380-edf002eb08db-10.jpg,new-yachts/2eb81586-9a48-4d27-8380-edf002eb08db/2eb81586-9a48-4d27-8380-edf002eb08db-10.jpg,10,2026-04-24 17:57:03.999577+00
7eefcd66-1fba-4549-85f9-f62ee471ea7b,01c63518-616e-4da3-85ce-f598fe1975d2,https://awrznjnofgmlqjiayhoi.supabase.co/storage/v1/object/public/yacht-images/new-yachts/01c63518-616e-4da3-85ce-f598fe1975d2/01c63518-616e-4da3-85ce-f598fe1975d2-3.jpg,new-yachts/01c63518-616e-4da3-85ce-f598fe1975d2/01c63518-616e-4da3-85ce-f598fe1975d2-3.jpg,3,2026-04-24 21:26:38.226783+00
7ef8b1f7-dd43-477a-a32a-983a7a919345,eb2fce67-a66b-40a5-94ae-50cceec70566,https://awrznjnofgmlqjiayhoi.supabase.co/storage/v1/object/public/yacht-images/new-yachts/eb2fce67-a66b-40a5-94ae-50cceec70566/eb2fce67-a66b-40a5-94ae-50cceec70566-6.jpg,new-yachts/eb2fce67-a66b-40a5-94ae-50cceec70566/eb2fce67-a66b-40a5-94ae-50cceec70566-6.jpg,6,2026-04-22 17:07:11.240023+00
7f0c6fd0-f6bd-473b-a6ea-bac2da36d946,1cddd9eb-4fd6-4f55-a3f8-8744a301fa2d,https://awrznjnofgmlqjiayhoi.supabase.co/storage/v1/object/public/yacht-images/new-yachts/1cddd9eb-4fd6-4f55-a3f8-8744a301fa2d/1cddd9eb-4fd6-4f55-a3f8-8744a301fa2d-8.jpg,new-yachts/1cddd9eb-4fd6-4f55-a3f8-8744a301fa2d/1cddd9eb-4fd6-4f55-a3f8-8744a301fa2d-8.jpg,8,2026-04-24 19:58:23.138974+00
7f14e532-8e6d-4330-a232-704b8ba703a7,45381c1b-cc44-4567-bac3-ca74940d9098,https://awrznjnofgmlqjiayhoi.supabase.co/storage/v1/object/public/yacht-images/new-yachts/45381c1b-cc44-4567-bac3-ca74940d9098/45381c1b-cc44-4567-bac3-ca74940d9098-5.webp,new-yachts/45381c1b-cc44-4567-bac3-ca74940d9098/45381c1b-cc44-4567-bac3-ca74940d9098-5.webp,5,2026-02-28 19:38:58.494005+00
7f30337d-8b3f-4c2e-b0a8-4ceef8401bea,a6460b88-dc2d-48c2-af4f-f2b01260ae26,https://awrznjnofgmlqjiayhoi.supabase.co/storage/v1/object/public/yacht-images/new-yachts/a6460b88-dc2d-48c2-af4f-f2b01260ae26/a6460b88-dc2d-48c2-af4f-f2b01260ae26-update-1776941688255-1.jpg,new-yachts/a6460b88-dc2d-48c2-af4f-f2b01260ae26/a6460b88-dc2d-48c2-af4f-f2b01260ae26-update-1776941688255-1.jpg,1,2026-04-23 10:54:49.067113+00
7f61a934-9479-4b36-a695-e0a025acb5e4,67178f72-eeb2-453d-a891-16e6e75edbff,https://awrznjnofgmlqjiayhoi.supabase.co/storage/v1/object/public/yacht-images/new-yachts/67178f72-eeb2-453d-a891-16e6e75edbff/67178f72-eeb2-453d-a891-16e6e75edbff-9.jpg,new-yachts/67178f72-eeb2-453d-a891-16e6e75edbff/67178f72-eeb2-453d-a891-16e6e75edbff-9.jpg,9,2026-04-22 14:31:03.556135+00
7f8ac3aa-a21b-46b7-a11a-17217b834b4b,b8449191-5116-4c89-a6fe-00bd80345381,https://awrznjnofgmlqjiayhoi.supabase.co/storage/v1/object/public/yacht-images/new-yachts/b8449191-5116-4c89-a6fe-00bd80345381/b8449191-5116-4c89-a6fe-00bd80345381-7.jpg,new-yachts/b8449191-5116-4c89-a6fe-00bd80345381/b8449191-5116-4c89-a6fe-00bd80345381-7.jpg,7,2026-04-22 14:36:36.249835+00
7f8f18b1-47b2-48b3-a99e-b58725e7aa55,6f462948-9675-4e1f-859a-5bf70e7e1ff0,https://awrznjnofgmlqjiayhoi.supabase.co/storage/v1/object/public/yacht-images/new-yachts/6f462948-9675-4e1f-859a-5bf70e7e1ff0/6f462948-9675-4e1f-859a-5bf70e7e1ff0-7.jpg,new-yachts/6f462948-9675-4e1f-859a-5bf70e7e1ff0/6f462948-9675-4e1f-859a-5bf70e7e1ff0-7.jpg,7,2026-04-22 18:00:34.843976+00
7f9816d4-1803-42cd-be0c-52a12a193fed,f651b6e2-9576-490b-a593-877bcb8944e0,https://awrznjnofgmlqjiayhoi.supabase.co/storage/v1/object/public/yacht-images/new-yachts/f651b6e2-9576-490b-a593-877bcb8944e0/f651b6e2-9576-490b-a593-877bcb8944e0-9.jpg,new-yachts/f651b6e2-9576-490b-a593-877bcb8944e0/f651b6e2-9576-490b-a593-877bcb8944e0-9.jpg,9,2026-04-23 12:44:48.955138+00
7fac8d47-4bd6-48a0-b538-017df713771e,3011de4f-421b-4c6e-9433-a9f0417d7d89,https://awrznjnofgmlqjiayhoi.supabase.co/storage/v1/object/public/yacht-images/new-yachts/3011de4f-421b-4c6e-9433-a9f0417d7d89/3011de4f-421b-4c6e-9433-a9f0417d7d89-9.jpg,new-yachts/3011de4f-421b-4c6e-9433-a9f0417d7d89/3011de4f-421b-4c6e-9433-a9f0417d7d89-9.jpg,9,2026-04-22 14:51:03.726894+00
7fbcc937-4066-4eb2-9615-36f66b347372,b8386205-38db-4b2c-b839-b02eb7dbdb4e,https://awrznjnofgmlqjiayhoi.supabase.co/storage/v1/object/public/yacht-images/new-yachts/b8386205-38db-4b2c-b839-b02eb7dbdb4e/b8386205-38db-4b2c-b839-b02eb7dbdb4e-3.jpg,new-yachts/b8386205-38db-4b2c-b839-b02eb7dbdb4e/b8386205-38db-4b2c-b839-b02eb7dbdb4e-3.jpg,3,2026-04-24 17:54:49.107635+00
7fc4177b-b2c2-4529-895f-af78471404ec,bc6673af-2cbc-45d6-98bd-04b89297bef3,https://awrznjnofgmlqjiayhoi.supabase.co/storage/v1/object/public/yacht-images/new-yachts/bc6673af-2cbc-45d6-98bd-04b89297bef3/bc6673af-2cbc-45d6-98bd-04b89297bef3-4.jpg,new-yachts/bc6673af-2cbc-45d6-98bd-04b89297bef3/bc6673af-2cbc-45d6-98bd-04b89297bef3-4.jpg,4,2026-04-22 14:39:23.834723+00
80107691-16fe-4d0f-ba1f-ae2bae968d74,d15f9400-57d7-4e7e-8194-b1c06fe5f250,https://awrznjnofgmlqjiayhoi.supabase.co/storage/v1/object/public/yacht-images/new-yachts/d15f9400-57d7-4e7e-8194-b1c06fe5f250/d15f9400-57d7-4e7e-8194-b1c06fe5f250-8.jpg,new-yachts/d15f9400-57d7-4e7e-8194-b1c06fe5f250/d15f9400-57d7-4e7e-8194-b1c06fe5f250-8.jpg,8,2026-04-24 15:53:04.278996+00
8038f786-c65e-459e-8bea-d29d890ae676,2376d7ee-cfbb-49e5-85fe-46552893c082,https://awrznjnofgmlqjiayhoi.supabase.co/storage/v1/object/public/yacht-images/new-yachts/2376d7ee-cfbb-49e5-85fe-46552893c082/2376d7ee-cfbb-49e5-85fe-46552893c082-2.jpg,new-yachts/2376d7ee-cfbb-49e5-85fe-46552893c082/2376d7ee-cfbb-49e5-85fe-46552893c082-2.jpg,2,2026-04-22 18:13:20.56634+00
803d6402-37d4-44e4-9b85-2d62c6b09d96,199d0d16-14ce-4883-973e-e82706c8e0ca,https://awrznjnofgmlqjiayhoi.supabase.co/storage/v1/object/public/yacht-images/new-yachts/199d0d16-14ce-4883-973e-e82706c8e0ca/199d0d16-14ce-4883-973e-e82706c8e0ca-8.jpg,new-yachts/199d0d16-14ce-4883-973e-e82706c8e0ca/199d0d16-14ce-4883-973e-e82706c8e0ca-8.jpg,8,2026-04-24 00:11:45.904735+00
804e2dea-1870-4aeb-8bd9-b38914566caf,b94a5341-8ff1-4cc3-bd0a-1c4c657e071a,https://awrznjnofgmlqjiayhoi.supabase.co/storage/v1/object/public/yacht-images/new-yachts/b94a5341-8ff1-4cc3-bd0a-1c4c657e071a/b94a5341-8ff1-4cc3-bd0a-1c4c657e071a-8.jpg,new-yachts/b94a5341-8ff1-4cc3-bd0a-1c4c657e071a/b94a5341-8ff1-4cc3-bd0a-1c4c657e071a-8.jpg,9,2026-04-24 18:51:03.844387+00
8063ac72-52ee-45a9-99da-70bd4c8c8755,bab48513-ac52-49e5-b77f-754867d91fee,https://awrznjnofgmlqjiayhoi.supabase.co/storage/v1/object/public/yacht-images/new-yachts/bab48513-ac52-49e5-b77f-754867d91fee/bab48513-ac52-49e5-b77f-754867d91fee-2.jpg,new-yachts/bab48513-ac52-49e5-b77f-754867d91fee/bab48513-ac52-49e5-b77f-754867d91fee-2.jpg,2,2026-04-24 15:54:07.509921+00
8099e7ec-2e04-4b62-883b-b9ba9eb9f6c9,eb4c00ef-9609-4812-b38a-eb3742333511,https://awrznjnofgmlqjiayhoi.supabase.co/storage/v1/object/public/yacht-images/new-yachts/eb4c00ef-9609-4812-b38a-eb3742333511/eb4c00ef-9609-4812-b38a-eb3742333511-7.jpg,new-yachts/eb4c00ef-9609-4812-b38a-eb3742333511/eb4c00ef-9609-4812-b38a-eb3742333511-7.jpg,7,2026-04-22 17:03:24.712734+00
809ac859-ba50-4730-bda0-fef6dbfd8fff,9f881a02-3e82-42c9-aaf8-ee1094be21d6,https://awrznjnofgmlqjiayhoi.supabase.co/storage/v1/object/public/yacht-images/new-yachts/9f881a02-3e82-42c9-aaf8-ee1094be21d6/9f881a02-3e82-42c9-aaf8-ee1094be21d6-3.webp,new-yachts/9f881a02-3e82-42c9-aaf8-ee1094be21d6/9f881a02-3e82-42c9-aaf8-ee1094be21d6-3.webp,3,2026-03-27 20:02:33.00275+00
80aec3f4-fbfb-4f02-a64f-70c5efeb8ecd,2eb81586-9a48-4d27-8380-edf002eb08db,https://awrznjnofgmlqjiayhoi.supabase.co/storage/v1/object/public/yacht-images/new-yachts/2eb81586-9a48-4d27-8380-edf002eb08db/2eb81586-9a48-4d27-8380-edf002eb08db-3.jpg,new-yachts/2eb81586-9a48-4d27-8380-edf002eb08db/2eb81586-9a48-4d27-8380-edf002eb08db-3.jpg,3,2026-04-24 17:56:54.320713+00
80b7453b-3e3b-46a2-9035-71a03c5ea096,cbd5ddc7-f07d-46a1-98b7-663b7e4c9432,https://awrznjnofgmlqjiayhoi.supabase.co/storage/v1/object/public/yacht-images/new-yachts/cbd5ddc7-f07d-46a1-98b7-663b7e4c9432/cbd5ddc7-f07d-46a1-98b7-663b7e4c9432-7.jpg,new-yachts/cbd5ddc7-f07d-46a1-98b7-663b7e4c9432/cbd5ddc7-f07d-46a1-98b7-663b7e4c9432-7.jpg,7,2026-04-23 12:57:23.80789+00
80c85262-186d-48cf-999f-4846687b6d54,b79617e8-78f0-4a13-a5df-9c00dfd10d41,https://awrznjnofgmlqjiayhoi.supabase.co/storage/v1/object/public/yacht-images/new-yachts/b79617e8-78f0-4a13-a5df-9c00dfd10d41/b79617e8-78f0-4a13-a5df-9c00dfd10d41-2.jpg,new-yachts/b79617e8-78f0-4a13-a5df-9c00dfd10d41/b79617e8-78f0-4a13-a5df-9c00dfd10d41-2.jpg,2,2026-04-22 14:49:40.746152+00
80e0630e-6c66-4993-b78e-579c32430ae4,83795779-a646-4c1e-b643-56e99168b304,https://awrznjnofgmlqjiayhoi.supabase.co/storage/v1/object/public/yacht-images/new-yachts/83795779-a646-4c1e-b643-56e99168b304/83795779-a646-4c1e-b643-56e99168b304-2.jpg,new-yachts/83795779-a646-4c1e-b643-56e99168b304/83795779-a646-4c1e-b643-56e99168b304-2.jpg,2,2026-04-22 18:07:47.902328+00
8106f945-fbe7-4ae7-8161-a11aa4b077de,82e61cac-cd66-43b8-93f1-8a31b9a344f1,https://awrznjnofgmlqjiayhoi.supabase.co/storage/v1/object/public/yacht-images/new-yachts/82e61cac-cd66-43b8-93f1-8a31b9a344f1/82e61cac-cd66-43b8-93f1-8a31b9a344f1-6.webp,new-yachts/82e61cac-cd66-43b8-93f1-8a31b9a344f1/82e61cac-cd66-43b8-93f1-8a31b9a344f1-6.webp,6,2026-02-28 18:56:29.342124+00
8108259d-614d-4b50-b371-3b39bb97b2d5,d7003aa7-7557-4e21-b9ce-73e4908e49a3,https://awrznjnofgmlqjiayhoi.supabase.co/storage/v1/object/public/yacht-images/new-yachts/d7003aa7-7557-4e21-b9ce-73e4908e49a3/d7003aa7-7557-4e21-b9ce-73e4908e49a3-3.jpg,new-yachts/d7003aa7-7557-4e21-b9ce-73e4908e49a3/d7003aa7-7557-4e21-b9ce-73e4908e49a3-3.jpg,3,2026-04-23 08:24:14.493132+00
815e48c7-1796-4788-aa58-7608097cd894,d74ccc10-d2f6-4021-b1c7-1a75d3f1b2b6,https://awrznjnofgmlqjiayhoi.supabase.co/storage/v1/object/public/yacht-images/new-yachts/d74ccc10-d2f6-4021-b1c7-1a75d3f1b2b6/d74ccc10-d2f6-4021-b1c7-1a75d3f1b2b6-7.jpg,new-yachts/d74ccc10-d2f6-4021-b1c7-1a75d3f1b2b6/d74ccc10-d2f6-4021-b1c7-1a75d3f1b2b6-7.jpg,7,2026-04-22 17:01:41.550326+00
8164f73d-1c02-4385-a26c-c2245c26c8b5,b3f88d6a-810a-498e-b142-070a89081c74,https://awrznjnofgmlqjiayhoi.supabase.co/storage/v1/object/public/yacht-images/new-yachts/b3f88d6a-810a-498e-b142-070a89081c74/b3f88d6a-810a-498e-b142-070a89081c74-4.webp,new-yachts/b3f88d6a-810a-498e-b142-070a89081c74/b3f88d6a-810a-498e-b142-070a89081c74-4.webp,4,2026-03-26 21:54:09.095197+00
81673ee2-fe38-48e2-ba66-5278013a9012,4946a8d3-25c4-46a5-b04f-a79ff159ab15,https://awrznjnofgmlqjiayhoi.supabase.co/storage/v1/object/public/yacht-images/new-yachts/4946a8d3-25c4-46a5-b04f-a79ff159ab15/4946a8d3-25c4-46a5-b04f-a79ff159ab15-8.jpg,new-yachts/4946a8d3-25c4-46a5-b04f-a79ff159ab15/4946a8d3-25c4-46a5-b04f-a79ff159ab15-8.jpg,8,2026-04-24 00:38:49.711538+00
81823365-bdce-4890-a06d-523cb9f070cc,6b05344c-d84a-40d5-b8a8-c8d00eccfb7d,https://awrznjnofgmlqjiayhoi.supabase.co/storage/v1/object/public/yacht-images/new-yachts/6b05344c-d84a-40d5-b8a8-c8d00eccfb7d/6b05344c-d84a-40d5-b8a8-c8d00eccfb7d-1.jpg,new-yachts/6b05344c-d84a-40d5-b8a8-c8d00eccfb7d/6b05344c-d84a-40d5-b8a8-c8d00eccfb7d-1.jpg,1,2026-04-22 17:22:20.98565+00
8193ff29-cae4-4b2c-9576-f0d22c9f3c65,3b566a87-1f34-4f83-8f51-8fc988f9d292,https://awrznjnofgmlqjiayhoi.supabase.co/storage/v1/object/public/yacht-images/new-yachts/3b566a87-1f34-4f83-8f51-8fc988f9d292/3b566a87-1f34-4f83-8f51-8fc988f9d292-5.jpg,new-yachts/3b566a87-1f34-4f83-8f51-8fc988f9d292/3b566a87-1f34-4f83-8f51-8fc988f9d292-5.jpg,5,2026-04-23 09:09:33.042037+00
819b507d-b3e7-4d6e-a5e5-33747f5db073,d7003aa7-7557-4e21-b9ce-73e4908e49a3,https://awrznjnofgmlqjiayhoi.supabase.co/storage/v1/object/public/yacht-images/new-yachts/d7003aa7-7557-4e21-b9ce-73e4908e49a3/d7003aa7-7557-4e21-b9ce-73e4908e49a3-4.jpg,new-yachts/d7003aa7-7557-4e21-b9ce-73e4908e49a3/d7003aa7-7557-4e21-b9ce-73e4908e49a3-4.jpg,4,2026-04-23 08:24:15.175346+00
81a8851b-c400-4b7d-9337-289ea1486158,c062ace5-658e-4daa-a8b1-8591a5768de3,https://awrznjnofgmlqjiayhoi.supabase.co/storage/v1/object/public/yacht-images/new-yachts/c062ace5-658e-4daa-a8b1-8591a5768de3/c062ace5-658e-4daa-a8b1-8591a5768de3-5.jpg,new-yachts/c062ace5-658e-4daa-a8b1-8591a5768de3/c062ace5-658e-4daa-a8b1-8591a5768de3-5.jpg,5,2026-04-22 18:02:15.990007+00
81bb2f39-6a7f-407d-a98a-e789ec97a583,c8c5aac8-0250-456f-8eae-5c72e98aec4c,https://awrznjnofgmlqjiayhoi.supabase.co/storage/v1/object/public/yacht-images/new-yachts/c8c5aac8-0250-456f-8eae-5c72e98aec4c/c8c5aac8-0250-456f-8eae-5c72e98aec4c-2.jpg,new-yachts/c8c5aac8-0250-456f-8eae-5c72e98aec4c/c8c5aac8-0250-456f-8eae-5c72e98aec4c-2.jpg,2,2026-04-24 00:28:17.009236+00
81ce6b14-513f-45ff-9e97-0a7a5310e63a,e47fa1f8-0cfa-49ec-a8ad-ba2c0b17417c,https://awrznjnofgmlqjiayhoi.supabase.co/storage/v1/object/public/yacht-images/new-yachts/e47fa1f8-0cfa-49ec-a8ad-ba2c0b17417c/e47fa1f8-0cfa-49ec-a8ad-ba2c0b17417c-1.jpg,new-yachts/e47fa1f8-0cfa-49ec-a8ad-ba2c0b17417c/e47fa1f8-0cfa-49ec-a8ad-ba2c0b17417c-1.jpg,1,2026-04-08 15:05:32.662453+00
81e8cd1b-a99e-4f04-9de1-fd644034ba40,8f6ead2d-9e5a-4952-89a3-fa782ef6db82,https://awrznjnofgmlqjiayhoi.supabase.co/storage/v1/object/public/yacht-images/new-yachts/8f6ead2d-9e5a-4952-89a3-fa782ef6db82/8f6ead2d-9e5a-4952-89a3-fa782ef6db82-6.jpg,new-yachts/8f6ead2d-9e5a-4952-89a3-fa782ef6db82/8f6ead2d-9e5a-4952-89a3-fa782ef6db82-6.jpg,6,2026-04-22 15:19:57.262547+00
81feced8-c15d-48fd-a63e-40890e4ae5d8,a6460b88-dc2d-48c2-af4f-f2b01260ae26,https://awrznjnofgmlqjiayhoi.supabase.co/storage/v1/object/public/yacht-images/new-yachts/a6460b88-dc2d-48c2-af4f-f2b01260ae26/a6460b88-dc2d-48c2-af4f-f2b01260ae26-4.jpg,new-yachts/a6460b88-dc2d-48c2-af4f-f2b01260ae26/a6460b88-dc2d-48c2-af4f-f2b01260ae26-4.jpg,4,2026-04-23 08:50:25.81694+00
82086241-8465-4e2f-8405-0e0a682e764c,d3b00e8b-5743-46d3-9660-80b6783e38ad,https://awrznjnofgmlqjiayhoi.supabase.co/storage/v1/object/public/yacht-images/new-yachts/d3b00e8b-5743-46d3-9660-80b6783e38ad/d3b00e8b-5743-46d3-9660-80b6783e38ad-11.jpg,new-yachts/d3b00e8b-5743-46d3-9660-80b6783e38ad/d3b00e8b-5743-46d3-9660-80b6783e38ad-11.jpg,11,2026-04-23 23:40:22.741879+00
825078a9-2bad-4e18-9b29-d30ce756d39a,572bec71-8a15-4844-8cd3-1f9a6e016810,https://awrznjnofgmlqjiayhoi.supabase.co/storage/v1/object/public/yacht-images/new-yachts/572bec71-8a15-4844-8cd3-1f9a6e016810/572bec71-8a15-4844-8cd3-1f9a6e016810-2.jpg,new-yachts/572bec71-8a15-4844-8cd3-1f9a6e016810/572bec71-8a15-4844-8cd3-1f9a6e016810-2.jpg,2,2026-04-22 14:32:29.70213+00
8267bc02-8c27-4eec-a89c-ed66dc885840,c7ebbc0c-5644-4a96-b655-4d364326373e,https://awrznjnofgmlqjiayhoi.supabase.co/storage/v1/object/public/yacht-images/new-yachts/c7ebbc0c-5644-4a96-b655-4d364326373e/c7ebbc0c-5644-4a96-b655-4d364326373e-3.jpg,new-yachts/c7ebbc0c-5644-4a96-b655-4d364326373e/c7ebbc0c-5644-4a96-b655-4d364326373e-3.jpg,3,2026-04-22 18:03:49.899453+00
8268886c-880c-40d0-b44d-f14faaf28662,a8d19c2b-a5f4-4fd2-ae34-4b4128a138e3,https://awrznjnofgmlqjiayhoi.supabase.co/storage/v1/object/public/yacht-images/new-yachts/a8d19c2b-a5f4-4fd2-ae34-4b4128a138e3/a8d19c2b-a5f4-4fd2-ae34-4b4128a138e3-6.jpg,new-yachts/a8d19c2b-a5f4-4fd2-ae34-4b4128a138e3/a8d19c2b-a5f4-4fd2-ae34-4b4128a138e3-6.jpg,6,2026-04-22 17:31:35.676978+00
82b86569-5c7f-4d2f-a635-de59b9645458,cadd3216-79f0-42b7-9c76-190f169be432,https://awrznjnofgmlqjiayhoi.supabase.co/storage/v1/object/public/yacht-images/new-yachts/cadd3216-79f0-42b7-9c76-190f169be432/cadd3216-79f0-42b7-9c76-190f169be432-5.jpg,new-yachts/cadd3216-79f0-42b7-9c76-190f169be432/cadd3216-79f0-42b7-9c76-190f169be432-5.jpg,5,2026-04-22 15:07:08.843811+00
82d1dc08-55a7-4072-bb1d-3536d9fa20ca,d0282847-d186-4083-920d-8b329d9ebfce,https://awrznjnofgmlqjiayhoi.supabase.co/storage/v1/object/public/yacht-images/new-yachts/d0282847-d186-4083-920d-8b329d9ebfce/d0282847-d186-4083-920d-8b329d9ebfce-10.jpg,new-yachts/d0282847-d186-4083-920d-8b329d9ebfce/d0282847-d186-4083-920d-8b329d9ebfce-10.jpg,10,2026-04-24 00:51:53.760049+00
82f2d506-5c18-43c0-9957-44e6f816556e,fcaae122-813b-4b13-8d0d-14fff587e85a,https://awrznjnofgmlqjiayhoi.supabase.co/storage/v1/object/public/yacht-images/new-yachts/fcaae122-813b-4b13-8d0d-14fff587e85a/fcaae122-813b-4b13-8d0d-14fff587e85a-2.jpg,new-yachts/fcaae122-813b-4b13-8d0d-14fff587e85a/fcaae122-813b-4b13-8d0d-14fff587e85a-2.jpg,2,2026-03-26 19:32:35.028639+00
82fa3c4a-c2a9-4d32-a013-6df8c994b794,68c062bb-e891-4c5a-8aa5-c2f096bff908,https://awrznjnofgmlqjiayhoi.supabase.co/storage/v1/object/public/yacht-images/new-yachts/68c062bb-e891-4c5a-8aa5-c2f096bff908/68c062bb-e891-4c5a-8aa5-c2f096bff908-1.jpg,new-yachts/68c062bb-e891-4c5a-8aa5-c2f096bff908/68c062bb-e891-4c5a-8aa5-c2f096bff908-1.jpg,1,2026-04-22 16:11:16.764503+00
8304ec5c-af85-49fa-96d2-4684e83ffbec,e3ed0b65-11ce-434b-b654-3450349c0ac2,https://awrznjnofgmlqjiayhoi.supabase.co/storage/v1/object/public/yacht-images/new-yachts/e3ed0b65-11ce-434b-b654-3450349c0ac2/e3ed0b65-11ce-434b-b654-3450349c0ac2-9.jpg,new-yachts/e3ed0b65-11ce-434b-b654-3450349c0ac2/e3ed0b65-11ce-434b-b654-3450349c0ac2-9.jpg,9,2026-04-22 17:28:20.805794+00
83092b14-c85e-410d-8ebe-c6abcfadb07e,f4b8122c-8b42-473d-bec4-396b5cf3471c,https://awrznjnofgmlqjiayhoi.supabase.co/storage/v1/object/public/yacht-images/new-yachts/f4b8122c-8b42-473d-bec4-396b5cf3471c/f4b8122c-8b42-473d-bec4-396b5cf3471c-11.webp,new-yachts/f4b8122c-8b42-473d-bec4-396b5cf3471c/f4b8122c-8b42-473d-bec4-396b5cf3471c-11.webp,11,2026-03-13 10:29:06.573643+00
834a5984-e9df-4e31-917b-9937cffb3697,3c3b41d1-6a5d-4bff-9ac4-74151a516eb2,https://awrznjnofgmlqjiayhoi.supabase.co/storage/v1/object/public/yacht-images/new-yachts/3c3b41d1-6a5d-4bff-9ac4-74151a516eb2/3c3b41d1-6a5d-4bff-9ac4-74151a516eb2-6.jpg,new-yachts/3c3b41d1-6a5d-4bff-9ac4-74151a516eb2/3c3b41d1-6a5d-4bff-9ac4-74151a516eb2-6.jpg,6,2026-04-22 17:43:05.370977+00
834a7614-d400-4016-8bf8-74e25b4d6738,82e61cac-cd66-43b8-93f1-8a31b9a344f1,https://awrznjnofgmlqjiayhoi.supabase.co/storage/v1/object/public/yacht-images/new-yachts/82e61cac-cd66-43b8-93f1-8a31b9a344f1/82e61cac-cd66-43b8-93f1-8a31b9a344f1-5.webp,new-yachts/82e61cac-cd66-43b8-93f1-8a31b9a344f1/82e61cac-cd66-43b8-93f1-8a31b9a344f1-5.webp,5,2026-02-28 18:56:28.741739+00
834b99dd-c144-4b28-9b30-640ebeaf200d,c94ca279-8bba-4a24-b161-a4b3ca384209,https://awrznjnofgmlqjiayhoi.supabase.co/storage/v1/object/public/yacht-images/new-yachts/c94ca279-8bba-4a24-b161-a4b3ca384209/c94ca279-8bba-4a24-b161-a4b3ca384209-1.jpg,new-yachts/c94ca279-8bba-4a24-b161-a4b3ca384209/c94ca279-8bba-4a24-b161-a4b3ca384209-1.jpg,1,2026-03-26 21:58:42.393504+00
8357b020-3c62-49ab-a8da-0f4a1ef94313,09b2328a-b514-4c89-abe8-41c332218a64,https://awrznjnofgmlqjiayhoi.supabase.co/storage/v1/object/public/yacht-images/new-yachts/09b2328a-b514-4c89-abe8-41c332218a64/09b2328a-b514-4c89-abe8-41c332218a64-8.jpg,new-yachts/09b2328a-b514-4c89-abe8-41c332218a64/09b2328a-b514-4c89-abe8-41c332218a64-8.jpg,8,2026-04-22 18:29:32.385632+00
83d6e45c-75dc-4b7b-b8ce-adb46e36e908,5571b971-bc7b-4c6f-ba4e-1b2beef70fe0,https://awrznjnofgmlqjiayhoi.supabase.co/storage/v1/object/public/yacht-images/new-yachts/5571b971-bc7b-4c6f-ba4e-1b2beef70fe0/5571b971-bc7b-4c6f-ba4e-1b2beef70fe0-5.jpg,new-yachts/5571b971-bc7b-4c6f-ba4e-1b2beef70fe0/5571b971-bc7b-4c6f-ba4e-1b2beef70fe0-5.jpg,5,2026-04-23 10:17:01.4609+00
84196cbb-188e-4108-ad74-d547e1c5688a,e77f9842-d7df-4821-aaea-022f37c657ab,https://awrznjnofgmlqjiayhoi.supabase.co/storage/v1/object/public/yacht-images/new-yachts/e77f9842-d7df-4821-aaea-022f37c657ab/e77f9842-d7df-4821-aaea-022f37c657ab-5.jpg,new-yachts/e77f9842-d7df-4821-aaea-022f37c657ab/e77f9842-d7df-4821-aaea-022f37c657ab-5.jpg,5,2026-04-22 15:02:35.719075+00
8430c594-d7ed-4cad-b143-eb534b6bb134,c04837c6-f2a3-4118-a6b3-0acd537b2841,https://awrznjnofgmlqjiayhoi.supabase.co/storage/v1/object/public/yacht-images/new-yachts/c04837c6-f2a3-4118-a6b3-0acd537b2841/c04837c6-f2a3-4118-a6b3-0acd537b2841-3.jpg,new-yachts/c04837c6-f2a3-4118-a6b3-0acd537b2841/c04837c6-f2a3-4118-a6b3-0acd537b2841-3.jpg,3,2026-04-22 18:40:35.524101+00
84433882-5dbc-4af6-8e7f-19cba81f67bf,237c6c51-03ca-4beb-9c4a-7ff0afb95627,https://awrznjnofgmlqjiayhoi.supabase.co/storage/v1/object/public/yacht-images/new-yachts/237c6c51-03ca-4beb-9c4a-7ff0afb95627/237c6c51-03ca-4beb-9c4a-7ff0afb95627-9.jpg,new-yachts/237c6c51-03ca-4beb-9c4a-7ff0afb95627/237c6c51-03ca-4beb-9c4a-7ff0afb95627-9.jpg,9,2026-04-22 14:48:14.826179+00
8458551f-5995-462b-b2b6-91cc045ba09d,15b49175-2c23-45b4-ae75-868c180ffcb1,https://awrznjnofgmlqjiayhoi.supabase.co/storage/v1/object/public/yacht-images/new-yachts/15b49175-2c23-45b4-ae75-868c180ffcb1/15b49175-2c23-45b4-ae75-868c180ffcb1-2.jpg,new-yachts/15b49175-2c23-45b4-ae75-868c180ffcb1/15b49175-2c23-45b4-ae75-868c180ffcb1-2.jpg,2,2026-04-08 12:50:57.037796+00
846adadf-ab15-4aee-b490-bdc6d13997c3,0c015923-44a5-4de2-8d0c-532e76fc17c7,https://awrznjnofgmlqjiayhoi.supabase.co/storage/v1/object/public/yacht-images/new-yachts/0c015923-44a5-4de2-8d0c-532e76fc17c7/0c015923-44a5-4de2-8d0c-532e76fc17c7-5.jpg,new-yachts/0c015923-44a5-4de2-8d0c-532e76fc17c7/0c015923-44a5-4de2-8d0c-532e76fc17c7-5.jpg,5,2026-04-22 16:25:15.094767+00
8486c09a-241e-447f-8ec2-c2f40d0ab873,8a77f565-5102-400b-8aa3-31584a24881f,https://awrznjnofgmlqjiayhoi.supabase.co/storage/v1/object/public/yacht-images/new-yachts/8a77f565-5102-400b-8aa3-31584a24881f/8a77f565-5102-400b-8aa3-31584a24881f-3.jpg,new-yachts/8a77f565-5102-400b-8aa3-31584a24881f/8a77f565-5102-400b-8aa3-31584a24881f-3.jpg,3,2026-04-22 18:25:12.120539+00
84962f5c-d44f-4eda-9be7-608d7f72760e,a8d19c2b-a5f4-4fd2-ae34-4b4128a138e3,https://awrznjnofgmlqjiayhoi.supabase.co/storage/v1/object/public/yacht-images/new-yachts/a8d19c2b-a5f4-4fd2-ae34-4b4128a138e3/a8d19c2b-a5f4-4fd2-ae34-4b4128a138e3-7.jpg,new-yachts/a8d19c2b-a5f4-4fd2-ae34-4b4128a138e3/a8d19c2b-a5f4-4fd2-ae34-4b4128a138e3-7.jpg,7,2026-04-22 17:31:36.363592+00
84a820da-8353-4614-a85c-62f64ebbe1b0,1704a176-5465-40dc-b932-b84d54f40baa,https://awrznjnofgmlqjiayhoi.supabase.co/storage/v1/object/public/yacht-images/new-yachts/1704a176-5465-40dc-b932-b84d54f40baa/1704a176-5465-40dc-b932-b84d54f40baa-1.jpg,new-yachts/1704a176-5465-40dc-b932-b84d54f40baa/1704a176-5465-40dc-b932-b84d54f40baa-1.jpg,1,2026-03-27 19:23:00.106836+00
84d5e977-c7ed-4fb7-a6ca-ea7bac596a70,a6a12e4a-1f13-40ae-a2d3-5fcc38532e12,https://awrznjnofgmlqjiayhoi.supabase.co/storage/v1/object/public/yacht-images/new-yachts/a6a12e4a-1f13-40ae-a2d3-5fcc38532e12/a6a12e4a-1f13-40ae-a2d3-5fcc38532e12-7.jpg,new-yachts/a6a12e4a-1f13-40ae-a2d3-5fcc38532e12/a6a12e4a-1f13-40ae-a2d3-5fcc38532e12-7.jpg,7,2026-04-22 14:43:17.765954+00
84e0f10b-4f0e-4f18-a02e-ae4be7dd8056,ab0c1dd1-5ed6-41ab-a24d-1c7176b1487b,https://awrznjnofgmlqjiayhoi.supabase.co/storage/v1/object/public/yacht-images/new-yachts/ab0c1dd1-5ed6-41ab-a24d-1c7176b1487b/ab0c1dd1-5ed6-41ab-a24d-1c7176b1487b-2.jpg,new-yachts/ab0c1dd1-5ed6-41ab-a24d-1c7176b1487b/ab0c1dd1-5ed6-41ab-a24d-1c7176b1487b-2.jpg,2,2026-04-22 18:37:55.547634+00
8507f4a5-e414-472d-98fa-06735b1f6132,7a218c13-b279-49d9-8ee4-bec942046f18,https://awrznjnofgmlqjiayhoi.supabase.co/storage/v1/object/public/yacht-images/new-yachts/7a218c13-b279-49d9-8ee4-bec942046f18/7a218c13-b279-49d9-8ee4-bec942046f18-2.jpg,new-yachts/7a218c13-b279-49d9-8ee4-bec942046f18/7a218c13-b279-49d9-8ee4-bec942046f18-2.jpg,2,2026-04-23 12:59:58.757832+00
850c0d0f-1c59-481e-93c2-873f7dbedc83,1646a0a5-5fa5-410b-8b32-7ade84fab230,https://awrznjnofgmlqjiayhoi.supabase.co/storage/v1/object/public/yacht-images/new-yachts/1646a0a5-5fa5-410b-8b32-7ade84fab230/1646a0a5-5fa5-410b-8b32-7ade84fab230-8.jpg,new-yachts/1646a0a5-5fa5-410b-8b32-7ade84fab230/1646a0a5-5fa5-410b-8b32-7ade84fab230-8.jpg,8,2026-04-24 00:44:41.591817+00
85153244-507b-4c22-8ca2-4ab1e90dffdd,e8098cfa-12af-43f8-8f79-66a356ab8eea,https://awrznjnofgmlqjiayhoi.supabase.co/storage/v1/object/public/yacht-images/new-yachts/e8098cfa-12af-43f8-8f79-66a356ab8eea/e8098cfa-12af-43f8-8f79-66a356ab8eea-7.jpg,new-yachts/e8098cfa-12af-43f8-8f79-66a356ab8eea/e8098cfa-12af-43f8-8f79-66a356ab8eea-7.jpg,7,2026-04-22 17:30:36.082238+00
852a90e2-22e3-439b-85ed-f68ed7b2f95a,c7824eeb-5781-49ee-b923-aa636e73cb36,https://awrznjnofgmlqjiayhoi.supabase.co/storage/v1/object/public/yacht-images/new-yachts/c7824eeb-5781-49ee-b923-aa636e73cb36/c7824eeb-5781-49ee-b923-aa636e73cb36-5.jpg,new-yachts/c7824eeb-5781-49ee-b923-aa636e73cb36/c7824eeb-5781-49ee-b923-aa636e73cb36-5.jpg,5,2026-04-24 00:24:31.447075+00
852ef0bd-1ae5-4781-a19d-2a556345b0b0,09b2328a-b514-4c89-abe8-41c332218a64,https://awrznjnofgmlqjiayhoi.supabase.co/storage/v1/object/public/yacht-images/new-yachts/09b2328a-b514-4c89-abe8-41c332218a64/09b2328a-b514-4c89-abe8-41c332218a64-6.jpg,new-yachts/09b2328a-b514-4c89-abe8-41c332218a64/09b2328a-b514-4c89-abe8-41c332218a64-6.jpg,6,2026-04-22 18:29:31.06903+00
854894e0-a65f-405a-9cc0-c9ef8f8f4cf6,c062ace5-658e-4daa-a8b1-8591a5768de3,https://awrznjnofgmlqjiayhoi.supabase.co/storage/v1/object/public/yacht-images/new-yachts/c062ace5-658e-4daa-a8b1-8591a5768de3/c062ace5-658e-4daa-a8b1-8591a5768de3-1.jpg,new-yachts/c062ace5-658e-4daa-a8b1-8591a5768de3/c062ace5-658e-4daa-a8b1-8591a5768de3-1.jpg,1,2026-04-22 18:02:13.028374+00
854f55bf-e755-4ff5-9ca4-3d42047cd380,81905b1b-c4c4-4345-aaf6-8e7152bfae48,https://awrznjnofgmlqjiayhoi.supabase.co/storage/v1/object/public/yacht-images/new-yachts/81905b1b-c4c4-4345-aaf6-8e7152bfae48/81905b1b-c4c4-4345-aaf6-8e7152bfae48-11.jpg,new-yachts/81905b1b-c4c4-4345-aaf6-8e7152bfae48/81905b1b-c4c4-4345-aaf6-8e7152bfae48-11.jpg,11,2026-04-22 17:09:09.098692+00
8551af77-d550-4270-9f6a-42a330feb11c,1646a0a5-5fa5-410b-8b32-7ade84fab230,https://awrznjnofgmlqjiayhoi.supabase.co/storage/v1/object/public/yacht-images/new-yachts/1646a0a5-5fa5-410b-8b32-7ade84fab230/1646a0a5-5fa5-410b-8b32-7ade84fab230-5.jpg,new-yachts/1646a0a5-5fa5-410b-8b32-7ade84fab230/1646a0a5-5fa5-410b-8b32-7ade84fab230-5.jpg,5,2026-04-24 00:44:39.129532+00
855b9f92-b4cc-41d4-8476-13a14d0b56e3,b2cf654e-3d47-4d8a-893e-cccecaa359ac,https://awrznjnofgmlqjiayhoi.supabase.co/storage/v1/object/public/yacht-images/new-yachts/b2cf654e-3d47-4d8a-893e-cccecaa359ac/b2cf654e-3d47-4d8a-893e-cccecaa359ac-2.jpg,new-yachts/b2cf654e-3d47-4d8a-893e-cccecaa359ac/b2cf654e-3d47-4d8a-893e-cccecaa359ac-2.jpg,2,2026-04-22 18:10:13.167914+00
855e0665-d625-456b-8fb6-8d6405ea8aa1,625d8ba4-c145-4673-affb-3de4e2f03886,https://awrznjnofgmlqjiayhoi.supabase.co/storage/v1/object/public/yacht-images/new-yachts/625d8ba4-c145-4673-affb-3de4e2f03886/625d8ba4-c145-4673-affb-3de4e2f03886-5.webp,new-yachts/625d8ba4-c145-4673-affb-3de4e2f03886/625d8ba4-c145-4673-affb-3de4e2f03886-5.webp,5,2026-03-26 21:21:05.147197+00
855fbce4-12e2-4250-9b45-4fdf48a5e94c,72968c30-468e-475b-9c74-a6afb74ff62e,https://awrznjnofgmlqjiayhoi.supabase.co/storage/v1/object/public/yacht-images/new-yachts/72968c30-468e-475b-9c74-a6afb74ff62e/72968c30-468e-475b-9c74-a6afb74ff62e-8.jpg,new-yachts/72968c30-468e-475b-9c74-a6afb74ff62e/72968c30-468e-475b-9c74-a6afb74ff62e-8.jpg,8,2026-04-24 22:13:22.299429+00
85634391-e39e-4db5-8678-8db889ad2aac,173fb8d6-c365-471d-aa65-ae65f21664a3,https://awrznjnofgmlqjiayhoi.supabase.co/storage/v1/object/public/yacht-images/new-yachts/173fb8d6-c365-471d-aa65-ae65f21664a3/173fb8d6-c365-471d-aa65-ae65f21664a3-9.jpg,new-yachts/173fb8d6-c365-471d-aa65-ae65f21664a3/173fb8d6-c365-471d-aa65-ae65f21664a3-9.jpg,9,2026-04-22 18:36:18.013118+00
85a3a3ab-543f-4578-ad85-fdf9e1a431dd,649ce45c-bd0c-4bb4-97e7-fa5da64e4a18,https://awrznjnofgmlqjiayhoi.supabase.co/storage/v1/object/public/yacht-images/new-yachts/649ce45c-bd0c-4bb4-97e7-fa5da64e4a18/649ce45c-bd0c-4bb4-97e7-fa5da64e4a18-9.jpg,new-yachts/649ce45c-bd0c-4bb4-97e7-fa5da64e4a18/649ce45c-bd0c-4bb4-97e7-fa5da64e4a18-9.jpg,9,2026-04-10 12:17:03.946303+00
85a3a627-9588-4dce-8e64-7b14c9e1cace,23369539-310c-42d9-8d1a-c7fe6778be22,https://awrznjnofgmlqjiayhoi.supabase.co/storage/v1/object/public/yacht-images/new-yachts/23369539-310c-42d9-8d1a-c7fe6778be22/23369539-310c-42d9-8d1a-c7fe6778be22-9.jpg,new-yachts/23369539-310c-42d9-8d1a-c7fe6778be22/23369539-310c-42d9-8d1a-c7fe6778be22-9.jpg,9,2026-04-23 23:28:58.2532+00
85b19adf-b992-40dc-af7c-935fbda64330,68193184-66ee-493e-b2f7-72ff5c829416,https://awrznjnofgmlqjiayhoi.supabase.co/storage/v1/object/public/yacht-images/new-yachts/68193184-66ee-493e-b2f7-72ff5c829416/68193184-66ee-493e-b2f7-72ff5c829416-4.jpg,new-yachts/68193184-66ee-493e-b2f7-72ff5c829416/68193184-66ee-493e-b2f7-72ff5c829416-4.jpg,4,2026-04-24 00:34:20.674615+00
85d79b0d-3d17-476f-9552-151f5ddd7475,0c015923-44a5-4de2-8d0c-532e76fc17c7,https://awrznjnofgmlqjiayhoi.supabase.co/storage/v1/object/public/yacht-images/new-yachts/0c015923-44a5-4de2-8d0c-532e76fc17c7/0c015923-44a5-4de2-8d0c-532e76fc17c7-10.jpg,new-yachts/0c015923-44a5-4de2-8d0c-532e76fc17c7/0c015923-44a5-4de2-8d0c-532e76fc17c7-10.jpg,10,2026-04-22 16:25:19.612232+00
85e534b4-21ca-4c8a-b2d3-7671bdc3e6f1,b94a5341-8ff1-4cc3-bd0a-1c4c657e071a,https://awrznjnofgmlqjiayhoi.supabase.co/storage/v1/object/public/yacht-images/new-yachts/b94a5341-8ff1-4cc3-bd0a-1c4c657e071a/b94a5341-8ff1-4cc3-bd0a-1c4c657e071a-update-1777056743055-1.jpg,new-yachts/b94a5341-8ff1-4cc3-bd0a-1c4c657e071a/b94a5341-8ff1-4cc3-bd0a-1c4c657e071a-update-1777056743055-1.jpg,1,2026-04-24 18:52:23.705508+00
8611318d-c3a5-4074-8ebb-16e8eebbce0f,482d1927-5b7c-44d1-87a8-1cb33053bf9a,https://awrznjnofgmlqjiayhoi.supabase.co/storage/v1/object/public/yacht-images/new-yachts/482d1927-5b7c-44d1-87a8-1cb33053bf9a/482d1927-5b7c-44d1-87a8-1cb33053bf9a-4.jpg,new-yachts/482d1927-5b7c-44d1-87a8-1cb33053bf9a/482d1927-5b7c-44d1-87a8-1cb33053bf9a-4.jpg,4,2026-04-22 13:31:25.34176+00
86131e47-61d4-4b98-8dbc-b2bc5509d431,2c1b5d99-994c-4e9d-86d6-bd464d3baa0f,https://awrznjnofgmlqjiayhoi.supabase.co/storage/v1/object/public/yacht-images/new-yachts/2c1b5d99-994c-4e9d-86d6-bd464d3baa0f/2c1b5d99-994c-4e9d-86d6-bd464d3baa0f-6.webp,new-yachts/2c1b5d99-994c-4e9d-86d6-bd464d3baa0f/2c1b5d99-994c-4e9d-86d6-bd464d3baa0f-6.webp,6,2026-03-27 20:28:27.048108+00
861432f5-03b4-417a-be88-3c296f60f7ce,370c34aa-94d0-43d9-8609-7cb172eaa603,https://awrznjnofgmlqjiayhoi.supabase.co/storage/v1/object/public/yacht-images/new-yachts/370c34aa-94d0-43d9-8609-7cb172eaa603/370c34aa-94d0-43d9-8609-7cb172eaa603-7.jpg,new-yachts/370c34aa-94d0-43d9-8609-7cb172eaa603/370c34aa-94d0-43d9-8609-7cb172eaa603-7.jpg,7,2026-04-24 00:19:44.124564+00
864ce8ee-68d5-4a51-9812-71d97475e852,2202596a-f8b5-44c3-ab52-6f4d6cfc8522,https://awrznjnofgmlqjiayhoi.supabase.co/storage/v1/object/public/yacht-images/new-yachts/2202596a-f8b5-44c3-ab52-6f4d6cfc8522/2202596a-f8b5-44c3-ab52-6f4d6cfc8522-6.jpg,new-yachts/2202596a-f8b5-44c3-ab52-6f4d6cfc8522/2202596a-f8b5-44c3-ab52-6f4d6cfc8522-6.jpg,6,2026-04-22 17:24:57.509013+00
864f51bf-2568-4e02-a141-3f8e89850d61,7003d27f-6b57-46b0-a81b-704b45d99e4b,https://awrznjnofgmlqjiayhoi.supabase.co/storage/v1/object/public/yacht-images/new-yachts/7003d27f-6b57-46b0-a81b-704b45d99e4b/7003d27f-6b57-46b0-a81b-704b45d99e4b-2.jpg,new-yachts/7003d27f-6b57-46b0-a81b-704b45d99e4b/7003d27f-6b57-46b0-a81b-704b45d99e4b-2.jpg,2,2026-04-23 23:57:55.720828+00
86540fce-ef61-4c14-8889-fbe6e7576160,ba50d6c9-16f8-4617-ae3b-e2e962467098,https://awrznjnofgmlqjiayhoi.supabase.co/storage/v1/object/public/yacht-images/new-yachts/ba50d6c9-16f8-4617-ae3b-e2e962467098/ba50d6c9-16f8-4617-ae3b-e2e962467098-2.jpg,new-yachts/ba50d6c9-16f8-4617-ae3b-e2e962467098/ba50d6c9-16f8-4617-ae3b-e2e962467098-2.jpg,2,2026-04-23 12:58:48.1704+00
865c1808-90bf-4264-b302-f7aa91ed6759,8f6ead2d-9e5a-4952-89a3-fa782ef6db82,https://awrznjnofgmlqjiayhoi.supabase.co/storage/v1/object/public/yacht-images/new-yachts/8f6ead2d-9e5a-4952-89a3-fa782ef6db82/8f6ead2d-9e5a-4952-89a3-fa782ef6db82-7.jpg,new-yachts/8f6ead2d-9e5a-4952-89a3-fa782ef6db82/8f6ead2d-9e5a-4952-89a3-fa782ef6db82-7.jpg,7,2026-04-22 15:19:58.002355+00
8674b4ee-168c-4f7d-8836-20dad1ceb796,46dec82f-7d34-4f29-939d-9fcfb5d011cd,https://awrznjnofgmlqjiayhoi.supabase.co/storage/v1/object/public/yacht-images/new-yachts/46dec82f-7d34-4f29-939d-9fcfb5d011cd/46dec82f-7d34-4f29-939d-9fcfb5d011cd-3.jpg,new-yachts/46dec82f-7d34-4f29-939d-9fcfb5d011cd/46dec82f-7d34-4f29-939d-9fcfb5d011cd-3.jpg,3,2026-04-23 10:16:17.170327+00
867d6c7b-1733-4d47-b4b8-81491f1109d2,918b12a4-fcbf-46eb-8a39-6a1cc0bf196f,https://awrznjnofgmlqjiayhoi.supabase.co/storage/v1/object/public/yacht-images/new-yachts/918b12a4-fcbf-46eb-8a39-6a1cc0bf196f/918b12a4-fcbf-46eb-8a39-6a1cc0bf196f-4.jpg,new-yachts/918b12a4-fcbf-46eb-8a39-6a1cc0bf196f/918b12a4-fcbf-46eb-8a39-6a1cc0bf196f-4.jpg,4,2026-04-22 18:21:39.166496+00
86945a44-c15b-4cfd-bd98-e50ecaceaee5,918b12a4-fcbf-46eb-8a39-6a1cc0bf196f,https://awrznjnofgmlqjiayhoi.supabase.co/storage/v1/object/public/yacht-images/new-yachts/918b12a4-fcbf-46eb-8a39-6a1cc0bf196f/918b12a4-fcbf-46eb-8a39-6a1cc0bf196f-9.jpg,new-yachts/918b12a4-fcbf-46eb-8a39-6a1cc0bf196f/918b12a4-fcbf-46eb-8a39-6a1cc0bf196f-9.jpg,9,2026-04-22 18:21:42.809068+00
86c3deeb-8921-4020-95f5-e68140e6d0da,b8449191-5116-4c89-a6fe-00bd80345381,https://awrznjnofgmlqjiayhoi.supabase.co/storage/v1/object/public/yacht-images/new-yachts/b8449191-5116-4c89-a6fe-00bd80345381/b8449191-5116-4c89-a6fe-00bd80345381-1.jpg,new-yachts/b8449191-5116-4c89-a6fe-00bd80345381/b8449191-5116-4c89-a6fe-00bd80345381-1.jpg,1,2026-04-22 14:36:33.159076+00
86e80997-0b07-4679-b9ea-ed6b9613d224,a6460b88-dc2d-48c2-af4f-f2b01260ae26,https://awrznjnofgmlqjiayhoi.supabase.co/storage/v1/object/public/yacht-images/new-yachts/a6460b88-dc2d-48c2-af4f-f2b01260ae26/a6460b88-dc2d-48c2-af4f-f2b01260ae26-2.jpg,new-yachts/a6460b88-dc2d-48c2-af4f-f2b01260ae26/a6460b88-dc2d-48c2-af4f-f2b01260ae26-2.jpg,2,2026-04-23 08:50:24.346073+00
8707e3be-e4ec-47c9-bdc7-00ee560587b9,da0d8573-24f0-46e0-80ec-c1436985d90e,https://awrznjnofgmlqjiayhoi.supabase.co/storage/v1/object/public/yacht-images/new-yachts/da0d8573-24f0-46e0-80ec-c1436985d90e/da0d8573-24f0-46e0-80ec-c1436985d90e-7.webp,new-yachts/da0d8573-24f0-46e0-80ec-c1436985d90e/da0d8573-24f0-46e0-80ec-c1436985d90e-7.webp,7,2026-03-26 21:42:23.364343+00
87200351-3deb-4927-96a9-cab062edbcbc,cadd3216-79f0-42b7-9c76-190f169be432,https://awrznjnofgmlqjiayhoi.supabase.co/storage/v1/object/public/yacht-images/new-yachts/cadd3216-79f0-42b7-9c76-190f169be432/cadd3216-79f0-42b7-9c76-190f169be432-7.jpg,new-yachts/cadd3216-79f0-42b7-9c76-190f169be432/cadd3216-79f0-42b7-9c76-190f169be432-7.jpg,7,2026-04-22 15:07:10.584224+00
87528694-fe5d-44e8-9098-e211fb074c43,6ba7e223-391d-4e9a-8228-0001d2b8ad99,https://awrznjnofgmlqjiayhoi.supabase.co/storage/v1/object/public/yacht-images/new-yachts/6ba7e223-391d-4e9a-8228-0001d2b8ad99/6ba7e223-391d-4e9a-8228-0001d2b8ad99-6.jpg,new-yachts/6ba7e223-391d-4e9a-8228-0001d2b8ad99/6ba7e223-391d-4e9a-8228-0001d2b8ad99-6.jpg,6,2026-04-24 00:04:34.131974+00
875aef41-d7b1-43d6-be6f-491084bcfafa,b8449191-5116-4c89-a6fe-00bd80345381,https://awrznjnofgmlqjiayhoi.supabase.co/storage/v1/object/public/yacht-images/new-yachts/b8449191-5116-4c89-a6fe-00bd80345381/b8449191-5116-4c89-a6fe-00bd80345381-10.jpg,new-yachts/b8449191-5116-4c89-a6fe-00bd80345381/b8449191-5116-4c89-a6fe-00bd80345381-10.jpg,10,2026-04-22 14:36:38.756163+00
877cbe04-ce78-47c9-a854-ba4e7900dbc4,586b847c-46e1-42ee-97a4-5ae718d57b8c,https://awrznjnofgmlqjiayhoi.supabase.co/storage/v1/object/public/yacht-images/new-yachts/586b847c-46e1-42ee-97a4-5ae718d57b8c/586b847c-46e1-42ee-97a4-5ae718d57b8c-1.jpg,new-yachts/586b847c-46e1-42ee-97a4-5ae718d57b8c/586b847c-46e1-42ee-97a4-5ae718d57b8c-1.jpg,1,2026-03-27 20:07:13.451947+00
877f92b3-65a8-47d7-a803-aa8713375552,3b566a87-1f34-4f83-8f51-8fc988f9d292,https://awrznjnofgmlqjiayhoi.supabase.co/storage/v1/object/public/yacht-images/new-yachts/3b566a87-1f34-4f83-8f51-8fc988f9d292/3b566a87-1f34-4f83-8f51-8fc988f9d292-2.jpg,new-yachts/3b566a87-1f34-4f83-8f51-8fc988f9d292/3b566a87-1f34-4f83-8f51-8fc988f9d292-2.jpg,2,2026-04-23 09:09:31.014054+00
87a79c54-ae75-4019-8931-d592c2d418c2,ba50d6c9-16f8-4617-ae3b-e2e962467098,https://awrznjnofgmlqjiayhoi.supabase.co/storage/v1/object/public/yacht-images/new-yachts/ba50d6c9-16f8-4617-ae3b-e2e962467098/ba50d6c9-16f8-4617-ae3b-e2e962467098-7.jpg,new-yachts/ba50d6c9-16f8-4617-ae3b-e2e962467098/ba50d6c9-16f8-4617-ae3b-e2e962467098-7.jpg,7,2026-04-23 12:58:51.26123+00
87a80ad9-d97f-4f22-8e2d-2758179e77b0,7a218c13-b279-49d9-8ee4-bec942046f18,https://awrznjnofgmlqjiayhoi.supabase.co/storage/v1/object/public/yacht-images/new-yachts/7a218c13-b279-49d9-8ee4-bec942046f18/7a218c13-b279-49d9-8ee4-bec942046f18-9.jpg,new-yachts/7a218c13-b279-49d9-8ee4-bec942046f18/7a218c13-b279-49d9-8ee4-bec942046f18-9.jpg,9,2026-04-23 13:00:05.69433+00
87af9fa1-c41c-4095-bb26-7fa3d8e6508b,1789ce0b-b617-4357-911e-6152f2799f45,https://awrznjnofgmlqjiayhoi.supabase.co/storage/v1/object/public/yacht-images/new-yachts/1789ce0b-b617-4357-911e-6152f2799f45/1789ce0b-b617-4357-911e-6152f2799f45-4.jpg,new-yachts/1789ce0b-b617-4357-911e-6152f2799f45/1789ce0b-b617-4357-911e-6152f2799f45-4.jpg,4,2026-04-24 00:00:51.655839+00
87b44558-2183-472f-af82-639ecebcb7c3,1b2adf4e-a2b8-4797-b6d4-f17c62016e14,https://awrznjnofgmlqjiayhoi.supabase.co/storage/v1/object/public/yacht-images/new-yachts/1b2adf4e-a2b8-4797-b6d4-f17c62016e14/1b2adf4e-a2b8-4797-b6d4-f17c62016e14-1.jpg,new-yachts/1b2adf4e-a2b8-4797-b6d4-f17c62016e14/1b2adf4e-a2b8-4797-b6d4-f17c62016e14-1.jpg,1,2026-03-26 22:00:51.174423+00
87ce6f5e-1d0a-4769-a783-ef7294a46c2a,a54bba97-e7af-453a-bfaf-6fa33d98faba,https://awrznjnofgmlqjiayhoi.supabase.co/storage/v1/object/public/yacht-images/new-yachts/a54bba97-e7af-453a-bfaf-6fa33d98faba/a54bba97-e7af-453a-bfaf-6fa33d98faba-3.jpg,new-yachts/a54bba97-e7af-453a-bfaf-6fa33d98faba/a54bba97-e7af-453a-bfaf-6fa33d98faba-3.jpg,3,2026-04-22 18:31:30.405474+00
87e21efc-323a-449d-92da-279c629df74e,a2124144-02a4-4ec8-9f73-360dd683aa4d,https://awrznjnofgmlqjiayhoi.supabase.co/storage/v1/object/public/yacht-images/new-yachts/a2124144-02a4-4ec8-9f73-360dd683aa4d/a2124144-02a4-4ec8-9f73-360dd683aa4d-6.jpg,new-yachts/a2124144-02a4-4ec8-9f73-360dd683aa4d/a2124144-02a4-4ec8-9f73-360dd683aa4d-6.jpg,6,2026-04-24 00:50:28.720818+00
87f3bf5d-c309-493d-ac3e-5dc7eee059ab,b94a5341-8ff1-4cc3-bd0a-1c4c657e071a,https://awrznjnofgmlqjiayhoi.supabase.co/storage/v1/object/public/yacht-images/new-yachts/b94a5341-8ff1-4cc3-bd0a-1c4c657e071a/b94a5341-8ff1-4cc3-bd0a-1c4c657e071a-9.jpg,new-yachts/b94a5341-8ff1-4cc3-bd0a-1c4c657e071a/b94a5341-8ff1-4cc3-bd0a-1c4c657e071a-9.jpg,10,2026-04-24 18:51:04.606184+00
87f80279-655a-4c42-aa0c-5ae9a9c73419,9ec06a62-12e4-4bb0-9fe9-56bced3c8bc2,https://awrznjnofgmlqjiayhoi.supabase.co/storage/v1/object/public/yacht-images/new-yachts/9ec06a62-12e4-4bb0-9fe9-56bced3c8bc2/9ec06a62-12e4-4bb0-9fe9-56bced3c8bc2-2.jpg,new-yachts/9ec06a62-12e4-4bb0-9fe9-56bced3c8bc2/9ec06a62-12e4-4bb0-9fe9-56bced3c8bc2-2.jpg,2,2026-04-24 22:46:55.311805+00
88209e6a-3c7b-4db2-af20-e3ee6032d520,173fb8d6-c365-471d-aa65-ae65f21664a3,https://awrznjnofgmlqjiayhoi.supabase.co/storage/v1/object/public/yacht-images/new-yachts/173fb8d6-c365-471d-aa65-ae65f21664a3/173fb8d6-c365-471d-aa65-ae65f21664a3-2.jpg,new-yachts/173fb8d6-c365-471d-aa65-ae65f21664a3/173fb8d6-c365-471d-aa65-ae65f21664a3-2.jpg,2,2026-04-22 18:36:13.306096+00
883b3b60-4bd1-433b-9d28-fd507f4d9049,8e78c2bb-81da-4ae6-b09a-264a4e7f76ad,https://awrznjnofgmlqjiayhoi.supabase.co/storage/v1/object/public/yacht-images/new-yachts/8e78c2bb-81da-4ae6-b09a-264a4e7f76ad/8e78c2bb-81da-4ae6-b09a-264a4e7f76ad-9.jpg,new-yachts/8e78c2bb-81da-4ae6-b09a-264a4e7f76ad/8e78c2bb-81da-4ae6-b09a-264a4e7f76ad-9.jpg,9,2026-04-23 08:30:46.47631+00
8883fae8-b848-4476-82d5-addbb3ac3383,f1e49c91-4d25-4d02-b49c-79dd115b7609,https://awrznjnofgmlqjiayhoi.supabase.co/storage/v1/object/public/yacht-images/new-yachts/f1e49c91-4d25-4d02-b49c-79dd115b7609/f1e49c91-4d25-4d02-b49c-79dd115b7609-1.jpg,new-yachts/f1e49c91-4d25-4d02-b49c-79dd115b7609/f1e49c91-4d25-4d02-b49c-79dd115b7609-1.jpg,1,2026-03-27 19:57:12.622754+00
888ab935-500d-4ccb-a85e-e1b81561882a,ac182776-f01d-4983-b3bf-a962f90c42c5,https://awrznjnofgmlqjiayhoi.supabase.co/storage/v1/object/public/yacht-images/new-yachts/ac182776-f01d-4983-b3bf-a962f90c42c5/ac182776-f01d-4983-b3bf-a962f90c42c5-1.webp,new-yachts/ac182776-f01d-4983-b3bf-a962f90c42c5/ac182776-f01d-4983-b3bf-a962f90c42c5-1.webp,1,2026-03-12 20:50:30.18825+00
889ddc1b-24c8-4e97-aebe-2213683c91ef,44637863-e1b1-4505-9f38-065853e6693c,https://awrznjnofgmlqjiayhoi.supabase.co/storage/v1/object/public/yacht-images/new-yachts/44637863-e1b1-4505-9f38-065853e6693c/44637863-e1b1-4505-9f38-065853e6693c-10.jpg,new-yachts/44637863-e1b1-4505-9f38-065853e6693c/44637863-e1b1-4505-9f38-065853e6693c-10.jpg,10,2026-04-22 15:15:27.773334+00
88a7bb78-f2c9-4210-99dd-f4615b837b9b,c8c5aac8-0250-456f-8eae-5c72e98aec4c,https://awrznjnofgmlqjiayhoi.supabase.co/storage/v1/object/public/yacht-images/new-yachts/c8c5aac8-0250-456f-8eae-5c72e98aec4c/c8c5aac8-0250-456f-8eae-5c72e98aec4c-5.jpg,new-yachts/c8c5aac8-0250-456f-8eae-5c72e98aec4c/c8c5aac8-0250-456f-8eae-5c72e98aec4c-5.jpg,5,2026-04-24 00:28:18.94044+00
88b605f5-92eb-47ec-bbcc-3ede8c70387c,b3f88d6a-810a-498e-b142-070a89081c74,https://awrznjnofgmlqjiayhoi.supabase.co/storage/v1/object/public/yacht-images/new-yachts/b3f88d6a-810a-498e-b142-070a89081c74/b3f88d6a-810a-498e-b142-070a89081c74-5.webp,new-yachts/b3f88d6a-810a-498e-b142-070a89081c74/b3f88d6a-810a-498e-b142-070a89081c74-5.webp,5,2026-03-26 21:54:09.455966+00
88b85799-3911-4ae5-a576-96bc3c801b8c,7c786725-2810-4b6c-ab69-e4001a918ea0,https://awrznjnofgmlqjiayhoi.supabase.co/storage/v1/object/public/yacht-images/new-yachts/7c786725-2810-4b6c-ab69-e4001a918ea0/7c786725-2810-4b6c-ab69-e4001a918ea0-3.jpg,new-yachts/7c786725-2810-4b6c-ab69-e4001a918ea0/7c786725-2810-4b6c-ab69-e4001a918ea0-3.jpg,3,2026-04-24 13:38:02.682995+00
88d2034f-c22f-49ab-b4b3-3d0f5e3ba44b,4c428a0f-213e-4899-b826-1f110b9fee53,https://awrznjnofgmlqjiayhoi.supabase.co/storage/v1/object/public/yacht-images/new-yachts/4c428a0f-213e-4899-b826-1f110b9fee53/4c428a0f-213e-4899-b826-1f110b9fee53-9.jpg,new-yachts/4c428a0f-213e-4899-b826-1f110b9fee53/4c428a0f-213e-4899-b826-1f110b9fee53-9.jpg,9,2026-04-23 09:23:17.570247+00
88f76514-d59b-47ba-ab66-2f7cf5d28793,a69a9812-58a7-4d71-a440-bc590bafee7e,https://awrznjnofgmlqjiayhoi.supabase.co/storage/v1/object/public/yacht-images/new-yachts/a69a9812-58a7-4d71-a440-bc590bafee7e/a69a9812-58a7-4d71-a440-bc590bafee7e-update-1774554947200-1.jpg,new-yachts/a69a9812-58a7-4d71-a440-bc590bafee7e/a69a9812-58a7-4d71-a440-bc590bafee7e-update-1774554947200-1.jpg,1,2026-03-26 19:55:48.155916+00
893e0a85-ec15-43da-b5a0-61c88b2897f7,ab0c1dd1-5ed6-41ab-a24d-1c7176b1487b,https://awrznjnofgmlqjiayhoi.supabase.co/storage/v1/object/public/yacht-images/new-yachts/ab0c1dd1-5ed6-41ab-a24d-1c7176b1487b/ab0c1dd1-5ed6-41ab-a24d-1c7176b1487b-4.jpg,new-yachts/ab0c1dd1-5ed6-41ab-a24d-1c7176b1487b/ab0c1dd1-5ed6-41ab-a24d-1c7176b1487b-4.jpg,4,2026-04-22 18:37:56.869902+00
8951f6ce-e3e4-4c12-bc64-75693c3cb234,e77f9842-d7df-4821-aaea-022f37c657ab,https://awrznjnofgmlqjiayhoi.supabase.co/storage/v1/object/public/yacht-images/new-yachts/e77f9842-d7df-4821-aaea-022f37c657ab/e77f9842-d7df-4821-aaea-022f37c657ab-4.jpg,new-yachts/e77f9842-d7df-4821-aaea-022f37c657ab/e77f9842-d7df-4821-aaea-022f37c657ab-4.jpg,4,2026-04-22 15:02:34.960274+00
8953bbe7-e61f-4388-90bf-0f208d5563dc,8e78c2bb-81da-4ae6-b09a-264a4e7f76ad,https://awrznjnofgmlqjiayhoi.supabase.co/storage/v1/object/public/yacht-images/new-yachts/8e78c2bb-81da-4ae6-b09a-264a4e7f76ad/8e78c2bb-81da-4ae6-b09a-264a4e7f76ad-6.jpg,new-yachts/8e78c2bb-81da-4ae6-b09a-264a4e7f76ad/8e78c2bb-81da-4ae6-b09a-264a4e7f76ad-6.jpg,6,2026-04-23 08:30:44.103725+00
89858436-67dc-4998-a8f8-1d61d2cf0190,2eb81586-9a48-4d27-8380-edf002eb08db,https://awrznjnofgmlqjiayhoi.supabase.co/storage/v1/object/public/yacht-images/new-yachts/2eb81586-9a48-4d27-8380-edf002eb08db/2eb81586-9a48-4d27-8380-edf002eb08db-11.jpg,new-yachts/2eb81586-9a48-4d27-8380-edf002eb08db/2eb81586-9a48-4d27-8380-edf002eb08db-11.jpg,11,2026-04-24 17:57:08.607872+00
898602e7-3c7a-4a72-a3b4-57c099003f5b,00f407c0-a7b1-4072-8165-acc95c322bae,https://awrznjnofgmlqjiayhoi.supabase.co/storage/v1/object/public/yacht-images/new-yachts/00f407c0-a7b1-4072-8165-acc95c322bae/00f407c0-a7b1-4072-8165-acc95c322bae-9.jpg,new-yachts/00f407c0-a7b1-4072-8165-acc95c322bae/00f407c0-a7b1-4072-8165-acc95c322bae-9.jpg,9,2026-04-24 21:47:04.058013+00
89a87d1f-9dfa-487f-892c-518d5d543a4f,6a4ed0f9-5fb9-4acf-b027-dab0d6b648d0,https://awrznjnofgmlqjiayhoi.supabase.co/storage/v1/object/public/yacht-images/new-yachts/6a4ed0f9-5fb9-4acf-b027-dab0d6b648d0/6a4ed0f9-5fb9-4acf-b027-dab0d6b648d0-3.webp,new-yachts/6a4ed0f9-5fb9-4acf-b027-dab0d6b648d0/6a4ed0f9-5fb9-4acf-b027-dab0d6b648d0-3.webp,3,2026-03-26 21:32:28.180069+00
89e84317-6a0d-4d52-8f3b-e0bdb71a210b,09b2328a-b514-4c89-abe8-41c332218a64,https://awrznjnofgmlqjiayhoi.supabase.co/storage/v1/object/public/yacht-images/new-yachts/09b2328a-b514-4c89-abe8-41c332218a64/09b2328a-b514-4c89-abe8-41c332218a64-9.jpg,new-yachts/09b2328a-b514-4c89-abe8-41c332218a64/09b2328a-b514-4c89-abe8-41c332218a64-9.jpg,9,2026-04-22 18:29:33.06258+00
8a0d3b35-9cf5-4700-8947-9ec45592ea8b,68193184-66ee-493e-b2f7-72ff5c829416,https://awrznjnofgmlqjiayhoi.supabase.co/storage/v1/object/public/yacht-images/new-yachts/68193184-66ee-493e-b2f7-72ff5c829416/68193184-66ee-493e-b2f7-72ff5c829416-9.jpg,new-yachts/68193184-66ee-493e-b2f7-72ff5c829416/68193184-66ee-493e-b2f7-72ff5c829416-9.jpg,9,2026-04-24 00:34:24.208552+00
8a0ff63e-9d6e-41ec-ab8b-b5fb3163235c,72968c30-468e-475b-9c74-a6afb74ff62e,https://awrznjnofgmlqjiayhoi.supabase.co/storage/v1/object/public/yacht-images/new-yachts/72968c30-468e-475b-9c74-a6afb74ff62e/72968c30-468e-475b-9c74-a6afb74ff62e-7.jpg,new-yachts/72968c30-468e-475b-9c74-a6afb74ff62e/72968c30-468e-475b-9c74-a6afb74ff62e-7.jpg,7,2026-04-24 22:13:21.687737+00
8a2b08f0-b108-4e48-9920-a3c2c3ed5c78,6b05344c-d84a-40d5-b8a8-c8d00eccfb7d,https://awrznjnofgmlqjiayhoi.supabase.co/storage/v1/object/public/yacht-images/new-yachts/6b05344c-d84a-40d5-b8a8-c8d00eccfb7d/6b05344c-d84a-40d5-b8a8-c8d00eccfb7d-2.jpg,new-yachts/6b05344c-d84a-40d5-b8a8-c8d00eccfb7d/6b05344c-d84a-40d5-b8a8-c8d00eccfb7d-2.jpg,2,2026-04-22 17:22:21.57526+00
8a31e032-030b-41a0-af4f-32d111a0f76b,01c63518-616e-4da3-85ce-f598fe1975d2,https://awrznjnofgmlqjiayhoi.supabase.co/storage/v1/object/public/yacht-images/new-yachts/01c63518-616e-4da3-85ce-f598fe1975d2/01c63518-616e-4da3-85ce-f598fe1975d2-6.jpg,new-yachts/01c63518-616e-4da3-85ce-f598fe1975d2/01c63518-616e-4da3-85ce-f598fe1975d2-6.jpg,6,2026-04-24 21:26:40.425993+00
8a833c71-f434-44db-b01b-9b29948dfe42,d7003aa7-7557-4e21-b9ce-73e4908e49a3,https://awrznjnofgmlqjiayhoi.supabase.co/storage/v1/object/public/yacht-images/new-yachts/d7003aa7-7557-4e21-b9ce-73e4908e49a3/d7003aa7-7557-4e21-b9ce-73e4908e49a3-11.jpg,new-yachts/d7003aa7-7557-4e21-b9ce-73e4908e49a3/d7003aa7-7557-4e21-b9ce-73e4908e49a3-11.jpg,11,2026-04-23 08:24:19.341308+00
8a9a96dd-e672-42d3-94ad-601d79c8a2a0,8a77f565-5102-400b-8aa3-31584a24881f,https://awrznjnofgmlqjiayhoi.supabase.co/storage/v1/object/public/yacht-images/new-yachts/8a77f565-5102-400b-8aa3-31584a24881f/8a77f565-5102-400b-8aa3-31584a24881f-9.jpg,new-yachts/8a77f565-5102-400b-8aa3-31584a24881f/8a77f565-5102-400b-8aa3-31584a24881f-9.jpg,9,2026-04-22 18:25:17.238957+00
8a9d4d3a-6318-4b20-9bf4-571a09931110,b2cf654e-3d47-4d8a-893e-cccecaa359ac,https://awrznjnofgmlqjiayhoi.supabase.co/storage/v1/object/public/yacht-images/new-yachts/b2cf654e-3d47-4d8a-893e-cccecaa359ac/b2cf654e-3d47-4d8a-893e-cccecaa359ac-5.jpg,new-yachts/b2cf654e-3d47-4d8a-893e-cccecaa359ac/b2cf654e-3d47-4d8a-893e-cccecaa359ac-5.jpg,5,2026-04-22 18:10:15.370298+00
8b03a848-4294-4677-8505-5b6c6c536f33,044f0cd0-401b-4f8f-b83f-727774222f6e,https://awrznjnofgmlqjiayhoi.supabase.co/storage/v1/object/public/yacht-images/new-yachts/044f0cd0-401b-4f8f-b83f-727774222f6e/044f0cd0-401b-4f8f-b83f-727774222f6e-4.jpg,new-yachts/044f0cd0-401b-4f8f-b83f-727774222f6e/044f0cd0-401b-4f8f-b83f-727774222f6e-4.jpg,4,2026-04-23 09:20:29.600467+00
8b29b0ec-17dc-46d2-bcf8-36e794b80c40,4fb9b399-1afd-4ea0-b598-84b98be9613f,https://awrznjnofgmlqjiayhoi.supabase.co/storage/v1/object/public/yacht-images/new-yachts/4fb9b399-1afd-4ea0-b598-84b98be9613f/4fb9b399-1afd-4ea0-b598-84b98be9613f-9.jpg,new-yachts/4fb9b399-1afd-4ea0-b598-84b98be9613f/4fb9b399-1afd-4ea0-b598-84b98be9613f-9.jpg,9,2026-04-23 09:21:30.283387+00
8b31da0d-2f40-4c49-bf4f-e009a199a3ef,d16d9367-4755-45dc-be09-d6072850e312,https://awrznjnofgmlqjiayhoi.supabase.co/storage/v1/object/public/yacht-images/new-yachts/d16d9367-4755-45dc-be09-d6072850e312/d16d9367-4755-45dc-be09-d6072850e312-3.webp,new-yachts/d16d9367-4755-45dc-be09-d6072850e312/d16d9367-4755-45dc-be09-d6072850e312-3.webp,3,2026-03-27 20:08:45.173773+00
8b86773e-0eed-4a9f-b357-bbe10d5d52d4,01c63518-616e-4da3-85ce-f598fe1975d2,https://awrznjnofgmlqjiayhoi.supabase.co/storage/v1/object/public/yacht-images/new-yachts/01c63518-616e-4da3-85ce-f598fe1975d2/01c63518-616e-4da3-85ce-f598fe1975d2-7.jpg,new-yachts/01c63518-616e-4da3-85ce-f598fe1975d2/01c63518-616e-4da3-85ce-f598fe1975d2-7.jpg,7,2026-04-24 21:26:41.002809+00
8b92c38c-5c5e-4818-8b2c-678e99d708ff,a54bba97-e7af-453a-bfaf-6fa33d98faba,https://awrznjnofgmlqjiayhoi.supabase.co/storage/v1/object/public/yacht-images/new-yachts/a54bba97-e7af-453a-bfaf-6fa33d98faba/a54bba97-e7af-453a-bfaf-6fa33d98faba-8.jpg,new-yachts/a54bba97-e7af-453a-bfaf-6fa33d98faba/a54bba97-e7af-453a-bfaf-6fa33d98faba-8.jpg,8,2026-04-22 18:31:33.786252+00
8b958380-0d96-4a5b-a595-0d7839b797a3,a333914a-50aa-4524-8f4c-1583fcdc0ade,https://awrznjnofgmlqjiayhoi.supabase.co/storage/v1/object/public/yacht-images/new-yachts/a333914a-50aa-4524-8f4c-1583fcdc0ade/a333914a-50aa-4524-8f4c-1583fcdc0ade-3.jpg,new-yachts/a333914a-50aa-4524-8f4c-1583fcdc0ade/a333914a-50aa-4524-8f4c-1583fcdc0ade-3.jpg,3,2026-04-22 17:12:25.502769+00
8bb4b045-0adf-4f74-8037-0474f2d7bf31,e8098cfa-12af-43f8-8f79-66a356ab8eea,https://awrznjnofgmlqjiayhoi.supabase.co/storage/v1/object/public/yacht-images/new-yachts/e8098cfa-12af-43f8-8f79-66a356ab8eea/e8098cfa-12af-43f8-8f79-66a356ab8eea-9.jpg,new-yachts/e8098cfa-12af-43f8-8f79-66a356ab8eea/e8098cfa-12af-43f8-8f79-66a356ab8eea-9.jpg,9,2026-04-22 17:30:37.482863+00
8bb5518d-51ba-44ca-94bb-9e30ca227cd9,beba534d-c9f8-44f9-b8e1-c708ceced8f3,https://awrznjnofgmlqjiayhoi.supabase.co/storage/v1/object/public/yacht-images/new-yachts/beba534d-c9f8-44f9-b8e1-c708ceced8f3/beba534d-c9f8-44f9-b8e1-c708ceced8f3-3.jpg,new-yachts/beba534d-c9f8-44f9-b8e1-c708ceced8f3/beba534d-c9f8-44f9-b8e1-c708ceced8f3-3.jpg,3,2026-04-10 12:13:39.565961+00
8bb5afc3-619b-4827-8c62-1b4024e0b78b,e8098cfa-12af-43f8-8f79-66a356ab8eea,https://awrznjnofgmlqjiayhoi.supabase.co/storage/v1/object/public/yacht-images/new-yachts/e8098cfa-12af-43f8-8f79-66a356ab8eea/e8098cfa-12af-43f8-8f79-66a356ab8eea-5.jpg,new-yachts/e8098cfa-12af-43f8-8f79-66a356ab8eea/e8098cfa-12af-43f8-8f79-66a356ab8eea-5.jpg,5,2026-04-22 17:30:34.658046+00
8bd617df-1728-4a47-8cdf-bbc085eda418,dc252fdc-3279-49b1-b4bd-e577dc402ce7,https://awrznjnofgmlqjiayhoi.supabase.co/storage/v1/object/public/yacht-images/new-yachts/dc252fdc-3279-49b1-b4bd-e577dc402ce7/dc252fdc-3279-49b1-b4bd-e577dc402ce7-5.jpg,new-yachts/dc252fdc-3279-49b1-b4bd-e577dc402ce7/dc252fdc-3279-49b1-b4bd-e577dc402ce7-5.jpg,5,2026-04-23 10:15:28.703769+00
8bdddb35-0995-49e4-b244-7b14f37eaa91,181ed202-b6c2-4bd0-ac28-1d1f2115dea3,https://awrznjnofgmlqjiayhoi.supabase.co/storage/v1/object/public/yacht-images/new-yachts/181ed202-b6c2-4bd0-ac28-1d1f2115dea3/181ed202-b6c2-4bd0-ac28-1d1f2115dea3-6.jpg,new-yachts/181ed202-b6c2-4bd0-ac28-1d1f2115dea3/181ed202-b6c2-4bd0-ac28-1d1f2115dea3-6.jpg,6,2026-04-22 17:10:58.35446+00
8bfd1e07-a43d-47d8-980c-758c34417937,7a218c13-b279-49d9-8ee4-bec942046f18,https://awrznjnofgmlqjiayhoi.supabase.co/storage/v1/object/public/yacht-images/new-yachts/7a218c13-b279-49d9-8ee4-bec942046f18/7a218c13-b279-49d9-8ee4-bec942046f18-5.jpg,new-yachts/7a218c13-b279-49d9-8ee4-bec942046f18/7a218c13-b279-49d9-8ee4-bec942046f18-5.jpg,5,2026-04-23 13:00:01.477212+00
8c0db112-f5ae-47e5-9e19-3b56962721d1,d0282847-d186-4083-920d-8b329d9ebfce,https://awrznjnofgmlqjiayhoi.supabase.co/storage/v1/object/public/yacht-images/new-yachts/d0282847-d186-4083-920d-8b329d9ebfce/d0282847-d186-4083-920d-8b329d9ebfce-1.jpg,new-yachts/d0282847-d186-4083-920d-8b329d9ebfce/d0282847-d186-4083-920d-8b329d9ebfce-1.jpg,1,2026-04-24 00:51:47.416917+00
8c21dbbd-6f92-4af9-8448-46156f4c63c7,63ad6431-db18-41ce-b5fe-09ecb9205943,https://awrznjnofgmlqjiayhoi.supabase.co/storage/v1/object/public/yacht-images/new-yachts/63ad6431-db18-41ce-b5fe-09ecb9205943/63ad6431-db18-41ce-b5fe-09ecb9205943-8.jpg,new-yachts/63ad6431-db18-41ce-b5fe-09ecb9205943/63ad6431-db18-41ce-b5fe-09ecb9205943-8.jpg,8,2026-04-23 13:47:23.519407+00
8c3d887c-d4cc-487d-9eb2-088ed7fd56c4,eb2fce67-a66b-40a5-94ae-50cceec70566,https://awrznjnofgmlqjiayhoi.supabase.co/storage/v1/object/public/yacht-images/new-yachts/eb2fce67-a66b-40a5-94ae-50cceec70566/eb2fce67-a66b-40a5-94ae-50cceec70566-11.jpg,new-yachts/eb2fce67-a66b-40a5-94ae-50cceec70566/eb2fce67-a66b-40a5-94ae-50cceec70566-11.jpg,11,2026-04-22 17:07:15.230036+00
8c531048-95d6-4c75-af9d-984152d0f699,5b8bf348-8319-4418-ad3e-0166da6ea16c,https://awrznjnofgmlqjiayhoi.supabase.co/storage/v1/object/public/yacht-images/new-yachts/5b8bf348-8319-4418-ad3e-0166da6ea16c/5b8bf348-8319-4418-ad3e-0166da6ea16c-2.webp,new-yachts/5b8bf348-8319-4418-ad3e-0166da6ea16c/5b8bf348-8319-4418-ad3e-0166da6ea16c-2.webp,2,2026-03-26 19:39:04.762686+00
8c6e9c39-ec37-4c16-b7e6-ebc11f030007,ef48375a-8612-4743-87f7-8e1b9bacadce,https://awrznjnofgmlqjiayhoi.supabase.co/storage/v1/object/public/yacht-images/new-yachts/ef48375a-8612-4743-87f7-8e1b9bacadce/ef48375a-8612-4743-87f7-8e1b9bacadce-7.jpg,new-yachts/ef48375a-8612-4743-87f7-8e1b9bacadce/ef48375a-8612-4743-87f7-8e1b9bacadce-7.jpg,7,2026-04-22 14:44:52.247915+00
8c763dfa-b734-4643-8fc2-c1ca0bea0ba7,a4759571-4e3b-46b6-a622-05cfe4987629,https://awrznjnofgmlqjiayhoi.supabase.co/storage/v1/object/public/yacht-images/new-yachts/a4759571-4e3b-46b6-a622-05cfe4987629/a4759571-4e3b-46b6-a622-05cfe4987629-7.jpg,new-yachts/a4759571-4e3b-46b6-a622-05cfe4987629/a4759571-4e3b-46b6-a622-05cfe4987629-7.jpg,7,2026-04-24 22:50:22.042329+00
8cb693e7-75fc-4fdf-a013-30099ea4ca6f,6b05344c-d84a-40d5-b8a8-c8d00eccfb7d,https://awrznjnofgmlqjiayhoi.supabase.co/storage/v1/object/public/yacht-images/new-yachts/6b05344c-d84a-40d5-b8a8-c8d00eccfb7d/6b05344c-d84a-40d5-b8a8-c8d00eccfb7d-10.jpg,new-yachts/6b05344c-d84a-40d5-b8a8-c8d00eccfb7d/6b05344c-d84a-40d5-b8a8-c8d00eccfb7d-10.jpg,10,2026-04-22 17:22:27.300955+00
8cd07e9a-5eac-4247-adc0-d8da02fd4f01,39b52f16-b578-4028-8bae-27a9af3df2ae,https://awrznjnofgmlqjiayhoi.supabase.co/storage/v1/object/public/yacht-images/new-yachts/39b52f16-b578-4028-8bae-27a9af3df2ae/39b52f16-b578-4028-8bae-27a9af3df2ae-7.jpg,new-yachts/39b52f16-b578-4028-8bae-27a9af3df2ae/39b52f16-b578-4028-8bae-27a9af3df2ae-7.jpg,7,2026-04-22 17:18:06.916285+00
8cef4d07-273a-4b80-9d45-e5a6fabcb69c,649ce45c-bd0c-4bb4-97e7-fa5da64e4a18,https://awrznjnofgmlqjiayhoi.supabase.co/storage/v1/object/public/yacht-images/new-yachts/649ce45c-bd0c-4bb4-97e7-fa5da64e4a18/649ce45c-bd0c-4bb4-97e7-fa5da64e4a18-3.jpg,new-yachts/649ce45c-bd0c-4bb4-97e7-fa5da64e4a18/649ce45c-bd0c-4bb4-97e7-fa5da64e4a18-3.jpg,3,2026-04-10 12:17:00.472569+00
8d097647-6bf7-4965-90ce-72477b4f72ac,032e6c07-1353-4bf5-8770-311b7c1e4d9e,https://awrznjnofgmlqjiayhoi.supabase.co/storage/v1/object/public/yacht-images/new-yachts/032e6c07-1353-4bf5-8770-311b7c1e4d9e/032e6c07-1353-4bf5-8770-311b7c1e4d9e-10.jpg,new-yachts/032e6c07-1353-4bf5-8770-311b7c1e4d9e/032e6c07-1353-4bf5-8770-311b7c1e4d9e-10.jpg,10,2026-04-24 22:18:56.073367+00
8d1d6889-9638-4516-a639-5c43c994e541,21859cb0-f9b1-4ed4-a0b7-3478d96a10e3,https://awrznjnofgmlqjiayhoi.supabase.co/storage/v1/object/public/yacht-images/new-yachts/21859cb0-f9b1-4ed4-a0b7-3478d96a10e3/21859cb0-f9b1-4ed4-a0b7-3478d96a10e3-4.webp,new-yachts/21859cb0-f9b1-4ed4-a0b7-3478d96a10e3/21859cb0-f9b1-4ed4-a0b7-3478d96a10e3-4.webp,4,2026-03-27 20:00:47.911972+00
8d1f022d-492a-4c22-9087-cea0a73ba559,a2c55eee-14f8-4dff-b884-6560c5a26f0b,https://awrznjnofgmlqjiayhoi.supabase.co/storage/v1/object/public/yacht-images/new-yachts/a2c55eee-14f8-4dff-b884-6560c5a26f0b/a2c55eee-14f8-4dff-b884-6560c5a26f0b-2.webp,new-yachts/a2c55eee-14f8-4dff-b884-6560c5a26f0b/a2c55eee-14f8-4dff-b884-6560c5a26f0b-2.webp,2,2026-03-26 21:01:28.001665+00
8d3412d6-c012-45bf-a121-c3397a1673ad,036b38ca-3c40-46d2-a5eb-0f44fd933ae7,https://awrznjnofgmlqjiayhoi.supabase.co/storage/v1/object/public/yacht-images/new-yachts/036b38ca-3c40-46d2-a5eb-0f44fd933ae7/036b38ca-3c40-46d2-a5eb-0f44fd933ae7-7.jpg,new-yachts/036b38ca-3c40-46d2-a5eb-0f44fd933ae7/036b38ca-3c40-46d2-a5eb-0f44fd933ae7-7.jpg,7,2026-04-23 12:55:26.31391+00
8d643da3-c3d2-435a-979b-c4bd8169f605,97f92f27-10fc-4517-b66e-2e33e13b531c,https://awrznjnofgmlqjiayhoi.supabase.co/storage/v1/object/public/yacht-images/new-yachts/97f92f27-10fc-4517-b66e-2e33e13b531c/97f92f27-10fc-4517-b66e-2e33e13b531c-1.jpg,new-yachts/97f92f27-10fc-4517-b66e-2e33e13b531c/97f92f27-10fc-4517-b66e-2e33e13b531c-1.jpg,1,2026-05-10 13:00:15.50313+00
8da51b42-8075-4faa-955b-af8082c061d2,eb2fce67-a66b-40a5-94ae-50cceec70566,https://awrznjnofgmlqjiayhoi.supabase.co/storage/v1/object/public/yacht-images/new-yachts/eb2fce67-a66b-40a5-94ae-50cceec70566/eb2fce67-a66b-40a5-94ae-50cceec70566-1.jpg,new-yachts/eb2fce67-a66b-40a5-94ae-50cceec70566/eb2fce67-a66b-40a5-94ae-50cceec70566-1.jpg,1,2026-04-22 17:07:07.399319+00
8e25523c-27c1-4e3e-b0f9-0bb9ec1d64ad,d3b00e8b-5743-46d3-9660-80b6783e38ad,https://awrznjnofgmlqjiayhoi.supabase.co/storage/v1/object/public/yacht-images/new-yachts/d3b00e8b-5743-46d3-9660-80b6783e38ad/d3b00e8b-5743-46d3-9660-80b6783e38ad-5.jpg,new-yachts/d3b00e8b-5743-46d3-9660-80b6783e38ad/d3b00e8b-5743-46d3-9660-80b6783e38ad-5.jpg,5,2026-04-23 23:40:18.722162+00
8e33844b-6d04-49d3-8eca-7f2c052295e0,f5d60854-b6fa-4fc1-b3f2-8e6adb8a393e,https://awrznjnofgmlqjiayhoi.supabase.co/storage/v1/object/public/yacht-images/new-yachts/f5d60854-b6fa-4fc1-b3f2-8e6adb8a393e/f5d60854-b6fa-4fc1-b3f2-8e6adb8a393e-3.jpg,new-yachts/f5d60854-b6fa-4fc1-b3f2-8e6adb8a393e/f5d60854-b6fa-4fc1-b3f2-8e6adb8a393e-3.jpg,3,2026-04-22 18:50:22.579661+00
8e3ad29a-22a1-4ee9-a8d9-236462ddc17c,bd97e6ce-9abe-4bb5-8ee3-eda9646c6638,https://awrznjnofgmlqjiayhoi.supabase.co/storage/v1/object/public/yacht-images/new-yachts/bd97e6ce-9abe-4bb5-8ee3-eda9646c6638/bd97e6ce-9abe-4bb5-8ee3-eda9646c6638-6.jpg,new-yachts/bd97e6ce-9abe-4bb5-8ee3-eda9646c6638/bd97e6ce-9abe-4bb5-8ee3-eda9646c6638-6.jpg,6,2026-04-22 16:27:17.749194+00
8e433a5b-d687-4fab-b6e6-c3106f37e1af,34140b13-e5f4-4042-8f03-49390da36148,https://awrznjnofgmlqjiayhoi.supabase.co/storage/v1/object/public/yacht-images/new-yachts/34140b13-e5f4-4042-8f03-49390da36148/34140b13-e5f4-4042-8f03-49390da36148-9.jpg,new-yachts/34140b13-e5f4-4042-8f03-49390da36148/34140b13-e5f4-4042-8f03-49390da36148-9.jpg,9,2026-04-23 19:12:07.766945+00
8e60fa9a-b7d1-4fbf-92b8-0a258a33241b,96f0c491-d2d6-4d18-9673-195e14005b8b,https://awrznjnofgmlqjiayhoi.supabase.co/storage/v1/object/public/yacht-images/new-yachts/96f0c491-d2d6-4d18-9673-195e14005b8b/96f0c491-d2d6-4d18-9673-195e14005b8b-6.jpg,new-yachts/96f0c491-d2d6-4d18-9673-195e14005b8b/96f0c491-d2d6-4d18-9673-195e14005b8b-6.jpg,6,2026-04-24 22:12:11.511899+00
8e907a3a-0f6e-44bc-adec-c295d54f57a3,e4eb87fe-d17d-4379-af62-8d6512a61ca2,https://awrznjnofgmlqjiayhoi.supabase.co/storage/v1/object/public/yacht-images/new-yachts/e4eb87fe-d17d-4379-af62-8d6512a61ca2/e4eb87fe-d17d-4379-af62-8d6512a61ca2-4.jpg,new-yachts/e4eb87fe-d17d-4379-af62-8d6512a61ca2/e4eb87fe-d17d-4379-af62-8d6512a61ca2-4.jpg,4,2026-04-24 22:06:07.138336+00
8ea3f8d8-71d6-49a6-9938-f22824a61ee0,8b026905-96da-43a2-8737-2b121fd4d64b,https://awrznjnofgmlqjiayhoi.supabase.co/storage/v1/object/public/yacht-images/new-yachts/8b026905-96da-43a2-8737-2b121fd4d64b/8b026905-96da-43a2-8737-2b121fd4d64b-9.jpg,new-yachts/8b026905-96da-43a2-8737-2b121fd4d64b/8b026905-96da-43a2-8737-2b121fd4d64b-9.jpg,9,2026-04-22 14:55:58.714442+00
8ed33338-02f8-4a89-8916-790228cc357e,efab5d6c-7ff4-4641-8abb-e8196d7a9f3d,https://awrznjnofgmlqjiayhoi.supabase.co/storage/v1/object/public/yacht-images/new-yachts/efab5d6c-7ff4-4641-8abb-e8196d7a9f3d/efab5d6c-7ff4-4641-8abb-e8196d7a9f3d-1.jpg,new-yachts/efab5d6c-7ff4-4641-8abb-e8196d7a9f3d/efab5d6c-7ff4-4641-8abb-e8196d7a9f3d-1.jpg,1,2026-04-22 15:11:45.544706+00
8ed97f7e-1b5b-4607-a16a-dfb7d966f375,2eb81586-9a48-4d27-8380-edf002eb08db,https://awrznjnofgmlqjiayhoi.supabase.co/storage/v1/object/public/yacht-images/new-yachts/2eb81586-9a48-4d27-8380-edf002eb08db/2eb81586-9a48-4d27-8380-edf002eb08db-4.jpg,new-yachts/2eb81586-9a48-4d27-8380-edf002eb08db/2eb81586-9a48-4d27-8380-edf002eb08db-4.jpg,4,2026-04-24 17:56:59.447426+00
8edd599e-7e81-48da-b0f0-fda4a1d781ae,1cddd9eb-4fd6-4f55-a3f8-8744a301fa2d,https://awrznjnofgmlqjiayhoi.supabase.co/storage/v1/object/public/yacht-images/new-yachts/1cddd9eb-4fd6-4f55-a3f8-8744a301fa2d/1cddd9eb-4fd6-4f55-a3f8-8744a301fa2d-1.jpg,new-yachts/1cddd9eb-4fd6-4f55-a3f8-8744a301fa2d/1cddd9eb-4fd6-4f55-a3f8-8744a301fa2d-1.jpg,1,2026-04-24 19:58:17.279714+00
8efee923-a4e1-46da-b057-4caea4c09bb9,dad3e31e-782b-4453-8084-835e82cb6131,https://awrznjnofgmlqjiayhoi.supabase.co/storage/v1/object/public/yacht-images/new-yachts/dad3e31e-782b-4453-8084-835e82cb6131/dad3e31e-782b-4453-8084-835e82cb6131-7.jpg,new-yachts/dad3e31e-782b-4453-8084-835e82cb6131/dad3e31e-782b-4453-8084-835e82cb6131-7.jpg,7,2026-04-23 23:38:05.297491+00
8f1033b7-f005-4a21-8a95-8947eb0477cf,b71e779a-40eb-4110-b871-8d24a227e42f,https://awrznjnofgmlqjiayhoi.supabase.co/storage/v1/object/public/yacht-images/new-yachts/b71e779a-40eb-4110-b871-8d24a227e42f/b71e779a-40eb-4110-b871-8d24a227e42f-7.jpg,new-yachts/b71e779a-40eb-4110-b871-8d24a227e42f/b71e779a-40eb-4110-b871-8d24a227e42f-7.jpg,7,2026-04-24 18:50:25.541145+00
8f3f1ae8-56c1-43be-a817-0b428cb7b6c2,59ad167b-dfee-4c44-aa33-60b6e1e05678,https://awrznjnofgmlqjiayhoi.supabase.co/storage/v1/object/public/yacht-images/new-yachts/59ad167b-dfee-4c44-aa33-60b6e1e05678/59ad167b-dfee-4c44-aa33-60b6e1e05678-10.jpg,new-yachts/59ad167b-dfee-4c44-aa33-60b6e1e05678/59ad167b-dfee-4c44-aa33-60b6e1e05678-10.jpg,10,2026-04-22 17:26:26.752602+00
8f4b095c-80c7-4953-a380-4eab8d7e57c9,a4759571-4e3b-46b6-a622-05cfe4987629,https://awrznjnofgmlqjiayhoi.supabase.co/storage/v1/object/public/yacht-images/new-yachts/a4759571-4e3b-46b6-a622-05cfe4987629/a4759571-4e3b-46b6-a622-05cfe4987629-10.jpg,new-yachts/a4759571-4e3b-46b6-a622-05cfe4987629/a4759571-4e3b-46b6-a622-05cfe4987629-10.jpg,10,2026-04-24 22:50:23.998003+00
8f6651c3-6aea-41bd-af38-351a4c13a66e,59ad167b-dfee-4c44-aa33-60b6e1e05678,https://awrznjnofgmlqjiayhoi.supabase.co/storage/v1/object/public/yacht-images/new-yachts/59ad167b-dfee-4c44-aa33-60b6e1e05678/59ad167b-dfee-4c44-aa33-60b6e1e05678-3.jpg,new-yachts/59ad167b-dfee-4c44-aa33-60b6e1e05678/59ad167b-dfee-4c44-aa33-60b6e1e05678-3.jpg,3,2026-04-22 17:26:21.930222+00
8f68fc5e-2f44-4ba6-a63b-1a0366c92ebc,7a50d9e7-20f7-4649-ab05-d5426fa270c2,https://awrznjnofgmlqjiayhoi.supabase.co/storage/v1/object/public/yacht-images/new-yachts/7a50d9e7-20f7-4649-ab05-d5426fa270c2/7a50d9e7-20f7-4649-ab05-d5426fa270c2-2.webp,new-yachts/7a50d9e7-20f7-4649-ab05-d5426fa270c2/7a50d9e7-20f7-4649-ab05-d5426fa270c2-2.webp,2,2026-03-26 21:49:35.417544+00
8f6f1bd6-5144-497f-9638-9e018c033d91,a69e6979-5e73-4103-bb42-941d87b3fb36,https://awrznjnofgmlqjiayhoi.supabase.co/storage/v1/object/public/yacht-images/new-yachts/a69e6979-5e73-4103-bb42-941d87b3fb36/a69e6979-5e73-4103-bb42-941d87b3fb36-4.webp,new-yachts/a69e6979-5e73-4103-bb42-941d87b3fb36/a69e6979-5e73-4103-bb42-941d87b3fb36-4.webp,4,2026-03-26 21:18:11.181353+00
8fa30bbb-5e1b-4e87-b44e-3b33dcf1398b,40ad641d-8678-4762-ae92-ed4a9b0cb3b9,https://awrznjnofgmlqjiayhoi.supabase.co/storage/v1/object/public/yacht-images/new-yachts/40ad641d-8678-4762-ae92-ed4a9b0cb3b9/40ad641d-8678-4762-ae92-ed4a9b0cb3b9-7.jpg,new-yachts/40ad641d-8678-4762-ae92-ed4a9b0cb3b9/40ad641d-8678-4762-ae92-ed4a9b0cb3b9-7.jpg,7,2026-04-23 09:17:38.477076+00
8fa846b0-3bbb-48f0-8d18-517848f2f2dd,c96d4ad4-068c-4543-8548-9bee6a9e902f,https://awrznjnofgmlqjiayhoi.supabase.co/storage/v1/object/public/yacht-images/new-yachts/c96d4ad4-068c-4543-8548-9bee6a9e902f/c96d4ad4-068c-4543-8548-9bee6a9e902f-3.jpg,new-yachts/c96d4ad4-068c-4543-8548-9bee6a9e902f/c96d4ad4-068c-4543-8548-9bee6a9e902f-3.jpg,3,2026-04-23 10:17:52.064898+00
8fb1ac2f-69c7-4ba3-80c6-28da21cdd3ae,cf884b59-eebf-427e-b547-f2bde54c5d89,https://awrznjnofgmlqjiayhoi.supabase.co/storage/v1/object/public/yacht-images/new-yachts/cf884b59-eebf-427e-b547-f2bde54c5d89/cf884b59-eebf-427e-b547-f2bde54c5d89-2.jpg,new-yachts/cf884b59-eebf-427e-b547-f2bde54c5d89/cf884b59-eebf-427e-b547-f2bde54c5d89-2.jpg,2,2026-04-24 22:32:25.114807+00
8fca8870-4565-437b-aa0c-4105cf6c24ba,44637863-e1b1-4505-9f38-065853e6693c,https://awrznjnofgmlqjiayhoi.supabase.co/storage/v1/object/public/yacht-images/new-yachts/44637863-e1b1-4505-9f38-065853e6693c/44637863-e1b1-4505-9f38-065853e6693c-7.jpg,new-yachts/44637863-e1b1-4505-9f38-065853e6693c/44637863-e1b1-4505-9f38-065853e6693c-7.jpg,7,2026-04-22 15:15:26.412992+00
8fde01bf-e25b-4535-b4f8-6f742977a00f,4b3c7774-3467-46de-8410-9aafc0812957,https://awrznjnofgmlqjiayhoi.supabase.co/storage/v1/object/public/yacht-images/new-yachts/4b3c7774-3467-46de-8410-9aafc0812957/4b3c7774-3467-46de-8410-9aafc0812957-8.jpg,new-yachts/4b3c7774-3467-46de-8410-9aafc0812957/4b3c7774-3467-46de-8410-9aafc0812957-8.jpg,8,2026-04-24 19:59:39.051683+00
8febc40b-ae26-4ef4-84ba-672b2ea9fd4c,5ce670e1-2f6e-4855-ab51-e64f92813135,https://awrznjnofgmlqjiayhoi.supabase.co/storage/v1/object/public/yacht-images/new-yachts/5ce670e1-2f6e-4855-ab51-e64f92813135/5ce670e1-2f6e-4855-ab51-e64f92813135-10.jpg,new-yachts/5ce670e1-2f6e-4855-ab51-e64f92813135/5ce670e1-2f6e-4855-ab51-e64f92813135-10.jpg,10,2026-04-24 00:53:09.799818+00
8ffe0bcf-cb6f-42df-abff-5b0f8df27a44,40ad641d-8678-4762-ae92-ed4a9b0cb3b9,https://awrznjnofgmlqjiayhoi.supabase.co/storage/v1/object/public/yacht-images/new-yachts/40ad641d-8678-4762-ae92-ed4a9b0cb3b9/40ad641d-8678-4762-ae92-ed4a9b0cb3b9-2.jpg,new-yachts/40ad641d-8678-4762-ae92-ed4a9b0cb3b9/40ad641d-8678-4762-ae92-ed4a9b0cb3b9-2.jpg,2,2026-04-23 09:17:35.260894+00
901a8514-015b-46b8-8533-4f51a8e1965f,c238eaae-8820-4056-9ffe-a5f14320a23a,https://awrznjnofgmlqjiayhoi.supabase.co/storage/v1/object/public/yacht-images/new-yachts/c238eaae-8820-4056-9ffe-a5f14320a23a/c238eaae-8820-4056-9ffe-a5f14320a23a-1.jpg,new-yachts/c238eaae-8820-4056-9ffe-a5f14320a23a/c238eaae-8820-4056-9ffe-a5f14320a23a-1.jpg,1,2026-04-22 17:35:09.696761+00
9024728d-67c9-416c-88fc-b9eba7ae5cfe,b255bb8f-9ba9-41d9-93fd-bef83d3ee387,https://awrznjnofgmlqjiayhoi.supabase.co/storage/v1/object/public/yacht-images/new-yachts/b255bb8f-9ba9-41d9-93fd-bef83d3ee387/b255bb8f-9ba9-41d9-93fd-bef83d3ee387-1.jpg,new-yachts/b255bb8f-9ba9-41d9-93fd-bef83d3ee387/b255bb8f-9ba9-41d9-93fd-bef83d3ee387-1.jpg,1,2026-03-27 19:21:14.156764+00
905ba9c9-d27a-4d2a-8fd7-344a068bb602,09a650f0-cd9d-4633-b0d5-cf777d3c2b64,https://awrznjnofgmlqjiayhoi.supabase.co/storage/v1/object/public/yacht-images/new-yachts/09a650f0-cd9d-4633-b0d5-cf777d3c2b64/09a650f0-cd9d-4633-b0d5-cf777d3c2b64-1.jpg,new-yachts/09a650f0-cd9d-4633-b0d5-cf777d3c2b64/09a650f0-cd9d-4633-b0d5-cf777d3c2b64-1.jpg,1,2026-04-22 18:30:34.539689+00
905c97e4-561b-4e85-b6d1-e3d7affaab76,31a517e0-a08d-4a26-ac29-7d15135d7cb3,https://awrznjnofgmlqjiayhoi.supabase.co/storage/v1/object/public/yacht-images/new-yachts/31a517e0-a08d-4a26-ac29-7d15135d7cb3/31a517e0-a08d-4a26-ac29-7d15135d7cb3-6.webp,new-yachts/31a517e0-a08d-4a26-ac29-7d15135d7cb3/31a517e0-a08d-4a26-ac29-7d15135d7cb3-6.webp,6,2026-03-26 22:03:30.482912+00
9082d3b5-97a3-4544-b0ef-56cf12ee4343,d8c51b24-2426-4721-96b7-5d34d56e8800,https://awrznjnofgmlqjiayhoi.supabase.co/storage/v1/object/public/yacht-images/new-yachts/d8c51b24-2426-4721-96b7-5d34d56e8800/d8c51b24-2426-4721-96b7-5d34d56e8800-6.jpg,new-yachts/d8c51b24-2426-4721-96b7-5d34d56e8800/d8c51b24-2426-4721-96b7-5d34d56e8800-6.jpg,6,2026-04-22 15:05:14.516107+00
90adabce-16d9-4a90-8899-a981f405ba4c,a2124144-02a4-4ec8-9f73-360dd683aa4d,https://awrznjnofgmlqjiayhoi.supabase.co/storage/v1/object/public/yacht-images/new-yachts/a2124144-02a4-4ec8-9f73-360dd683aa4d/a2124144-02a4-4ec8-9f73-360dd683aa4d-4.jpg,new-yachts/a2124144-02a4-4ec8-9f73-360dd683aa4d/a2124144-02a4-4ec8-9f73-360dd683aa4d-4.jpg,4,2026-04-24 00:50:27.472648+00
90b1347e-e98f-4bc9-8033-e5132feed395,a4759571-4e3b-46b6-a622-05cfe4987629,https://awrznjnofgmlqjiayhoi.supabase.co/storage/v1/object/public/yacht-images/new-yachts/a4759571-4e3b-46b6-a622-05cfe4987629/a4759571-4e3b-46b6-a622-05cfe4987629-9.jpg,new-yachts/a4759571-4e3b-46b6-a622-05cfe4987629/a4759571-4e3b-46b6-a622-05cfe4987629-9.jpg,9,2026-04-24 22:50:23.237073+00
90b669a4-a666-487a-9e1a-40f579b2dba0,edbf3b89-880d-42df-9940-7c851dd8c73a,https://awrznjnofgmlqjiayhoi.supabase.co/storage/v1/object/public/yacht-images/new-yachts/edbf3b89-880d-42df-9940-7c851dd8c73a/edbf3b89-880d-42df-9940-7c851dd8c73a-9.jpg,new-yachts/edbf3b89-880d-42df-9940-7c851dd8c73a/edbf3b89-880d-42df-9940-7c851dd8c73a-9.jpg,9,2026-04-22 18:39:22.025033+00
90ccc898-ccf9-4d59-86ad-68f11fdbfe93,72968c30-468e-475b-9c74-a6afb74ff62e,https://awrznjnofgmlqjiayhoi.supabase.co/storage/v1/object/public/yacht-images/new-yachts/72968c30-468e-475b-9c74-a6afb74ff62e/72968c30-468e-475b-9c74-a6afb74ff62e-2.jpg,new-yachts/72968c30-468e-475b-9c74-a6afb74ff62e/72968c30-468e-475b-9c74-a6afb74ff62e-2.jpg,2,2026-04-24 22:13:18.098627+00
90f477e0-ea65-47a8-8a50-31a59642a2ea,9e9bce66-2b64-416a-89f1-5990e18004ce,https://awrznjnofgmlqjiayhoi.supabase.co/storage/v1/object/public/yacht-images/new-yachts/9e9bce66-2b64-416a-89f1-5990e18004ce/9e9bce66-2b64-416a-89f1-5990e18004ce-4.webp,new-yachts/9e9bce66-2b64-416a-89f1-5990e18004ce/9e9bce66-2b64-416a-89f1-5990e18004ce-4.webp,4,2026-03-27 20:22:44.472744+00
9115b0bf-eb43-496f-a5c9-abba9936bddb,7db06b92-897d-47e6-a070-0b270a5b6d03,https://awrznjnofgmlqjiayhoi.supabase.co/storage/v1/object/public/yacht-images/new-yachts/7db06b92-897d-47e6-a070-0b270a5b6d03/7db06b92-897d-47e6-a070-0b270a5b6d03-1.jpg,new-yachts/7db06b92-897d-47e6-a070-0b270a5b6d03/7db06b92-897d-47e6-a070-0b270a5b6d03-1.jpg,1,2026-04-22 18:45:54.317697+00
9131e56d-9252-4665-b932-b5de0888b596,b2cf654e-3d47-4d8a-893e-cccecaa359ac,https://awrznjnofgmlqjiayhoi.supabase.co/storage/v1/object/public/yacht-images/new-yachts/b2cf654e-3d47-4d8a-893e-cccecaa359ac/b2cf654e-3d47-4d8a-893e-cccecaa359ac-9.jpg,new-yachts/b2cf654e-3d47-4d8a-893e-cccecaa359ac/b2cf654e-3d47-4d8a-893e-cccecaa359ac-9.jpg,9,2026-04-22 18:10:18.150456+00
913a7838-29b3-4c2d-a0a6-f7f076a535d6,d8c10543-eae9-4f8a-a3f8-738173fb7578,https://awrznjnofgmlqjiayhoi.supabase.co/storage/v1/object/public/yacht-images/new-yachts/d8c10543-eae9-4f8a-a3f8-738173fb7578/d8c10543-eae9-4f8a-a3f8-738173fb7578-1.jpg,new-yachts/d8c10543-eae9-4f8a-a3f8-738173fb7578/d8c10543-eae9-4f8a-a3f8-738173fb7578-1.jpg,1,2026-03-27 20:25:01.828053+00
91478ebf-acf2-4fa2-9901-b7f51235a31f,6f462948-9675-4e1f-859a-5bf70e7e1ff0,https://awrznjnofgmlqjiayhoi.supabase.co/storage/v1/object/public/yacht-images/new-yachts/6f462948-9675-4e1f-859a-5bf70e7e1ff0/6f462948-9675-4e1f-859a-5bf70e7e1ff0-2.jpg,new-yachts/6f462948-9675-4e1f-859a-5bf70e7e1ff0/6f462948-9675-4e1f-859a-5bf70e7e1ff0-2.jpg,2,2026-04-22 18:00:26.871988+00
915b2164-976a-4453-bed3-9e9c2bedd811,e47fa1f8-0cfa-49ec-a8ad-ba2c0b17417c,https://awrznjnofgmlqjiayhoi.supabase.co/storage/v1/object/public/yacht-images/new-yachts/e47fa1f8-0cfa-49ec-a8ad-ba2c0b17417c/e47fa1f8-0cfa-49ec-a8ad-ba2c0b17417c-8.jpg,new-yachts/e47fa1f8-0cfa-49ec-a8ad-ba2c0b17417c/e47fa1f8-0cfa-49ec-a8ad-ba2c0b17417c-8.jpg,8,2026-04-08 15:05:38.244437+00
9163bd7a-5bab-4ef7-b884-a3a8f2e84411,344290dc-8bd9-4cca-8ec0-2ee19a90dcae,https://awrznjnofgmlqjiayhoi.supabase.co/storage/v1/object/public/yacht-images/new-yachts/344290dc-8bd9-4cca-8ec0-2ee19a90dcae/344290dc-8bd9-4cca-8ec0-2ee19a90dcae-1.jpg,new-yachts/344290dc-8bd9-4cca-8ec0-2ee19a90dcae/344290dc-8bd9-4cca-8ec0-2ee19a90dcae-1.jpg,1,2026-04-15 15:41:10.652634+00
9184cc21-eb59-41a9-a222-2a51f67dc700,5491dfd2-b60d-460f-a1c5-d20b54a68599,https://awrznjnofgmlqjiayhoi.supabase.co/storage/v1/object/public/yacht-images/new-yachts/5491dfd2-b60d-460f-a1c5-d20b54a68599/5491dfd2-b60d-460f-a1c5-d20b54a68599-7.jpg,new-yachts/5491dfd2-b60d-460f-a1c5-d20b54a68599/5491dfd2-b60d-460f-a1c5-d20b54a68599-7.jpg,7,2026-04-22 17:33:40.58804+00
9189acaa-001d-4f0e-b7c8-29a75ef58fbd,6b05344c-d84a-40d5-b8a8-c8d00eccfb7d,https://awrznjnofgmlqjiayhoi.supabase.co/storage/v1/object/public/yacht-images/new-yachts/6b05344c-d84a-40d5-b8a8-c8d00eccfb7d/6b05344c-d84a-40d5-b8a8-c8d00eccfb7d-3.jpg,new-yachts/6b05344c-d84a-40d5-b8a8-c8d00eccfb7d/6b05344c-d84a-40d5-b8a8-c8d00eccfb7d-3.jpg,3,2026-04-22 17:22:22.264378+00
9199abd5-83ab-44be-98f5-98b75c058ae5,40725080-facb-4006-b428-02bd3234b688,https://awrznjnofgmlqjiayhoi.supabase.co/storage/v1/object/public/yacht-images/new-yachts/40725080-facb-4006-b428-02bd3234b688/40725080-facb-4006-b428-02bd3234b688-4.jpg,new-yachts/40725080-facb-4006-b428-02bd3234b688/40725080-facb-4006-b428-02bd3234b688-4.jpg,4,2026-04-23 12:53:23.529902+00
91a53352-0387-49df-a193-b1c347447864,4946a8d3-25c4-46a5-b04f-a79ff159ab15,https://awrznjnofgmlqjiayhoi.supabase.co/storage/v1/object/public/yacht-images/new-yachts/4946a8d3-25c4-46a5-b04f-a79ff159ab15/4946a8d3-25c4-46a5-b04f-a79ff159ab15-2.jpg,new-yachts/4946a8d3-25c4-46a5-b04f-a79ff159ab15/4946a8d3-25c4-46a5-b04f-a79ff159ab15-2.jpg,2,2026-04-24 00:38:45.548947+00
91abd499-9710-438b-bba6-bf3dd2d3b229,173fb8d6-c365-471d-aa65-ae65f21664a3,https://awrznjnofgmlqjiayhoi.supabase.co/storage/v1/object/public/yacht-images/new-yachts/173fb8d6-c365-471d-aa65-ae65f21664a3/173fb8d6-c365-471d-aa65-ae65f21664a3-3.jpg,new-yachts/173fb8d6-c365-471d-aa65-ae65f21664a3/173fb8d6-c365-471d-aa65-ae65f21664a3-3.jpg,3,2026-04-22 18:36:14.067326+00
91bb0775-3beb-476e-bc85-9887813a8db5,d15f9400-57d7-4e7e-8194-b1c06fe5f250,https://awrznjnofgmlqjiayhoi.supabase.co/storage/v1/object/public/yacht-images/new-yachts/d15f9400-57d7-4e7e-8194-b1c06fe5f250/d15f9400-57d7-4e7e-8194-b1c06fe5f250-9.jpg,new-yachts/d15f9400-57d7-4e7e-8194-b1c06fe5f250/d15f9400-57d7-4e7e-8194-b1c06fe5f250-9.jpg,9,2026-04-24 15:53:04.874126+00
91cfc0b6-1c43-4559-9059-a4e4bb187119,f9904641-715e-47d0-a6b0-3b971b5da052,https://awrznjnofgmlqjiayhoi.supabase.co/storage/v1/object/public/yacht-images/new-yachts/f9904641-715e-47d0-a6b0-3b971b5da052/f9904641-715e-47d0-a6b0-3b971b5da052-9.jpg,new-yachts/f9904641-715e-47d0-a6b0-3b971b5da052/f9904641-715e-47d0-a6b0-3b971b5da052-9.jpg,9,2026-04-22 17:58:05.214335+00
91d19ce7-db73-47c5-87d1-897e7aff99b1,181ed202-b6c2-4bd0-ac28-1d1f2115dea3,https://awrznjnofgmlqjiayhoi.supabase.co/storage/v1/object/public/yacht-images/new-yachts/181ed202-b6c2-4bd0-ac28-1d1f2115dea3/181ed202-b6c2-4bd0-ac28-1d1f2115dea3-2.jpg,new-yachts/181ed202-b6c2-4bd0-ac28-1d1f2115dea3/181ed202-b6c2-4bd0-ac28-1d1f2115dea3-2.jpg,2,2026-04-22 17:10:55.311405+00
91ef72ca-07d3-4692-ab0a-66f4614789cf,ba50d6c9-16f8-4617-ae3b-e2e962467098,https://awrznjnofgmlqjiayhoi.supabase.co/storage/v1/object/public/yacht-images/new-yachts/ba50d6c9-16f8-4617-ae3b-e2e962467098/ba50d6c9-16f8-4617-ae3b-e2e962467098-3.jpg,new-yachts/ba50d6c9-16f8-4617-ae3b-e2e962467098/ba50d6c9-16f8-4617-ae3b-e2e962467098-3.jpg,3,2026-04-23 12:58:48.889764+00
91f60bc0-fd0c-4bb2-9e94-ac212ba194cd,c8c5aac8-0250-456f-8eae-5c72e98aec4c,https://awrznjnofgmlqjiayhoi.supabase.co/storage/v1/object/public/yacht-images/new-yachts/c8c5aac8-0250-456f-8eae-5c72e98aec4c/c8c5aac8-0250-456f-8eae-5c72e98aec4c-3.jpg,new-yachts/c8c5aac8-0250-456f-8eae-5c72e98aec4c/c8c5aac8-0250-456f-8eae-5c72e98aec4c-3.jpg,3,2026-04-24 00:28:17.669836+00
920a0179-b963-470f-b58c-63d33c5af27a,2e3af2b6-03f7-42bd-8d22-8722bd67c21e,https://awrznjnofgmlqjiayhoi.supabase.co/storage/v1/object/public/yacht-images/new-yachts/2e3af2b6-03f7-42bd-8d22-8722bd67c21e/2e3af2b6-03f7-42bd-8d22-8722bd67c21e-2.webp,new-yachts/2e3af2b6-03f7-42bd-8d22-8722bd67c21e/2e3af2b6-03f7-42bd-8d22-8722bd67c21e-2.webp,2,2026-03-27 20:03:58.533698+00
9215aefe-c0f4-4e1a-a545-dd9fcca17ead,39b52f16-b578-4028-8bae-27a9af3df2ae,https://awrznjnofgmlqjiayhoi.supabase.co/storage/v1/object/public/yacht-images/new-yachts/39b52f16-b578-4028-8bae-27a9af3df2ae/39b52f16-b578-4028-8bae-27a9af3df2ae-4.jpg,new-yachts/39b52f16-b578-4028-8bae-27a9af3df2ae/39b52f16-b578-4028-8bae-27a9af3df2ae-4.jpg,4,2026-04-22 17:18:04.676997+00
921ca5a0-500b-441c-8fe8-805473c95030,d0075994-96ea-41d7-99b0-7e2f908da0bc,https://awrznjnofgmlqjiayhoi.supabase.co/storage/v1/object/public/yacht-images/new-yachts/d0075994-96ea-41d7-99b0-7e2f908da0bc/d0075994-96ea-41d7-99b0-7e2f908da0bc-6.jpg,new-yachts/d0075994-96ea-41d7-99b0-7e2f908da0bc/d0075994-96ea-41d7-99b0-7e2f908da0bc-6.jpg,6,2026-04-24 00:25:52.920061+00
9226168d-7c89-4a95-86a5-5c5e72237097,c96d4ad4-068c-4543-8548-9bee6a9e902f,https://awrznjnofgmlqjiayhoi.supabase.co/storage/v1/object/public/yacht-images/new-yachts/c96d4ad4-068c-4543-8548-9bee6a9e902f/c96d4ad4-068c-4543-8548-9bee6a9e902f-1.jpg,new-yachts/c96d4ad4-068c-4543-8548-9bee6a9e902f/c96d4ad4-068c-4543-8548-9bee6a9e902f-1.jpg,1,2026-04-23 10:17:50.785246+00
92628cd0-f1c6-44ee-9627-c107e89e2ef8,c8de990e-7e4a-4ad6-8e58-490752e3cfab,https://awrznjnofgmlqjiayhoi.supabase.co/storage/v1/object/public/yacht-images/new-yachts/c8de990e-7e4a-4ad6-8e58-490752e3cfab/c8de990e-7e4a-4ad6-8e58-490752e3cfab-3.jpg,new-yachts/c8de990e-7e4a-4ad6-8e58-490752e3cfab/c8de990e-7e4a-4ad6-8e58-490752e3cfab-3.jpg,3,2026-04-22 18:20:33.19658+00
92a0ab27-43bb-47d6-8d4c-75ed7ebe11b9,b3f88d6a-810a-498e-b142-070a89081c74,https://awrznjnofgmlqjiayhoi.supabase.co/storage/v1/object/public/yacht-images/new-yachts/b3f88d6a-810a-498e-b142-070a89081c74/b3f88d6a-810a-498e-b142-070a89081c74-1.jpg,new-yachts/b3f88d6a-810a-498e-b142-070a89081c74/b3f88d6a-810a-498e-b142-070a89081c74-1.jpg,1,2026-03-26 21:54:07.500073+00
92abede2-c92c-45ac-95bc-27df2e92d69f,d0075994-96ea-41d7-99b0-7e2f908da0bc,https://awrznjnofgmlqjiayhoi.supabase.co/storage/v1/object/public/yacht-images/new-yachts/d0075994-96ea-41d7-99b0-7e2f908da0bc/d0075994-96ea-41d7-99b0-7e2f908da0bc-2.jpg,new-yachts/d0075994-96ea-41d7-99b0-7e2f908da0bc/d0075994-96ea-41d7-99b0-7e2f908da0bc-2.jpg,2,2026-04-24 00:25:50.21618+00
92b50298-94a7-40cf-b9c7-c6ab6da8ae12,7003d27f-6b57-46b0-a81b-704b45d99e4b,https://awrznjnofgmlqjiayhoi.supabase.co/storage/v1/object/public/yacht-images/new-yachts/7003d27f-6b57-46b0-a81b-704b45d99e4b/7003d27f-6b57-46b0-a81b-704b45d99e4b-5.jpg,new-yachts/7003d27f-6b57-46b0-a81b-704b45d99e4b/7003d27f-6b57-46b0-a81b-704b45d99e4b-5.jpg,5,2026-04-23 23:57:58.737353+00
92bacc38-e796-489a-ada0-528ba0eb966f,e3ed0b65-11ce-434b-b654-3450349c0ac2,https://awrznjnofgmlqjiayhoi.supabase.co/storage/v1/object/public/yacht-images/new-yachts/e3ed0b65-11ce-434b-b654-3450349c0ac2/e3ed0b65-11ce-434b-b654-3450349c0ac2-11.jpg,new-yachts/e3ed0b65-11ce-434b-b654-3450349c0ac2/e3ed0b65-11ce-434b-b654-3450349c0ac2-11.jpg,11,2026-04-22 17:28:22.159225+00
92c60b1a-6311-409f-8009-abb4388feea1,181ed202-b6c2-4bd0-ac28-1d1f2115dea3,https://awrznjnofgmlqjiayhoi.supabase.co/storage/v1/object/public/yacht-images/new-yachts/181ed202-b6c2-4bd0-ac28-1d1f2115dea3/181ed202-b6c2-4bd0-ac28-1d1f2115dea3-5.jpg,new-yachts/181ed202-b6c2-4bd0-ac28-1d1f2115dea3/181ed202-b6c2-4bd0-ac28-1d1f2115dea3-5.jpg,5,2026-04-22 17:10:57.603707+00
92c6af00-4e84-4b89-9189-3860aa35d379,25707908-8308-40b0-8a69-b0900e65d602,https://awrznjnofgmlqjiayhoi.supabase.co/storage/v1/object/public/yacht-images/new-yachts/25707908-8308-40b0-8a69-b0900e65d602/25707908-8308-40b0-8a69-b0900e65d602-3.jpg,new-yachts/25707908-8308-40b0-8a69-b0900e65d602/25707908-8308-40b0-8a69-b0900e65d602-3.jpg,3,2026-04-24 00:40:08.519321+00
92e805b6-cac1-4344-957a-3b38c6f622d1,20d0e3b6-8f8c-442c-84b9-d6b0ec964c8d,https://awrznjnofgmlqjiayhoi.supabase.co/storage/v1/object/public/yacht-images/new-yachts/20d0e3b6-8f8c-442c-84b9-d6b0ec964c8d/20d0e3b6-8f8c-442c-84b9-d6b0ec964c8d-6.jpg,new-yachts/20d0e3b6-8f8c-442c-84b9-d6b0ec964c8d/20d0e3b6-8f8c-442c-84b9-d6b0ec964c8d-6.jpg,6,2026-04-22 16:23:05.474562+00
92eb317e-1afe-485d-b9c4-3ec2134a0c3b,5a7af5a2-016c-456b-9d50-b538f4929c78,https://awrznjnofgmlqjiayhoi.supabase.co/storage/v1/object/public/yacht-images/new-yachts/5a7af5a2-016c-456b-9d50-b538f4929c78/5a7af5a2-016c-456b-9d50-b538f4929c78-11.jpg,new-yachts/5a7af5a2-016c-456b-9d50-b538f4929c78/5a7af5a2-016c-456b-9d50-b538f4929c78-11.jpg,11,2026-04-23 09:19:22.991888+00
9329679b-3abb-4604-920f-178f6c342976,032e6c07-1353-4bf5-8770-311b7c1e4d9e,https://awrznjnofgmlqjiayhoi.supabase.co/storage/v1/object/public/yacht-images/new-yachts/032e6c07-1353-4bf5-8770-311b7c1e4d9e/032e6c07-1353-4bf5-8770-311b7c1e4d9e-7.jpg,new-yachts/032e6c07-1353-4bf5-8770-311b7c1e4d9e/032e6c07-1353-4bf5-8770-311b7c1e4d9e-7.jpg,7,2026-04-24 22:18:54.155038+00
933bec6e-fa9d-4925-9af7-28482fda9b18,7e73b261-75f0-4206-8c2a-c5e07daaee16,https://awrznjnofgmlqjiayhoi.supabase.co/storage/v1/object/public/yacht-images/new-yachts/7e73b261-75f0-4206-8c2a-c5e07daaee16/7e73b261-75f0-4206-8c2a-c5e07daaee16-1.jpg,new-yachts/7e73b261-75f0-4206-8c2a-c5e07daaee16/7e73b261-75f0-4206-8c2a-c5e07daaee16-1.jpg,1,2026-03-27 20:11:00.576434+00
934431b2-8543-409e-9916-fc2edf0c369a,21859cb0-f9b1-4ed4-a0b7-3478d96a10e3,https://awrznjnofgmlqjiayhoi.supabase.co/storage/v1/object/public/yacht-images/new-yachts/21859cb0-f9b1-4ed4-a0b7-3478d96a10e3/21859cb0-f9b1-4ed4-a0b7-3478d96a10e3-1.jpg,new-yachts/21859cb0-f9b1-4ed4-a0b7-3478d96a10e3/21859cb0-f9b1-4ed4-a0b7-3478d96a10e3-1.jpg,1,2026-03-27 20:00:45.868779+00
93704950-0274-443c-91bb-2e1d3d2124af,cb0f3fa4-9735-4822-b731-cbf50517fc98,https://awrznjnofgmlqjiayhoi.supabase.co/storage/v1/object/public/yacht-images/new-yachts/cb0f3fa4-9735-4822-b731-cbf50517fc98/cb0f3fa4-9735-4822-b731-cbf50517fc98-2.webp,new-yachts/cb0f3fa4-9735-4822-b731-cbf50517fc98/cb0f3fa4-9735-4822-b731-cbf50517fc98-2.webp,2,2026-03-27 20:22:02.743065+00
93b221d7-4990-4bb8-ad8a-57d2dbd67245,59ad167b-dfee-4c44-aa33-60b6e1e05678,https://awrznjnofgmlqjiayhoi.supabase.co/storage/v1/object/public/yacht-images/new-yachts/59ad167b-dfee-4c44-aa33-60b6e1e05678/59ad167b-dfee-4c44-aa33-60b6e1e05678-8.jpg,new-yachts/59ad167b-dfee-4c44-aa33-60b6e1e05678/59ad167b-dfee-4c44-aa33-60b6e1e05678-8.jpg,8,2026-04-22 17:26:25.265015+00
93c6ca64-21df-4310-b0c3-2b439dec584c,7e73b261-75f0-4206-8c2a-c5e07daaee16,https://awrznjnofgmlqjiayhoi.supabase.co/storage/v1/object/public/yacht-images/new-yachts/7e73b261-75f0-4206-8c2a-c5e07daaee16/7e73b261-75f0-4206-8c2a-c5e07daaee16-5.webp,new-yachts/7e73b261-75f0-4206-8c2a-c5e07daaee16/7e73b261-75f0-4206-8c2a-c5e07daaee16-5.webp,5,2026-03-27 20:11:02.502955+00
93cf673c-c712-4e87-8bce-98fc3aacbfa1,032e6c07-1353-4bf5-8770-311b7c1e4d9e,https://awrznjnofgmlqjiayhoi.supabase.co/storage/v1/object/public/yacht-images/new-yachts/032e6c07-1353-4bf5-8770-311b7c1e4d9e/032e6c07-1353-4bf5-8770-311b7c1e4d9e-9.jpg,new-yachts/032e6c07-1353-4bf5-8770-311b7c1e4d9e/032e6c07-1353-4bf5-8770-311b7c1e4d9e-9.jpg,9,2026-04-24 22:18:55.440507+00
93da606c-0a89-49c6-931b-62ed535235ff,99ef150a-4436-478c-9d40-05c7ebf085b4,https://awrznjnofgmlqjiayhoi.supabase.co/storage/v1/object/public/yacht-images/new-yachts/99ef150a-4436-478c-9d40-05c7ebf085b4/99ef150a-4436-478c-9d40-05c7ebf085b4-6.jpg,new-yachts/99ef150a-4436-478c-9d40-05c7ebf085b4/99ef150a-4436-478c-9d40-05c7ebf085b4-6.jpg,6,2026-04-22 18:27:15.183911+00
94016710-82af-4a9b-bc05-ed0bcd2d9791,0e381fe0-3d2f-401e-a912-3660d72aa7b2,https://awrznjnofgmlqjiayhoi.supabase.co/storage/v1/object/public/yacht-images/new-yachts/0e381fe0-3d2f-401e-a912-3660d72aa7b2/0e381fe0-3d2f-401e-a912-3660d72aa7b2-8.jpg,new-yachts/0e381fe0-3d2f-401e-a912-3660d72aa7b2/0e381fe0-3d2f-401e-a912-3660d72aa7b2-8.jpg,8,2026-04-22 18:11:16.552459+00
9444e406-033e-43e2-8f93-9c5c0590e1d5,7c786725-2810-4b6c-ab69-e4001a918ea0,https://awrznjnofgmlqjiayhoi.supabase.co/storage/v1/object/public/yacht-images/new-yachts/7c786725-2810-4b6c-ab69-e4001a918ea0/7c786725-2810-4b6c-ab69-e4001a918ea0-11.jpg,new-yachts/7c786725-2810-4b6c-ab69-e4001a918ea0/7c786725-2810-4b6c-ab69-e4001a918ea0-11.jpg,11,2026-04-24 13:38:08.46644+00
94457b2f-c4ba-432c-94be-32034c1d3e6c,f651b6e2-9576-490b-a593-877bcb8944e0,https://awrznjnofgmlqjiayhoi.supabase.co/storage/v1/object/public/yacht-images/new-yachts/f651b6e2-9576-490b-a593-877bcb8944e0/f651b6e2-9576-490b-a593-877bcb8944e0-7.jpg,new-yachts/f651b6e2-9576-490b-a593-877bcb8944e0/f651b6e2-9576-490b-a593-877bcb8944e0-7.jpg,7,2026-04-23 12:44:47.708423+00
95191f47-2936-4d34-96fb-630eaa6c501a,b8449191-5116-4c89-a6fe-00bd80345381,https://awrznjnofgmlqjiayhoi.supabase.co/storage/v1/object/public/yacht-images/new-yachts/b8449191-5116-4c89-a6fe-00bd80345381/b8449191-5116-4c89-a6fe-00bd80345381-11.jpg,new-yachts/b8449191-5116-4c89-a6fe-00bd80345381/b8449191-5116-4c89-a6fe-00bd80345381-11.jpg,11,2026-04-22 14:36:39.104455+00
95490e72-e346-45fd-aa55-463ecacdd1de,d43803e9-b003-4476-8e95-055499dd2f2f,https://awrznjnofgmlqjiayhoi.supabase.co/storage/v1/object/public/yacht-images/new-yachts/d43803e9-b003-4476-8e95-055499dd2f2f/d43803e9-b003-4476-8e95-055499dd2f2f-2.jpg,new-yachts/d43803e9-b003-4476-8e95-055499dd2f2f/d43803e9-b003-4476-8e95-055499dd2f2f-2.jpg,2,2026-04-22 18:08:52.23477+00
957e4a81-8b0f-497b-991f-e51b060d6d55,da0d8573-24f0-46e0-80ec-c1436985d90e,https://awrznjnofgmlqjiayhoi.supabase.co/storage/v1/object/public/yacht-images/new-yachts/da0d8573-24f0-46e0-80ec-c1436985d90e/da0d8573-24f0-46e0-80ec-c1436985d90e-6.webp,new-yachts/da0d8573-24f0-46e0-80ec-c1436985d90e/da0d8573-24f0-46e0-80ec-c1436985d90e-6.webp,6,2026-03-26 21:42:22.895+00
95f056f4-f20a-4696-a442-bbd22ce34440,7003a6dc-f1a6-4109-a0e2-854d49db77fc,https://awrznjnofgmlqjiayhoi.supabase.co/storage/v1/object/public/yacht-images/new-yachts/7003a6dc-f1a6-4109-a0e2-854d49db77fc/7003a6dc-f1a6-4109-a0e2-854d49db77fc-2.jpg,new-yachts/7003a6dc-f1a6-4109-a0e2-854d49db77fc/7003a6dc-f1a6-4109-a0e2-854d49db77fc-2.jpg,2,2026-04-23 08:56:22.500187+00
96f7c0cc-b8d9-44ba-a77f-9748faa23b93,c7ebbc0c-5644-4a96-b655-4d364326373e,https://awrznjnofgmlqjiayhoi.supabase.co/storage/v1/object/public/yacht-images/new-yachts/c7ebbc0c-5644-4a96-b655-4d364326373e/c7ebbc0c-5644-4a96-b655-4d364326373e-4.jpg,new-yachts/c7ebbc0c-5644-4a96-b655-4d364326373e/c7ebbc0c-5644-4a96-b655-4d364326373e-4.jpg,4,2026-04-22 18:03:50.618928+00
971f68b7-04c7-4149-ac79-7b17c0c29ac9,8f11f960-eb3e-464e-a6be-48f557e1d211,https://awrznjnofgmlqjiayhoi.supabase.co/storage/v1/object/public/yacht-images/new-yachts/8f11f960-eb3e-464e-a6be-48f557e1d211/8f11f960-eb3e-464e-a6be-48f557e1d211-7.jpg,new-yachts/8f11f960-eb3e-464e-a6be-48f557e1d211/8f11f960-eb3e-464e-a6be-48f557e1d211-7.jpg,7,2026-04-22 18:44:53.961435+00
972cfdd4-269a-40ef-a568-4cd43202895e,44637863-e1b1-4505-9f38-065853e6693c,https://awrznjnofgmlqjiayhoi.supabase.co/storage/v1/object/public/yacht-images/new-yachts/44637863-e1b1-4505-9f38-065853e6693c/44637863-e1b1-4505-9f38-065853e6693c-11.jpg,new-yachts/44637863-e1b1-4505-9f38-065853e6693c/44637863-e1b1-4505-9f38-065853e6693c-11.jpg,11,2026-04-22 15:15:28.172297+00
9730c27b-e6d5-4be8-b4bc-970a16b9f80a,1646a0a5-5fa5-410b-8b32-7ade84fab230,https://awrznjnofgmlqjiayhoi.supabase.co/storage/v1/object/public/yacht-images/new-yachts/1646a0a5-5fa5-410b-8b32-7ade84fab230/1646a0a5-5fa5-410b-8b32-7ade84fab230-7.jpg,new-yachts/1646a0a5-5fa5-410b-8b32-7ade84fab230/1646a0a5-5fa5-410b-8b32-7ade84fab230-7.jpg,7,2026-04-24 00:44:40.852721+00
9731a18e-fd06-4027-85cf-340060858ccc,6eb971f0-6cf7-451c-abf5-4cc2727165fc,https://awrznjnofgmlqjiayhoi.supabase.co/storage/v1/object/public/yacht-images/new-yachts/6eb971f0-6cf7-451c-abf5-4cc2727165fc/6eb971f0-6cf7-451c-abf5-4cc2727165fc-7.webp,new-yachts/6eb971f0-6cf7-451c-abf5-4cc2727165fc/6eb971f0-6cf7-451c-abf5-4cc2727165fc-7.webp,7,2026-03-26 21:12:24.022134+00
97439f44-971a-4798-892a-2e1c67ee16e8,8f11f960-eb3e-464e-a6be-48f557e1d211,https://awrznjnofgmlqjiayhoi.supabase.co/storage/v1/object/public/yacht-images/new-yachts/8f11f960-eb3e-464e-a6be-48f557e1d211/8f11f960-eb3e-464e-a6be-48f557e1d211-5.jpg,new-yachts/8f11f960-eb3e-464e-a6be-48f557e1d211/8f11f960-eb3e-464e-a6be-48f557e1d211-5.jpg,5,2026-04-22 18:44:52.391776+00
977214a2-3734-4715-98e3-bba1609a4e62,c238eaae-8820-4056-9ffe-a5f14320a23a,https://awrznjnofgmlqjiayhoi.supabase.co/storage/v1/object/public/yacht-images/new-yachts/c238eaae-8820-4056-9ffe-a5f14320a23a/c238eaae-8820-4056-9ffe-a5f14320a23a-5.jpg,new-yachts/c238eaae-8820-4056-9ffe-a5f14320a23a/c238eaae-8820-4056-9ffe-a5f14320a23a-5.jpg,5,2026-04-22 17:35:12.976943+00
9797e4e3-cd82-4b1e-a70c-d2fd8412966f,23369539-310c-42d9-8d1a-c7fe6778be22,https://awrznjnofgmlqjiayhoi.supabase.co/storage/v1/object/public/yacht-images/new-yachts/23369539-310c-42d9-8d1a-c7fe6778be22/23369539-310c-42d9-8d1a-c7fe6778be22-10.jpg,new-yachts/23369539-310c-42d9-8d1a-c7fe6778be22/23369539-310c-42d9-8d1a-c7fe6778be22-10.jpg,10,2026-04-23 23:28:58.904551+00
97a1d7d9-b56b-4773-8fa8-58618e97c5fc,d0075994-96ea-41d7-99b0-7e2f908da0bc,https://awrznjnofgmlqjiayhoi.supabase.co/storage/v1/object/public/yacht-images/new-yachts/d0075994-96ea-41d7-99b0-7e2f908da0bc/d0075994-96ea-41d7-99b0-7e2f908da0bc-7.jpg,new-yachts/d0075994-96ea-41d7-99b0-7e2f908da0bc/d0075994-96ea-41d7-99b0-7e2f908da0bc-7.jpg,7,2026-04-24 00:25:53.461636+00
97e90931-d739-47e9-8acd-b186c585ac22,72968c30-468e-475b-9c74-a6afb74ff62e,https://awrznjnofgmlqjiayhoi.supabase.co/storage/v1/object/public/yacht-images/new-yachts/72968c30-468e-475b-9c74-a6afb74ff62e/72968c30-468e-475b-9c74-a6afb74ff62e-10.jpg,new-yachts/72968c30-468e-475b-9c74-a6afb74ff62e/72968c30-468e-475b-9c74-a6afb74ff62e-10.jpg,10,2026-04-24 22:13:23.511907+00
980ff9fa-9610-49ec-b75e-4f3565e9d959,40725080-facb-4006-b428-02bd3234b688,https://awrznjnofgmlqjiayhoi.supabase.co/storage/v1/object/public/yacht-images/new-yachts/40725080-facb-4006-b428-02bd3234b688/40725080-facb-4006-b428-02bd3234b688-1.jpg,new-yachts/40725080-facb-4006-b428-02bd3234b688/40725080-facb-4006-b428-02bd3234b688-1.jpg,1,2026-04-23 12:53:21.491726+00
98378bd8-b0fe-4fbc-a1c8-65eca31db219,0e541ad4-8295-4b8e-87e1-847060de50a8,https://awrznjnofgmlqjiayhoi.supabase.co/storage/v1/object/public/yacht-images/new-yachts/0e541ad4-8295-4b8e-87e1-847060de50a8/0e541ad4-8295-4b8e-87e1-847060de50a8-4.jpg,new-yachts/0e541ad4-8295-4b8e-87e1-847060de50a8/0e541ad4-8295-4b8e-87e1-847060de50a8-4.jpg,4,2026-04-22 16:29:46.704318+00
98387645-6efd-4587-a34a-825d71254642,77df49d2-ba0a-41af-930e-563752714ead,https://awrznjnofgmlqjiayhoi.supabase.co/storage/v1/object/public/yacht-images/new-yachts/77df49d2-ba0a-41af-930e-563752714ead/77df49d2-ba0a-41af-930e-563752714ead-4.jpg,new-yachts/77df49d2-ba0a-41af-930e-563752714ead/77df49d2-ba0a-41af-930e-563752714ead-4.jpg,4,2026-04-22 18:28:27.816245+00
9844984c-7d6f-481a-942e-ccd09182d889,dc252fdc-3279-49b1-b4bd-e577dc402ce7,https://awrznjnofgmlqjiayhoi.supabase.co/storage/v1/object/public/yacht-images/new-yachts/dc252fdc-3279-49b1-b4bd-e577dc402ce7/dc252fdc-3279-49b1-b4bd-e577dc402ce7-1.jpg,new-yachts/dc252fdc-3279-49b1-b4bd-e577dc402ce7/dc252fdc-3279-49b1-b4bd-e577dc402ce7-1.jpg,1,2026-04-23 10:15:25.885942+00
98764ab3-737f-4dd3-a0a7-e8d786dc5063,0e381fe0-3d2f-401e-a912-3660d72aa7b2,https://awrznjnofgmlqjiayhoi.supabase.co/storage/v1/object/public/yacht-images/new-yachts/0e381fe0-3d2f-401e-a912-3660d72aa7b2/0e381fe0-3d2f-401e-a912-3660d72aa7b2-10.jpg,new-yachts/0e381fe0-3d2f-401e-a912-3660d72aa7b2/0e381fe0-3d2f-401e-a912-3660d72aa7b2-10.jpg,10,2026-04-22 18:11:17.85551+00
9887351a-ab7e-4ef7-ab0b-4a253af7a284,0c015923-44a5-4de2-8d0c-532e76fc17c7,https://awrznjnofgmlqjiayhoi.supabase.co/storage/v1/object/public/yacht-images/new-yachts/0c015923-44a5-4de2-8d0c-532e76fc17c7/0c015923-44a5-4de2-8d0c-532e76fc17c7-3.jpg,new-yachts/0c015923-44a5-4de2-8d0c-532e76fc17c7/0c015923-44a5-4de2-8d0c-532e76fc17c7-3.jpg,3,2026-04-22 16:25:13.570746+00
9898daa4-66e9-4ea2-8c4a-4d16f2330e00,4b3c7774-3467-46de-8410-9aafc0812957,https://awrznjnofgmlqjiayhoi.supabase.co/storage/v1/object/public/yacht-images/new-yachts/4b3c7774-3467-46de-8410-9aafc0812957/4b3c7774-3467-46de-8410-9aafc0812957-11.jpg,new-yachts/4b3c7774-3467-46de-8410-9aafc0812957/4b3c7774-3467-46de-8410-9aafc0812957-11.jpg,11,2026-04-24 19:59:41.029676+00
98d4289a-6170-4024-8d8b-9e682a14ac13,1c9c5021-243c-4924-8493-30151cb88f63,https://awrznjnofgmlqjiayhoi.supabase.co/storage/v1/object/public/yacht-images/new-yachts/1c9c5021-243c-4924-8493-30151cb88f63/1c9c5021-243c-4924-8493-30151cb88f63-7.jpg,new-yachts/1c9c5021-243c-4924-8493-30151cb88f63/1c9c5021-243c-4924-8493-30151cb88f63-7.jpg,7,2026-04-22 18:05:17.947522+00
98da2239-2c3a-498b-a1da-4108ec100ffb,5a7af5a2-016c-456b-9d50-b538f4929c78,https://awrznjnofgmlqjiayhoi.supabase.co/storage/v1/object/public/yacht-images/new-yachts/5a7af5a2-016c-456b-9d50-b538f4929c78/5a7af5a2-016c-456b-9d50-b538f4929c78-6.jpg,new-yachts/5a7af5a2-016c-456b-9d50-b538f4929c78/5a7af5a2-016c-456b-9d50-b538f4929c78-6.jpg,6,2026-04-23 09:19:19.450458+00
98f116b0-5a5f-411c-999e-79f3f8f6cb2f,fcf426c3-3c17-432e-a047-296441911089,https://awrznjnofgmlqjiayhoi.supabase.co/storage/v1/object/public/yacht-images/new-yachts/fcf426c3-3c17-432e-a047-296441911089/fcf426c3-3c17-432e-a047-296441911089-7.jpg,new-yachts/fcf426c3-3c17-432e-a047-296441911089/fcf426c3-3c17-432e-a047-296441911089-7.jpg,7,2026-04-24 00:35:32.488879+00
991dddef-718d-47fc-a041-114b247351e1,75597bbd-243f-42fd-a534-fdeca57e3c9c,https://awrznjnofgmlqjiayhoi.supabase.co/storage/v1/object/public/yacht-images/new-yachts/75597bbd-243f-42fd-a534-fdeca57e3c9c/75597bbd-243f-42fd-a534-fdeca57e3c9c-3.jpg,new-yachts/75597bbd-243f-42fd-a534-fdeca57e3c9c/75597bbd-243f-42fd-a534-fdeca57e3c9c-3.jpg,3,2026-04-24 00:18:09.039388+00
9938a973-c9ba-4543-b561-b006c847a4f3,b94a5341-8ff1-4cc3-bd0a-1c4c657e071a,https://awrznjnofgmlqjiayhoi.supabase.co/storage/v1/object/public/yacht-images/new-yachts/b94a5341-8ff1-4cc3-bd0a-1c4c657e071a/b94a5341-8ff1-4cc3-bd0a-1c4c657e071a-1.jpg,new-yachts/b94a5341-8ff1-4cc3-bd0a-1c4c657e071a/b94a5341-8ff1-4cc3-bd0a-1c4c657e071a-1.jpg,2,2026-04-24 18:50:58.582311+00
9948122f-61f1-4088-950d-b16dee9eaa3d,6f7d9f4f-3551-4c4b-b5f7-bd5596935016,https://awrznjnofgmlqjiayhoi.supabase.co/storage/v1/object/public/yacht-images/new-yachts/6f7d9f4f-3551-4c4b-b5f7-bd5596935016/6f7d9f4f-3551-4c4b-b5f7-bd5596935016-9.jpg,new-yachts/6f7d9f4f-3551-4c4b-b5f7-bd5596935016/6f7d9f4f-3551-4c4b-b5f7-bd5596935016-9.jpg,9,2026-04-24 00:33:12.120732+00
996d63b5-210e-4034-9d90-9e9ae21f8416,6691a397-12b2-4bec-9729-2e36bbeda61a,https://awrznjnofgmlqjiayhoi.supabase.co/storage/v1/object/public/yacht-images/new-yachts/6691a397-12b2-4bec-9729-2e36bbeda61a/6691a397-12b2-4bec-9729-2e36bbeda61a-7.jpg,new-yachts/6691a397-12b2-4bec-9729-2e36bbeda61a/6691a397-12b2-4bec-9729-2e36bbeda61a-7.jpg,7,2026-04-22 18:47:25.449056+00
9982412c-014a-40de-a8f5-3ab4239f339f,0e870892-a2bc-4d51-9d4b-c9594b02086c,https://awrznjnofgmlqjiayhoi.supabase.co/storage/v1/object/public/yacht-images/new-yachts/0e870892-a2bc-4d51-9d4b-c9594b02086c/0e870892-a2bc-4d51-9d4b-c9594b02086c-1.jpg,new-yachts/0e870892-a2bc-4d51-9d4b-c9594b02086c/0e870892-a2bc-4d51-9d4b-c9594b02086c-1.jpg,1,2026-03-27 19:19:20.749045+00
9988ee3f-15bd-498d-802f-6c7a3d39c748,c04837c6-f2a3-4118-a6b3-0acd537b2841,https://awrznjnofgmlqjiayhoi.supabase.co/storage/v1/object/public/yacht-images/new-yachts/c04837c6-f2a3-4118-a6b3-0acd537b2841/c04837c6-f2a3-4118-a6b3-0acd537b2841-1.jpg,new-yachts/c04837c6-f2a3-4118-a6b3-0acd537b2841/c04837c6-f2a3-4118-a6b3-0acd537b2841-1.jpg,1,2026-04-22 18:40:34.113446+00
998b1b68-f4de-46d4-b7f7-92a023f2228f,ff6db69f-5b1d-4403-a044-83e29b9f2fb1,https://awrznjnofgmlqjiayhoi.supabase.co/storage/v1/object/public/yacht-images/new-yachts/ff6db69f-5b1d-4403-a044-83e29b9f2fb1/ff6db69f-5b1d-4403-a044-83e29b9f2fb1-5.webp,new-yachts/ff6db69f-5b1d-4403-a044-83e29b9f2fb1/ff6db69f-5b1d-4403-a044-83e29b9f2fb1-5.webp,5,2026-03-26 21:36:06.6483+00
99b1ae0c-dced-40c7-9481-464147e64871,dc252fdc-3279-49b1-b4bd-e577dc402ce7,https://awrznjnofgmlqjiayhoi.supabase.co/storage/v1/object/public/yacht-images/new-yachts/dc252fdc-3279-49b1-b4bd-e577dc402ce7/dc252fdc-3279-49b1-b4bd-e577dc402ce7-4.jpg,new-yachts/dc252fdc-3279-49b1-b4bd-e577dc402ce7/dc252fdc-3279-49b1-b4bd-e577dc402ce7-4.jpg,4,2026-04-23 10:15:28.048446+00
99b6815c-424e-4e60-95ab-5410bb1cf9a6,15b49175-2c23-45b4-ae75-868c180ffcb1,https://awrznjnofgmlqjiayhoi.supabase.co/storage/v1/object/public/yacht-images/new-yachts/15b49175-2c23-45b4-ae75-868c180ffcb1/15b49175-2c23-45b4-ae75-868c180ffcb1-5.jpg,new-yachts/15b49175-2c23-45b4-ae75-868c180ffcb1/15b49175-2c23-45b4-ae75-868c180ffcb1-5.jpg,5,2026-04-08 12:50:59.362439+00
99ee22da-0645-4f3d-ad77-abe721419fbd,b2cf654e-3d47-4d8a-893e-cccecaa359ac,https://awrznjnofgmlqjiayhoi.supabase.co/storage/v1/object/public/yacht-images/new-yachts/b2cf654e-3d47-4d8a-893e-cccecaa359ac/b2cf654e-3d47-4d8a-893e-cccecaa359ac-4.jpg,new-yachts/b2cf654e-3d47-4d8a-893e-cccecaa359ac/b2cf654e-3d47-4d8a-893e-cccecaa359ac-4.jpg,4,2026-04-22 18:10:14.745115+00
9a077d29-ae7b-4078-bc2a-8f0d1e9b302e,8f6ead2d-9e5a-4952-89a3-fa782ef6db82,https://awrznjnofgmlqjiayhoi.supabase.co/storage/v1/object/public/yacht-images/new-yachts/8f6ead2d-9e5a-4952-89a3-fa782ef6db82/8f6ead2d-9e5a-4952-89a3-fa782ef6db82-9.jpg,new-yachts/8f6ead2d-9e5a-4952-89a3-fa782ef6db82/8f6ead2d-9e5a-4952-89a3-fa782ef6db82-9.jpg,9,2026-04-22 15:19:59.747625+00
9a4609e9-fac2-461d-b54b-e810d18d8488,2dcb8ce7-6e7d-49ec-8c52-067db62ed412,https://awrznjnofgmlqjiayhoi.supabase.co/storage/v1/object/public/yacht-images/new-yachts/2dcb8ce7-6e7d-49ec-8c52-067db62ed412/2dcb8ce7-6e7d-49ec-8c52-067db62ed412-10.jpg,new-yachts/2dcb8ce7-6e7d-49ec-8c52-067db62ed412/2dcb8ce7-6e7d-49ec-8c52-067db62ed412-10.jpg,10,2026-04-24 22:45:13.86727+00
9a5cd064-b424-4554-b870-833803e6c5f8,da0ad5a8-ee07-4109-af08-278720a594b8,https://awrznjnofgmlqjiayhoi.supabase.co/storage/v1/object/public/yacht-images/new-yachts/da0ad5a8-ee07-4109-af08-278720a594b8/da0ad5a8-ee07-4109-af08-278720a594b8-3.webp,new-yachts/da0ad5a8-ee07-4109-af08-278720a594b8/da0ad5a8-ee07-4109-af08-278720a594b8-3.webp,4,2026-03-26 19:06:27.525308+00
9a666ceb-b145-421a-a23f-116d616e44a1,4896d80d-42ee-4f28-868c-c8414fa5321d,https://awrznjnofgmlqjiayhoi.supabase.co/storage/v1/object/public/yacht-images/new-yachts/4896d80d-42ee-4f28-868c-c8414fa5321d/4896d80d-42ee-4f28-868c-c8414fa5321d-3.jpg,new-yachts/4896d80d-42ee-4f28-868c-c8414fa5321d/4896d80d-42ee-4f28-868c-c8414fa5321d-3.jpg,3,2026-04-22 14:57:34.738249+00
9a96827d-371f-4802-98ef-210d217641fa,45381c1b-cc44-4567-bac3-ca74940d9098,https://awrznjnofgmlqjiayhoi.supabase.co/storage/v1/object/public/yacht-images/new-yachts/45381c1b-cc44-4567-bac3-ca74940d9098/45381c1b-cc44-4567-bac3-ca74940d9098-2.webp,new-yachts/45381c1b-cc44-4567-bac3-ca74940d9098/45381c1b-cc44-4567-bac3-ca74940d9098-2.webp,2,2026-02-28 19:38:57.143244+00
9ab4675c-40af-4f65-8b01-a87590c2cc83,6a4ed0f9-5fb9-4acf-b027-dab0d6b648d0,https://awrznjnofgmlqjiayhoi.supabase.co/storage/v1/object/public/yacht-images/new-yachts/6a4ed0f9-5fb9-4acf-b027-dab0d6b648d0/6a4ed0f9-5fb9-4acf-b027-dab0d6b648d0-4.webp,new-yachts/6a4ed0f9-5fb9-4acf-b027-dab0d6b648d0/6a4ed0f9-5fb9-4acf-b027-dab0d6b648d0-4.webp,4,2026-03-26 21:32:28.855017+00
9ab69816-a151-4a0b-aaa4-446dd9c75b62,58b73dc9-e3f7-45b6-b6bb-05639d77e162,https://awrznjnofgmlqjiayhoi.supabase.co/storage/v1/object/public/yacht-images/new-yachts/58b73dc9-e3f7-45b6-b6bb-05639d77e162/58b73dc9-e3f7-45b6-b6bb-05639d77e162-2.jpg,new-yachts/58b73dc9-e3f7-45b6-b6bb-05639d77e162/58b73dc9-e3f7-45b6-b6bb-05639d77e162-2.jpg,2,2026-04-22 14:37:37.953182+00
9ad46103-cb62-4d57-8695-d5869028e8cf,077c9e0d-ef5b-4229-9d5c-42ab6bf99aba,https://awrznjnofgmlqjiayhoi.supabase.co/storage/v1/object/public/yacht-images/new-yachts/077c9e0d-ef5b-4229-9d5c-42ab6bf99aba/077c9e0d-ef5b-4229-9d5c-42ab6bf99aba-4.jpg,new-yachts/077c9e0d-ef5b-4229-9d5c-42ab6bf99aba/077c9e0d-ef5b-4229-9d5c-42ab6bf99aba-4.jpg,4,2026-04-22 18:06:35.069574+00
9adb5c0b-8184-4bda-9910-91dfeea8b887,23369539-310c-42d9-8d1a-c7fe6778be22,https://awrznjnofgmlqjiayhoi.supabase.co/storage/v1/object/public/yacht-images/new-yachts/23369539-310c-42d9-8d1a-c7fe6778be22/23369539-310c-42d9-8d1a-c7fe6778be22-11.jpg,new-yachts/23369539-310c-42d9-8d1a-c7fe6778be22/23369539-310c-42d9-8d1a-c7fe6778be22-11.jpg,11,2026-04-23 23:28:59.828684+00
9ae433a4-7eec-473e-8b43-a68948fb18c0,e673472c-6fbd-4c9d-80da-a3781db27eaf,https://awrznjnofgmlqjiayhoi.supabase.co/storage/v1/object/public/yacht-images/new-yachts/e673472c-6fbd-4c9d-80da-a3781db27eaf/e673472c-6fbd-4c9d-80da-a3781db27eaf-1.jpg,new-yachts/e673472c-6fbd-4c9d-80da-a3781db27eaf/e673472c-6fbd-4c9d-80da-a3781db27eaf-1.jpg,1,2026-04-24 00:42:49.114095+00
9ae7f918-6391-4848-bc47-4f83276fe25f,99ef150a-4436-478c-9d40-05c7ebf085b4,https://awrznjnofgmlqjiayhoi.supabase.co/storage/v1/object/public/yacht-images/new-yachts/99ef150a-4436-478c-9d40-05c7ebf085b4/99ef150a-4436-478c-9d40-05c7ebf085b4-5.jpg,new-yachts/99ef150a-4436-478c-9d40-05c7ebf085b4/99ef150a-4436-478c-9d40-05c7ebf085b4-5.jpg,5,2026-04-22 18:27:14.504333+00
9b113af8-7981-43b4-b6d1-687ce7bbfe86,b05aa56a-a6ba-4e1f-b64c-722a554ef536,https://awrznjnofgmlqjiayhoi.supabase.co/storage/v1/object/public/yacht-images/new-yachts/b05aa56a-a6ba-4e1f-b64c-722a554ef536/b05aa56a-a6ba-4e1f-b64c-722a554ef536-9.jpg,new-yachts/b05aa56a-a6ba-4e1f-b64c-722a554ef536/b05aa56a-a6ba-4e1f-b64c-722a554ef536-9.jpg,9,2026-04-22 16:58:38.730508+00
9b37e903-d22a-4b0d-854b-ae2f63dde773,482d1927-5b7c-44d1-87a8-1cb33053bf9a,https://awrznjnofgmlqjiayhoi.supabase.co/storage/v1/object/public/yacht-images/new-yachts/482d1927-5b7c-44d1-87a8-1cb33053bf9a/482d1927-5b7c-44d1-87a8-1cb33053bf9a-7.jpg,new-yachts/482d1927-5b7c-44d1-87a8-1cb33053bf9a/482d1927-5b7c-44d1-87a8-1cb33053bf9a-7.jpg,7,2026-04-22 13:31:27.582459+00
9bbe1b82-3261-40d5-9180-888cd4257268,6d1a9522-b4b9-4c89-8023-eb1a453d89d8,https://awrznjnofgmlqjiayhoi.supabase.co/storage/v1/object/public/yacht-images/new-yachts/6d1a9522-b4b9-4c89-8023-eb1a453d89d8/6d1a9522-b4b9-4c89-8023-eb1a453d89d8-7.jpg,new-yachts/6d1a9522-b4b9-4c89-8023-eb1a453d89d8/6d1a9522-b4b9-4c89-8023-eb1a453d89d8-7.jpg,7,2026-04-23 08:53:37.065908+00
9beb33b8-75dd-4380-bcde-c52a0d974b32,20d0e3b6-8f8c-442c-84b9-d6b0ec964c8d,https://awrznjnofgmlqjiayhoi.supabase.co/storage/v1/object/public/yacht-images/new-yachts/20d0e3b6-8f8c-442c-84b9-d6b0ec964c8d/20d0e3b6-8f8c-442c-84b9-d6b0ec964c8d-9.jpg,new-yachts/20d0e3b6-8f8c-442c-84b9-d6b0ec964c8d/20d0e3b6-8f8c-442c-84b9-d6b0ec964c8d-9.jpg,9,2026-04-22 16:23:07.913495+00
9c6900c3-cd53-479f-be9d-e2ff7f268bd6,1042edff-4705-46d8-9b10-fb0968840aac,https://awrznjnofgmlqjiayhoi.supabase.co/storage/v1/object/public/yacht-images/new-yachts/1042edff-4705-46d8-9b10-fb0968840aac/1042edff-4705-46d8-9b10-fb0968840aac-2.webp,new-yachts/1042edff-4705-46d8-9b10-fb0968840aac/1042edff-4705-46d8-9b10-fb0968840aac-2.webp,2,2026-03-26 21:14:56.492074+00
9cabf0fc-37c6-4107-ac79-636b9e2f30db,671a273a-9c01-40cb-ba3a-a05127d28885,https://awrznjnofgmlqjiayhoi.supabase.co/storage/v1/object/public/yacht-images/new-yachts/671a273a-9c01-40cb-ba3a-a05127d28885/671a273a-9c01-40cb-ba3a-a05127d28885-8.jpg,new-yachts/671a273a-9c01-40cb-ba3a-a05127d28885/671a273a-9c01-40cb-ba3a-a05127d28885-8.jpg,8,2026-04-22 17:04:55.623317+00
9cd33478-fe1b-4fc7-b711-94bc7c675c7d,01c63518-616e-4da3-85ce-f598fe1975d2,https://awrznjnofgmlqjiayhoi.supabase.co/storage/v1/object/public/yacht-images/new-yachts/01c63518-616e-4da3-85ce-f598fe1975d2/01c63518-616e-4da3-85ce-f598fe1975d2-1.jpg,new-yachts/01c63518-616e-4da3-85ce-f598fe1975d2/01c63518-616e-4da3-85ce-f598fe1975d2-1.jpg,1,2026-04-24 21:26:37.013024+00
9cff2e99-517b-44cf-ae43-25745b8b3367,15b49175-2c23-45b4-ae75-868c180ffcb1,https://awrznjnofgmlqjiayhoi.supabase.co/storage/v1/object/public/yacht-images/new-yachts/15b49175-2c23-45b4-ae75-868c180ffcb1/15b49175-2c23-45b4-ae75-868c180ffcb1-7.jpg,new-yachts/15b49175-2c23-45b4-ae75-868c180ffcb1/15b49175-2c23-45b4-ae75-868c180ffcb1-7.jpg,7,2026-04-08 12:51:00.906002+00
9d09fcce-1dac-4b81-8b65-3930f8a386b1,7eb6611f-b17c-4e0e-87f4-b507cde9a9e2,https://awrznjnofgmlqjiayhoi.supabase.co/storage/v1/object/public/yacht-images/new-yachts/7eb6611f-b17c-4e0e-87f4-b507cde9a9e2/7eb6611f-b17c-4e0e-87f4-b507cde9a9e2-3.webp,new-yachts/7eb6611f-b17c-4e0e-87f4-b507cde9a9e2/7eb6611f-b17c-4e0e-87f4-b507cde9a9e2-3.webp,3,2026-03-26 21:05:01.786386+00
9d17d7fc-91f2-4c14-a1fb-c383080dfea7,b05aa56a-a6ba-4e1f-b64c-722a554ef536,https://awrznjnofgmlqjiayhoi.supabase.co/storage/v1/object/public/yacht-images/new-yachts/b05aa56a-a6ba-4e1f-b64c-722a554ef536/b05aa56a-a6ba-4e1f-b64c-722a554ef536-8.jpg,new-yachts/b05aa56a-a6ba-4e1f-b64c-722a554ef536/b05aa56a-a6ba-4e1f-b64c-722a554ef536-8.jpg,8,2026-04-22 16:58:38.119395+00
9d22b5ae-89b5-44fb-9748-0ea33442a466,99ef150a-4436-478c-9d40-05c7ebf085b4,https://awrznjnofgmlqjiayhoi.supabase.co/storage/v1/object/public/yacht-images/new-yachts/99ef150a-4436-478c-9d40-05c7ebf085b4/99ef150a-4436-478c-9d40-05c7ebf085b4-7.jpg,new-yachts/99ef150a-4436-478c-9d40-05c7ebf085b4/99ef150a-4436-478c-9d40-05c7ebf085b4-7.jpg,7,2026-04-22 18:27:15.880425+00
9d3fbaf1-4300-41b2-b78f-32449641d7bd,338ef555-03ad-4c67-8ebd-8457ce40ca9e,https://awrznjnofgmlqjiayhoi.supabase.co/storage/v1/object/public/yacht-images/new-yachts/338ef555-03ad-4c67-8ebd-8457ce40ca9e/338ef555-03ad-4c67-8ebd-8457ce40ca9e-7.jpg,new-yachts/338ef555-03ad-4c67-8ebd-8457ce40ca9e/338ef555-03ad-4c67-8ebd-8457ce40ca9e-7.jpg,7,2026-04-24 00:46:23.984234+00
9d7fc92e-a21f-4339-bd5e-c917dcd91b0f,efab5d6c-7ff4-4641-8abb-e8196d7a9f3d,https://awrznjnofgmlqjiayhoi.supabase.co/storage/v1/object/public/yacht-images/new-yachts/efab5d6c-7ff4-4641-8abb-e8196d7a9f3d/efab5d6c-7ff4-4641-8abb-e8196d7a9f3d-3.jpg,new-yachts/efab5d6c-7ff4-4641-8abb-e8196d7a9f3d/efab5d6c-7ff4-4641-8abb-e8196d7a9f3d-3.jpg,3,2026-04-22 15:11:46.820429+00
9de72b79-5094-4e76-a637-766b28566f06,9f57ec42-db09-4ed6-b8a0-17af63e10f17,https://awrznjnofgmlqjiayhoi.supabase.co/storage/v1/object/public/yacht-images/new-yachts/9f57ec42-db09-4ed6-b8a0-17af63e10f17/9f57ec42-db09-4ed6-b8a0-17af63e10f17-8.jpg,new-yachts/9f57ec42-db09-4ed6-b8a0-17af63e10f17/9f57ec42-db09-4ed6-b8a0-17af63e10f17-8.jpg,8,2026-04-22 18:48:14.302359+00
9dea4669-3d49-43d9-9e9f-11c9b4d23017,63ad6431-db18-41ce-b5fe-09ecb9205943,https://awrznjnofgmlqjiayhoi.supabase.co/storage/v1/object/public/yacht-images/new-yachts/63ad6431-db18-41ce-b5fe-09ecb9205943/63ad6431-db18-41ce-b5fe-09ecb9205943-4.jpg,new-yachts/63ad6431-db18-41ce-b5fe-09ecb9205943/63ad6431-db18-41ce-b5fe-09ecb9205943-4.jpg,4,2026-04-23 13:47:20.35694+00
9def85bd-3fed-4fb2-b930-2e750177fd27,6f7d9f4f-3551-4c4b-b5f7-bd5596935016,https://awrznjnofgmlqjiayhoi.supabase.co/storage/v1/object/public/yacht-images/new-yachts/6f7d9f4f-3551-4c4b-b5f7-bd5596935016/6f7d9f4f-3551-4c4b-b5f7-bd5596935016-3.jpg,new-yachts/6f7d9f4f-3551-4c4b-b5f7-bd5596935016/6f7d9f4f-3551-4c4b-b5f7-bd5596935016-3.jpg,3,2026-04-24 00:33:07.766338+00
9e158145-1cc8-44e4-a914-bda27b316ea4,8077c30c-b54a-4554-9574-20b30ac55af9,https://awrznjnofgmlqjiayhoi.supabase.co/storage/v1/object/public/yacht-images/new-yachts/8077c30c-b54a-4554-9574-20b30ac55af9/8077c30c-b54a-4554-9574-20b30ac55af9-10.jpg,new-yachts/8077c30c-b54a-4554-9574-20b30ac55af9/8077c30c-b54a-4554-9574-20b30ac55af9-10.jpg,10,2026-04-22 18:14:24.442616+00
9e1ccdd2-36d0-4995-bfa6-8efe3c41d50c,9e400cb1-773d-4639-9b83-cb70cecf164c,https://awrznjnofgmlqjiayhoi.supabase.co/storage/v1/object/public/yacht-images/new-yachts/9e400cb1-773d-4639-9b83-cb70cecf164c/9e400cb1-773d-4639-9b83-cb70cecf164c-4.jpg,new-yachts/9e400cb1-773d-4639-9b83-cb70cecf164c/9e400cb1-773d-4639-9b83-cb70cecf164c-4.jpg,4,2026-04-24 19:55:58.11704+00
9e2c360a-b95f-4f23-b451-6157d43a32d3,cea16079-f9be-45ea-8c75-e7404b006298,https://awrznjnofgmlqjiayhoi.supabase.co/storage/v1/object/public/yacht-images/new-yachts/cea16079-f9be-45ea-8c75-e7404b006298/cea16079-f9be-45ea-8c75-e7404b006298-6.jpg,new-yachts/cea16079-f9be-45ea-8c75-e7404b006298/cea16079-f9be-45ea-8c75-e7404b006298-6.jpg,6,2026-04-22 18:22:54.737311+00
9e3b9c42-0df7-4696-bd18-ad3ee054424e,e9027657-7dcb-4ff3-993b-ee589e17b607,https://awrznjnofgmlqjiayhoi.supabase.co/storage/v1/object/public/yacht-images/new-yachts/e9027657-7dcb-4ff3-993b-ee589e17b607/e9027657-7dcb-4ff3-993b-ee589e17b607-9.jpg,new-yachts/e9027657-7dcb-4ff3-993b-ee589e17b607/e9027657-7dcb-4ff3-993b-ee589e17b607-9.jpg,9,2026-04-23 09:00:18.945458+00
9e55d410-0654-4caa-a2eb-11acd2976a9b,c5b0d543-c566-43ab-b8a7-1075c0144fa9,https://awrznjnofgmlqjiayhoi.supabase.co/storage/v1/object/public/yacht-images/new-yachts/c5b0d543-c566-43ab-b8a7-1075c0144fa9/c5b0d543-c566-43ab-b8a7-1075c0144fa9-1.jpg,new-yachts/c5b0d543-c566-43ab-b8a7-1075c0144fa9/c5b0d543-c566-43ab-b8a7-1075c0144fa9-1.jpg,1,2026-04-22 18:43:38.5451+00
9e768675-9860-4bfa-a68d-d9a2dc3fc6fc,59ad167b-dfee-4c44-aa33-60b6e1e05678,https://awrznjnofgmlqjiayhoi.supabase.co/storage/v1/object/public/yacht-images/new-yachts/59ad167b-dfee-4c44-aa33-60b6e1e05678/59ad167b-dfee-4c44-aa33-60b6e1e05678-5.jpg,new-yachts/59ad167b-dfee-4c44-aa33-60b6e1e05678/59ad167b-dfee-4c44-aa33-60b6e1e05678-5.jpg,5,2026-04-22 17:26:23.154222+00
9e84dd9e-4475-4dfb-8db9-19c992dfedcf,7c786725-2810-4b6c-ab69-e4001a918ea0,https://awrznjnofgmlqjiayhoi.supabase.co/storage/v1/object/public/yacht-images/new-yachts/7c786725-2810-4b6c-ab69-e4001a918ea0/7c786725-2810-4b6c-ab69-e4001a918ea0-9.jpg,new-yachts/7c786725-2810-4b6c-ab69-e4001a918ea0/7c786725-2810-4b6c-ab69-e4001a918ea0-9.jpg,9,2026-04-24 13:38:06.903766+00
9ea8aa2f-6de1-419f-8f67-11a9d75fa229,370c34aa-94d0-43d9-8609-7cb172eaa603,https://awrznjnofgmlqjiayhoi.supabase.co/storage/v1/object/public/yacht-images/new-yachts/370c34aa-94d0-43d9-8609-7cb172eaa603/370c34aa-94d0-43d9-8609-7cb172eaa603-10.jpg,new-yachts/370c34aa-94d0-43d9-8609-7cb172eaa603/370c34aa-94d0-43d9-8609-7cb172eaa603-10.jpg,10,2026-04-24 00:19:46.150566+00
9ed57140-fd79-4549-b97c-9d59ead8ccd3,e47fa1f8-0cfa-49ec-a8ad-ba2c0b17417c,https://awrznjnofgmlqjiayhoi.supabase.co/storage/v1/object/public/yacht-images/new-yachts/e47fa1f8-0cfa-49ec-a8ad-ba2c0b17417c/e47fa1f8-0cfa-49ec-a8ad-ba2c0b17417c-4.jpg,new-yachts/e47fa1f8-0cfa-49ec-a8ad-ba2c0b17417c/e47fa1f8-0cfa-49ec-a8ad-ba2c0b17417c-4.jpg,4,2026-04-08 15:05:35.280508+00
9ef91f3e-bc13-4362-916e-fc8da36ca7c5,ba50d6c9-16f8-4617-ae3b-e2e962467098,https://awrznjnofgmlqjiayhoi.supabase.co/storage/v1/object/public/yacht-images/new-yachts/ba50d6c9-16f8-4617-ae3b-e2e962467098/ba50d6c9-16f8-4617-ae3b-e2e962467098-5.jpg,new-yachts/ba50d6c9-16f8-4617-ae3b-e2e962467098/ba50d6c9-16f8-4617-ae3b-e2e962467098-5.jpg,5,2026-04-23 12:58:50.044653+00
9f11fdcc-88e4-4c95-a484-e8e8db501fd6,bd97e6ce-9abe-4bb5-8ee3-eda9646c6638,https://awrznjnofgmlqjiayhoi.supabase.co/storage/v1/object/public/yacht-images/new-yachts/bd97e6ce-9abe-4bb5-8ee3-eda9646c6638/bd97e6ce-9abe-4bb5-8ee3-eda9646c6638-9.jpg,new-yachts/bd97e6ce-9abe-4bb5-8ee3-eda9646c6638/bd97e6ce-9abe-4bb5-8ee3-eda9646c6638-9.jpg,9,2026-04-22 16:27:20.043454+00
9f154ba0-0cc9-448a-89d6-f463efee0b30,032e6c07-1353-4bf5-8770-311b7c1e4d9e,https://awrznjnofgmlqjiayhoi.supabase.co/storage/v1/object/public/yacht-images/new-yachts/032e6c07-1353-4bf5-8770-311b7c1e4d9e/032e6c07-1353-4bf5-8770-311b7c1e4d9e-3.jpg,new-yachts/032e6c07-1353-4bf5-8770-311b7c1e4d9e/032e6c07-1353-4bf5-8770-311b7c1e4d9e-3.jpg,3,2026-04-24 22:18:51.626314+00
9f2f2eb1-9a18-481a-9b92-be464c78a1b9,d8c51b24-2426-4721-96b7-5d34d56e8800,https://awrznjnofgmlqjiayhoi.supabase.co/storage/v1/object/public/yacht-images/new-yachts/d8c51b24-2426-4721-96b7-5d34d56e8800/d8c51b24-2426-4721-96b7-5d34d56e8800-7.jpg,new-yachts/d8c51b24-2426-4721-96b7-5d34d56e8800/d8c51b24-2426-4721-96b7-5d34d56e8800-7.jpg,7,2026-04-22 15:05:14.999709+00
9f3a0d6c-3dfa-4c20-bf00-5ded086c6cc8,431072c2-81c2-46f5-a089-5bf802cc7fb6,https://awrznjnofgmlqjiayhoi.supabase.co/storage/v1/object/public/yacht-images/new-yachts/431072c2-81c2-46f5-a089-5bf802cc7fb6/431072c2-81c2-46f5-a089-5bf802cc7fb6-1.jpg,new-yachts/431072c2-81c2-46f5-a089-5bf802cc7fb6/431072c2-81c2-46f5-a089-5bf802cc7fb6-1.jpg,1,2026-04-22 18:18:34.718538+00
9f3ff581-006f-4981-9568-0b91bc4b3c5f,649ce45c-bd0c-4bb4-97e7-fa5da64e4a18,https://awrznjnofgmlqjiayhoi.supabase.co/storage/v1/object/public/yacht-images/new-yachts/649ce45c-bd0c-4bb4-97e7-fa5da64e4a18/649ce45c-bd0c-4bb4-97e7-fa5da64e4a18-1.jpg,new-yachts/649ce45c-bd0c-4bb4-97e7-fa5da64e4a18/649ce45c-bd0c-4bb4-97e7-fa5da64e4a18-1.jpg,1,2026-04-10 12:16:58.988551+00
9f67d81f-6c36-4bb9-8c79-97e57002cde5,d43803e9-b003-4476-8e95-055499dd2f2f,https://awrznjnofgmlqjiayhoi.supabase.co/storage/v1/object/public/yacht-images/new-yachts/d43803e9-b003-4476-8e95-055499dd2f2f/d43803e9-b003-4476-8e95-055499dd2f2f-3.jpg,new-yachts/d43803e9-b003-4476-8e95-055499dd2f2f/d43803e9-b003-4476-8e95-055499dd2f2f-3.jpg,3,2026-04-22 18:08:52.903097+00
9f8fc539-182b-4304-89af-d84e72afb6f3,a4759571-4e3b-46b6-a622-05cfe4987629,https://awrznjnofgmlqjiayhoi.supabase.co/storage/v1/object/public/yacht-images/new-yachts/a4759571-4e3b-46b6-a622-05cfe4987629/a4759571-4e3b-46b6-a622-05cfe4987629-6.jpg,new-yachts/a4759571-4e3b-46b6-a622-05cfe4987629/a4759571-4e3b-46b6-a622-05cfe4987629-6.jpg,6,2026-04-24 22:50:21.488058+00
9fa76526-e40e-4d73-bb48-84e73b67a257,7a50d9e7-20f7-4649-ab05-d5426fa270c2,https://awrznjnofgmlqjiayhoi.supabase.co/storage/v1/object/public/yacht-images/new-yachts/7a50d9e7-20f7-4649-ab05-d5426fa270c2/7a50d9e7-20f7-4649-ab05-d5426fa270c2-3.webp,new-yachts/7a50d9e7-20f7-4649-ab05-d5426fa270c2/7a50d9e7-20f7-4649-ab05-d5426fa270c2-3.webp,3,2026-03-26 21:49:35.889673+00
9faba990-a8ea-499f-82cd-4cb89322dad8,482d1927-5b7c-44d1-87a8-1cb33053bf9a,https://awrznjnofgmlqjiayhoi.supabase.co/storage/v1/object/public/yacht-images/new-yachts/482d1927-5b7c-44d1-87a8-1cb33053bf9a/482d1927-5b7c-44d1-87a8-1cb33053bf9a-3.jpg,new-yachts/482d1927-5b7c-44d1-87a8-1cb33053bf9a/482d1927-5b7c-44d1-87a8-1cb33053bf9a-3.jpg,3,2026-04-22 13:31:24.608338+00
9fc0beae-6a79-44e1-9aa8-a0e55213595f,4896d80d-42ee-4f28-868c-c8414fa5321d,https://awrznjnofgmlqjiayhoi.supabase.co/storage/v1/object/public/yacht-images/new-yachts/4896d80d-42ee-4f28-868c-c8414fa5321d/4896d80d-42ee-4f28-868c-c8414fa5321d-4.jpg,new-yachts/4896d80d-42ee-4f28-868c-c8414fa5321d/4896d80d-42ee-4f28-868c-c8414fa5321d-4.jpg,4,2026-04-22 14:57:35.124046+00
a006b9bf-1cc2-4d89-9271-6d45a73c8971,4fb9b399-1afd-4ea0-b598-84b98be9613f,https://awrznjnofgmlqjiayhoi.supabase.co/storage/v1/object/public/yacht-images/new-yachts/4fb9b399-1afd-4ea0-b598-84b98be9613f/4fb9b399-1afd-4ea0-b598-84b98be9613f-1.jpg,new-yachts/4fb9b399-1afd-4ea0-b598-84b98be9613f/4fb9b399-1afd-4ea0-b598-84b98be9613f-1.jpg,1,2026-04-23 09:21:25.880749+00
a04367c0-ec4a-4301-a357-032810791091,6ba7e223-391d-4e9a-8228-0001d2b8ad99,https://awrznjnofgmlqjiayhoi.supabase.co/storage/v1/object/public/yacht-images/new-yachts/6ba7e223-391d-4e9a-8228-0001d2b8ad99/6ba7e223-391d-4e9a-8228-0001d2b8ad99-5.jpg,new-yachts/6ba7e223-391d-4e9a-8228-0001d2b8ad99/6ba7e223-391d-4e9a-8228-0001d2b8ad99-5.jpg,5,2026-04-24 00:04:33.454696+00
a045fda6-a319-4942-9487-198a565a7b13,f9904641-715e-47d0-a6b0-3b971b5da052,https://awrznjnofgmlqjiayhoi.supabase.co/storage/v1/object/public/yacht-images/new-yachts/f9904641-715e-47d0-a6b0-3b971b5da052/f9904641-715e-47d0-a6b0-3b971b5da052-3.jpg,new-yachts/f9904641-715e-47d0-a6b0-3b971b5da052/f9904641-715e-47d0-a6b0-3b971b5da052-3.jpg,3,2026-04-22 17:57:59.472335+00
a0751395-fcdb-490a-aafb-687745035ff3,ab0c1dd1-5ed6-41ab-a24d-1c7176b1487b,https://awrznjnofgmlqjiayhoi.supabase.co/storage/v1/object/public/yacht-images/new-yachts/ab0c1dd1-5ed6-41ab-a24d-1c7176b1487b/ab0c1dd1-5ed6-41ab-a24d-1c7176b1487b-9.jpg,new-yachts/ab0c1dd1-5ed6-41ab-a24d-1c7176b1487b/ab0c1dd1-5ed6-41ab-a24d-1c7176b1487b-9.jpg,9,2026-04-22 18:38:00.185084+00
a085c133-363f-4720-b2af-355de0665e84,cea16079-f9be-45ea-8c75-e7404b006298,https://awrznjnofgmlqjiayhoi.supabase.co/storage/v1/object/public/yacht-images/new-yachts/cea16079-f9be-45ea-8c75-e7404b006298/cea16079-f9be-45ea-8c75-e7404b006298-4.jpg,new-yachts/cea16079-f9be-45ea-8c75-e7404b006298/cea16079-f9be-45ea-8c75-e7404b006298-4.jpg,4,2026-04-22 18:22:53.469297+00
a0a761db-4f69-48df-96c1-8b6494d2efdc,3ae371a3-e26d-4636-80b0-d7b349ba30eb,https://awrznjnofgmlqjiayhoi.supabase.co/storage/v1/object/public/yacht-images/new-yachts/3ae371a3-e26d-4636-80b0-d7b349ba30eb/3ae371a3-e26d-4636-80b0-d7b349ba30eb-3.webp,new-yachts/3ae371a3-e26d-4636-80b0-d7b349ba30eb/3ae371a3-e26d-4636-80b0-d7b349ba30eb-3.webp,3,2026-03-26 21:26:33.382242+00
a0c13def-c00a-47d1-b4fd-6f051be93ad9,b94a5341-8ff1-4cc3-bd0a-1c4c657e071a,https://awrznjnofgmlqjiayhoi.supabase.co/storage/v1/object/public/yacht-images/new-yachts/b94a5341-8ff1-4cc3-bd0a-1c4c657e071a/b94a5341-8ff1-4cc3-bd0a-1c4c657e071a-3.jpg,new-yachts/b94a5341-8ff1-4cc3-bd0a-1c4c657e071a/b94a5341-8ff1-4cc3-bd0a-1c4c657e071a-3.jpg,4,2026-04-24 18:51:00.192411+00
a1422193-bf7d-41b6-8f44-b89ac14b0034,d8c51b24-2426-4721-96b7-5d34d56e8800,https://awrznjnofgmlqjiayhoi.supabase.co/storage/v1/object/public/yacht-images/new-yachts/d8c51b24-2426-4721-96b7-5d34d56e8800/d8c51b24-2426-4721-96b7-5d34d56e8800-8.jpg,new-yachts/d8c51b24-2426-4721-96b7-5d34d56e8800/d8c51b24-2426-4721-96b7-5d34d56e8800-8.jpg,8,2026-04-22 15:05:15.502693+00
a163c65d-a900-4d67-bed6-c650d5bf4914,4946a8d3-25c4-46a5-b04f-a79ff159ab15,https://awrznjnofgmlqjiayhoi.supabase.co/storage/v1/object/public/yacht-images/new-yachts/4946a8d3-25c4-46a5-b04f-a79ff159ab15/4946a8d3-25c4-46a5-b04f-a79ff159ab15-7.jpg,new-yachts/4946a8d3-25c4-46a5-b04f-a79ff159ab15/4946a8d3-25c4-46a5-b04f-a79ff159ab15-7.jpg,7,2026-04-24 00:38:48.793273+00
a174b19b-8781-45c4-8ba7-e774648991ae,df67c4de-872b-425c-8adc-b85469ae16dd,https://awrznjnofgmlqjiayhoi.supabase.co/storage/v1/object/public/yacht-images/new-yachts/df67c4de-872b-425c-8adc-b85469ae16dd/df67c4de-872b-425c-8adc-b85469ae16dd-7.jpg,new-yachts/df67c4de-872b-425c-8adc-b85469ae16dd/df67c4de-872b-425c-8adc-b85469ae16dd-7.jpg,7,2026-04-24 21:59:20.593585+00
a1800522-62e8-42fc-ab65-29834bf37a9c,338ef555-03ad-4c67-8ebd-8457ce40ca9e,https://awrznjnofgmlqjiayhoi.supabase.co/storage/v1/object/public/yacht-images/new-yachts/338ef555-03ad-4c67-8ebd-8457ce40ca9e/338ef555-03ad-4c67-8ebd-8457ce40ca9e-5.jpg,new-yachts/338ef555-03ad-4c67-8ebd-8457ce40ca9e/338ef555-03ad-4c67-8ebd-8457ce40ca9e-5.jpg,5,2026-04-24 00:46:22.677863+00
a19686cf-11c6-480f-974f-49658150aeca,ef48375a-8612-4743-87f7-8e1b9bacadce,https://awrznjnofgmlqjiayhoi.supabase.co/storage/v1/object/public/yacht-images/new-yachts/ef48375a-8612-4743-87f7-8e1b9bacadce/ef48375a-8612-4743-87f7-8e1b9bacadce-9.jpg,new-yachts/ef48375a-8612-4743-87f7-8e1b9bacadce/ef48375a-8612-4743-87f7-8e1b9bacadce-9.jpg,9,2026-04-22 14:44:52.893319+00
a1a42e7d-aafe-4b10-9890-f68add1aa109,e9027657-7dcb-4ff3-993b-ee589e17b607,https://awrznjnofgmlqjiayhoi.supabase.co/storage/v1/object/public/yacht-images/new-yachts/e9027657-7dcb-4ff3-993b-ee589e17b607/e9027657-7dcb-4ff3-993b-ee589e17b607-8.jpg,new-yachts/e9027657-7dcb-4ff3-993b-ee589e17b607/e9027657-7dcb-4ff3-993b-ee589e17b607-8.jpg,8,2026-04-23 09:00:18.330484+00
a1a60a75-83fe-4ea0-b69d-be0262790767,6ba7e223-391d-4e9a-8228-0001d2b8ad99,https://awrznjnofgmlqjiayhoi.supabase.co/storage/v1/object/public/yacht-images/new-yachts/6ba7e223-391d-4e9a-8228-0001d2b8ad99/6ba7e223-391d-4e9a-8228-0001d2b8ad99-3.jpg,new-yachts/6ba7e223-391d-4e9a-8228-0001d2b8ad99/6ba7e223-391d-4e9a-8228-0001d2b8ad99-3.jpg,3,2026-04-24 00:04:31.891237+00
a1cb1690-01a7-4d64-916f-260f9d8ad565,cb0f3fa4-9735-4822-b731-cbf50517fc98,https://awrznjnofgmlqjiayhoi.supabase.co/storage/v1/object/public/yacht-images/new-yachts/cb0f3fa4-9735-4822-b731-cbf50517fc98/cb0f3fa4-9735-4822-b731-cbf50517fc98-3.webp,new-yachts/cb0f3fa4-9735-4822-b731-cbf50517fc98/cb0f3fa4-9735-4822-b731-cbf50517fc98-3.webp,3,2026-03-27 20:22:03.91604+00
a1d1822a-187b-486f-8d06-52919531ceac,42444d77-7aaa-4f43-a408-c57aedf79d13,https://awrznjnofgmlqjiayhoi.supabase.co/storage/v1/object/public/yacht-images/new-yachts/42444d77-7aaa-4f43-a408-c57aedf79d13/42444d77-7aaa-4f43-a408-c57aedf79d13-10.jpg,new-yachts/42444d77-7aaa-4f43-a408-c57aedf79d13/42444d77-7aaa-4f43-a408-c57aedf79d13-10.jpg,10,2026-04-23 19:09:21.053745+00
a2177eff-f0bc-4fc1-a395-3e397fbc3b7d,4896d80d-42ee-4f28-868c-c8414fa5321d,https://awrznjnofgmlqjiayhoi.supabase.co/storage/v1/object/public/yacht-images/new-yachts/4896d80d-42ee-4f28-868c-c8414fa5321d/4896d80d-42ee-4f28-868c-c8414fa5321d-9.jpg,new-yachts/4896d80d-42ee-4f28-868c-c8414fa5321d/4896d80d-42ee-4f28-868c-c8414fa5321d-9.jpg,9,2026-04-22 14:57:36.964263+00
a24a4488-f8ca-4bec-a827-3a36f2a29f59,d49fd6fe-849a-4007-937a-516892a4cdb9,https://awrznjnofgmlqjiayhoi.supabase.co/storage/v1/object/public/yacht-images/new-yachts/d49fd6fe-849a-4007-937a-516892a4cdb9/d49fd6fe-849a-4007-937a-516892a4cdb9-4.jpg,new-yachts/d49fd6fe-849a-4007-937a-516892a4cdb9/d49fd6fe-849a-4007-937a-516892a4cdb9-4.jpg,4,2026-04-23 08:33:17.881109+00
a26dd85f-142d-45e1-9de4-1f1302d90462,b8449191-5116-4c89-a6fe-00bd80345381,https://awrznjnofgmlqjiayhoi.supabase.co/storage/v1/object/public/yacht-images/new-yachts/b8449191-5116-4c89-a6fe-00bd80345381/b8449191-5116-4c89-a6fe-00bd80345381-8.jpg,new-yachts/b8449191-5116-4c89-a6fe-00bd80345381/b8449191-5116-4c89-a6fe-00bd80345381-8.jpg,8,2026-04-22 14:36:36.756698+00
a2d5aeaa-c0e1-4c62-beea-90cb282f3cab,d0282847-d186-4083-920d-8b329d9ebfce,https://awrznjnofgmlqjiayhoi.supabase.co/storage/v1/object/public/yacht-images/new-yachts/d0282847-d186-4083-920d-8b329d9ebfce/d0282847-d186-4083-920d-8b329d9ebfce-4.jpg,new-yachts/d0282847-d186-4083-920d-8b329d9ebfce/d0282847-d186-4083-920d-8b329d9ebfce-4.jpg,4,2026-04-24 00:51:49.529636+00
a2f050b2-964c-4d0b-b118-98516f29436b,d15f9400-57d7-4e7e-8194-b1c06fe5f250,https://awrznjnofgmlqjiayhoi.supabase.co/storage/v1/object/public/yacht-images/new-yachts/d15f9400-57d7-4e7e-8194-b1c06fe5f250/d15f9400-57d7-4e7e-8194-b1c06fe5f250-11.jpg,new-yachts/d15f9400-57d7-4e7e-8194-b1c06fe5f250/d15f9400-57d7-4e7e-8194-b1c06fe5f250-11.jpg,11,2026-04-24 15:53:06.104726+00
a335b28b-2fd3-4665-bc1c-6250098b6f81,f4b8122c-8b42-473d-bec4-396b5cf3471c,https://awrznjnofgmlqjiayhoi.supabase.co/storage/v1/object/public/yacht-images/new-yachts/f4b8122c-8b42-473d-bec4-396b5cf3471c/f4b8122c-8b42-473d-bec4-396b5cf3471c-4.webp,new-yachts/f4b8122c-8b42-473d-bec4-396b5cf3471c/f4b8122c-8b42-473d-bec4-396b5cf3471c-4.webp,4,2026-03-13 10:29:03.784974+00
a36e66e1-7337-406d-995d-472fd9068b47,f1e49c91-4d25-4d02-b49c-79dd115b7609,https://awrznjnofgmlqjiayhoi.supabase.co/storage/v1/object/public/yacht-images/new-yachts/f1e49c91-4d25-4d02-b49c-79dd115b7609/f1e49c91-4d25-4d02-b49c-79dd115b7609-2.webp,new-yachts/f1e49c91-4d25-4d02-b49c-79dd115b7609/f1e49c91-4d25-4d02-b49c-79dd115b7609-2.webp,2,2026-03-27 19:57:13.36697+00
a37625df-3609-4319-8552-cabbb1a68cc4,6691a397-12b2-4bec-9729-2e36bbeda61a,https://awrznjnofgmlqjiayhoi.supabase.co/storage/v1/object/public/yacht-images/new-yachts/6691a397-12b2-4bec-9729-2e36bbeda61a/6691a397-12b2-4bec-9729-2e36bbeda61a-9.jpg,new-yachts/6691a397-12b2-4bec-9729-2e36bbeda61a/6691a397-12b2-4bec-9729-2e36bbeda61a-9.jpg,9,2026-04-22 18:47:26.792665+00
a3908476-6e32-4b0c-843f-76af381a54a1,67178f72-eeb2-453d-a891-16e6e75edbff,https://awrznjnofgmlqjiayhoi.supabase.co/storage/v1/object/public/yacht-images/new-yachts/67178f72-eeb2-453d-a891-16e6e75edbff/67178f72-eeb2-453d-a891-16e6e75edbff-4.jpg,new-yachts/67178f72-eeb2-453d-a891-16e6e75edbff/67178f72-eeb2-453d-a891-16e6e75edbff-4.jpg,4,2026-04-22 14:31:01.272443+00
a3aa8a2e-82df-459a-bb92-f4d5153dc0b3,df67c4de-872b-425c-8adc-b85469ae16dd,https://awrznjnofgmlqjiayhoi.supabase.co/storage/v1/object/public/yacht-images/new-yachts/df67c4de-872b-425c-8adc-b85469ae16dd/df67c4de-872b-425c-8adc-b85469ae16dd-9.jpg,new-yachts/df67c4de-872b-425c-8adc-b85469ae16dd/df67c4de-872b-425c-8adc-b85469ae16dd-9.jpg,9,2026-04-24 21:59:21.806104+00
a3b805ac-6aa0-456c-82f2-67e408b62984,572bec71-8a15-4844-8cd3-1f9a6e016810,https://awrznjnofgmlqjiayhoi.supabase.co/storage/v1/object/public/yacht-images/new-yachts/572bec71-8a15-4844-8cd3-1f9a6e016810/572bec71-8a15-4844-8cd3-1f9a6e016810-9.jpg,new-yachts/572bec71-8a15-4844-8cd3-1f9a6e016810/572bec71-8a15-4844-8cd3-1f9a6e016810-9.jpg,9,2026-04-22 14:32:35.917442+00
a3be63ab-4c54-431f-a403-1ce7d805d9ba,1cddd9eb-4fd6-4f55-a3f8-8744a301fa2d,https://awrznjnofgmlqjiayhoi.supabase.co/storage/v1/object/public/yacht-images/new-yachts/1cddd9eb-4fd6-4f55-a3f8-8744a301fa2d/1cddd9eb-4fd6-4f55-a3f8-8744a301fa2d-11.jpg,new-yachts/1cddd9eb-4fd6-4f55-a3f8-8744a301fa2d/1cddd9eb-4fd6-4f55-a3f8-8744a301fa2d-11.jpg,11,2026-04-24 19:58:25.114772+00
a3d9b06b-61f7-41d9-9a9c-90a7788e54da,8b026905-96da-43a2-8737-2b121fd4d64b,https://awrznjnofgmlqjiayhoi.supabase.co/storage/v1/object/public/yacht-images/new-yachts/8b026905-96da-43a2-8737-2b121fd4d64b/8b026905-96da-43a2-8737-2b121fd4d64b-7.jpg,new-yachts/8b026905-96da-43a2-8737-2b121fd4d64b/8b026905-96da-43a2-8737-2b121fd4d64b-7.jpg,7,2026-04-22 14:55:57.881766+00
a3eaddee-93e5-4ad2-a70f-d2eadf00967c,67178f72-eeb2-453d-a891-16e6e75edbff,https://awrznjnofgmlqjiayhoi.supabase.co/storage/v1/object/public/yacht-images/new-yachts/67178f72-eeb2-453d-a891-16e6e75edbff/67178f72-eeb2-453d-a891-16e6e75edbff-8.jpg,new-yachts/67178f72-eeb2-453d-a891-16e6e75edbff/67178f72-eeb2-453d-a891-16e6e75edbff-8.jpg,8,2026-04-22 14:31:03.19663+00
a44b661e-2c67-40b2-a137-18b68ea71bd3,8a77f565-5102-400b-8aa3-31584a24881f,https://awrznjnofgmlqjiayhoi.supabase.co/storage/v1/object/public/yacht-images/new-yachts/8a77f565-5102-400b-8aa3-31584a24881f/8a77f565-5102-400b-8aa3-31584a24881f-6.jpg,new-yachts/8a77f565-5102-400b-8aa3-31584a24881f/8a77f565-5102-400b-8aa3-31584a24881f-6.jpg,6,2026-04-22 18:25:14.963988+00
a45fb149-1e1b-4073-9787-066c35ab41fe,0e541ad4-8295-4b8e-87e1-847060de50a8,https://awrznjnofgmlqjiayhoi.supabase.co/storage/v1/object/public/yacht-images/new-yachts/0e541ad4-8295-4b8e-87e1-847060de50a8/0e541ad4-8295-4b8e-87e1-847060de50a8-10.jpg,new-yachts/0e541ad4-8295-4b8e-87e1-847060de50a8/0e541ad4-8295-4b8e-87e1-847060de50a8-10.jpg,10,2026-04-22 16:29:50.57999+00
a46bc8c5-1f8a-465f-9cb7-08f52d165e6d,31a517e0-a08d-4a26-ac29-7d15135d7cb3,https://awrznjnofgmlqjiayhoi.supabase.co/storage/v1/object/public/yacht-images/new-yachts/31a517e0-a08d-4a26-ac29-7d15135d7cb3/31a517e0-a08d-4a26-ac29-7d15135d7cb3-5.webp,new-yachts/31a517e0-a08d-4a26-ac29-7d15135d7cb3/31a517e0-a08d-4a26-ac29-7d15135d7cb3-5.webp,5,2026-03-26 22:03:30.098116+00
a4a0f431-56d5-4561-98ff-8cf8fc90ec28,f4b8122c-8b42-473d-bec4-396b5cf3471c,https://awrznjnofgmlqjiayhoi.supabase.co/storage/v1/object/public/yacht-images/new-yachts/f4b8122c-8b42-473d-bec4-396b5cf3471c/f4b8122c-8b42-473d-bec4-396b5cf3471c-1.webp,new-yachts/f4b8122c-8b42-473d-bec4-396b5cf3471c/f4b8122c-8b42-473d-bec4-396b5cf3471c-1.webp,1,2026-03-13 10:29:02.499181+00
a4aa0df4-c5ec-4c61-8af4-dfb80e262162,c3661269-98db-4434-968d-fcc49da5955d,https://awrznjnofgmlqjiayhoi.supabase.co/storage/v1/object/public/yacht-images/new-yachts/c3661269-98db-4434-968d-fcc49da5955d/c3661269-98db-4434-968d-fcc49da5955d-11.jpg,new-yachts/c3661269-98db-4434-968d-fcc49da5955d/c3661269-98db-4434-968d-fcc49da5955d-11.jpg,11,2026-04-24 00:37:27.10507+00
a4ac56a3-3c33-4cfe-af7f-61101176e6a4,7e73b261-75f0-4206-8c2a-c5e07daaee16,https://awrznjnofgmlqjiayhoi.supabase.co/storage/v1/object/public/yacht-images/new-yachts/7e73b261-75f0-4206-8c2a-c5e07daaee16/7e73b261-75f0-4206-8c2a-c5e07daaee16-4.webp,new-yachts/7e73b261-75f0-4206-8c2a-c5e07daaee16/7e73b261-75f0-4206-8c2a-c5e07daaee16-4.webp,4,2026-03-27 20:11:01.969084+00
a4acd2b1-2383-4e38-ad17-82588325ecc4,2a59a9b9-e70a-4dd8-ba20-4d4eb7384cbc,https://awrznjnofgmlqjiayhoi.supabase.co/storage/v1/object/public/yacht-images/new-yachts/2a59a9b9-e70a-4dd8-ba20-4d4eb7384cbc/2a59a9b9-e70a-4dd8-ba20-4d4eb7384cbc-5.jpg,new-yachts/2a59a9b9-e70a-4dd8-ba20-4d4eb7384cbc/2a59a9b9-e70a-4dd8-ba20-4d4eb7384cbc-5.jpg,5,2026-04-23 08:58:04.141555+00
a4b3b835-78d3-4569-96e1-ab3ee3542e54,d74ccc10-d2f6-4021-b1c7-1a75d3f1b2b6,https://awrznjnofgmlqjiayhoi.supabase.co/storage/v1/object/public/yacht-images/new-yachts/d74ccc10-d2f6-4021-b1c7-1a75d3f1b2b6/d74ccc10-d2f6-4021-b1c7-1a75d3f1b2b6-11.jpg,new-yachts/d74ccc10-d2f6-4021-b1c7-1a75d3f1b2b6/d74ccc10-d2f6-4021-b1c7-1a75d3f1b2b6-11.jpg,11,2026-04-22 17:01:44.285308+00
a4ce8bbe-f0bc-4db5-92c3-9f7d539cb0dc,68c062bb-e891-4c5a-8aa5-c2f096bff908,https://awrznjnofgmlqjiayhoi.supabase.co/storage/v1/object/public/yacht-images/new-yachts/68c062bb-e891-4c5a-8aa5-c2f096bff908/68c062bb-e891-4c5a-8aa5-c2f096bff908-8.jpg,new-yachts/68c062bb-e891-4c5a-8aa5-c2f096bff908/68c062bb-e891-4c5a-8aa5-c2f096bff908-8.jpg,8,2026-04-22 16:11:21.39283+00
a4d521e6-ee9c-4e10-b54f-d79d1836b8c3,b8386205-38db-4b2c-b839-b02eb7dbdb4e,https://awrznjnofgmlqjiayhoi.supabase.co/storage/v1/object/public/yacht-images/new-yachts/b8386205-38db-4b2c-b839-b02eb7dbdb4e/b8386205-38db-4b2c-b839-b02eb7dbdb4e-11.jpg,new-yachts/b8386205-38db-4b2c-b839-b02eb7dbdb4e/b8386205-38db-4b2c-b839-b02eb7dbdb4e-11.jpg,11,2026-04-24 17:54:55.479649+00
a4e512c2-4444-4301-8d5b-8ae8bfbe6735,d0282847-d186-4083-920d-8b329d9ebfce,https://awrznjnofgmlqjiayhoi.supabase.co/storage/v1/object/public/yacht-images/new-yachts/d0282847-d186-4083-920d-8b329d9ebfce/d0282847-d186-4083-920d-8b329d9ebfce-9.jpg,new-yachts/d0282847-d186-4083-920d-8b329d9ebfce/d0282847-d186-4083-920d-8b329d9ebfce-9.jpg,9,2026-04-24 00:51:53.09311+00
a50089e1-1852-48c2-a6b8-728df2fdf41e,bce94c01-611b-4af9-aa98-3c8df61a6cd5,https://awrznjnofgmlqjiayhoi.supabase.co/storage/v1/object/public/yacht-images/new-yachts/bce94c01-611b-4af9-aa98-3c8df61a6cd5/bce94c01-611b-4af9-aa98-3c8df61a6cd5-2.webp,new-yachts/bce94c01-611b-4af9-aa98-3c8df61a6cd5/bce94c01-611b-4af9-aa98-3c8df61a6cd5-2.webp,2,2026-03-27 20:20:22.637915+00
a551a4ed-569a-469c-9263-51cb1d537b00,8a77f565-5102-400b-8aa3-31584a24881f,https://awrznjnofgmlqjiayhoi.supabase.co/storage/v1/object/public/yacht-images/new-yachts/8a77f565-5102-400b-8aa3-31584a24881f/8a77f565-5102-400b-8aa3-31584a24881f-8.jpg,new-yachts/8a77f565-5102-400b-8aa3-31584a24881f/8a77f565-5102-400b-8aa3-31584a24881f-8.jpg,8,2026-04-22 18:25:16.538462+00
a56e96c7-ff8f-4e81-8bd2-fd9698628828,02943908-9ea0-4048-8f13-5a2e9e8aa180,https://awrznjnofgmlqjiayhoi.supabase.co/storage/v1/object/public/yacht-images/new-yachts/02943908-9ea0-4048-8f13-5a2e9e8aa180/02943908-9ea0-4048-8f13-5a2e9e8aa180-3.jpg,new-yachts/02943908-9ea0-4048-8f13-5a2e9e8aa180/02943908-9ea0-4048-8f13-5a2e9e8aa180-3.jpg,3,2026-04-22 18:49:16.746208+00
a57725a1-34e8-48d7-bbef-9073d2daaff2,6ba7e223-391d-4e9a-8228-0001d2b8ad99,https://awrznjnofgmlqjiayhoi.supabase.co/storage/v1/object/public/yacht-images/new-yachts/6ba7e223-391d-4e9a-8228-0001d2b8ad99/6ba7e223-391d-4e9a-8228-0001d2b8ad99-9.jpg,new-yachts/6ba7e223-391d-4e9a-8228-0001d2b8ad99/6ba7e223-391d-4e9a-8228-0001d2b8ad99-9.jpg,9,2026-04-24 00:04:36.308876+00
a578b72f-4476-4bd1-a11d-9b24a73157b1,cf884b59-eebf-427e-b547-f2bde54c5d89,https://awrznjnofgmlqjiayhoi.supabase.co/storage/v1/object/public/yacht-images/new-yachts/cf884b59-eebf-427e-b547-f2bde54c5d89/cf884b59-eebf-427e-b547-f2bde54c5d89-10.jpg,new-yachts/cf884b59-eebf-427e-b547-f2bde54c5d89/cf884b59-eebf-427e-b547-f2bde54c5d89-10.jpg,10,2026-04-24 22:32:30.422511+00
a57ddbf0-4c94-4069-be82-dd6cf441f6ae,68193184-66ee-493e-b2f7-72ff5c829416,https://awrznjnofgmlqjiayhoi.supabase.co/storage/v1/object/public/yacht-images/new-yachts/68193184-66ee-493e-b2f7-72ff5c829416/68193184-66ee-493e-b2f7-72ff5c829416-3.jpg,new-yachts/68193184-66ee-493e-b2f7-72ff5c829416/68193184-66ee-493e-b2f7-72ff5c829416-3.jpg,3,2026-04-24 00:34:20.006738+00
a59f9452-6e5c-4b7b-92e3-c60a815e6225,cadd3216-79f0-42b7-9c76-190f169be432,https://awrznjnofgmlqjiayhoi.supabase.co/storage/v1/object/public/yacht-images/new-yachts/cadd3216-79f0-42b7-9c76-190f169be432/cadd3216-79f0-42b7-9c76-190f169be432-11.jpg,new-yachts/cadd3216-79f0-42b7-9c76-190f169be432/cadd3216-79f0-42b7-9c76-190f169be432-11.jpg,11,2026-04-22 15:07:13.205554+00
a5a411d0-3413-4709-8eba-21b8e85e1a4d,649ce45c-bd0c-4bb4-97e7-fa5da64e4a18,https://awrznjnofgmlqjiayhoi.supabase.co/storage/v1/object/public/yacht-images/new-yachts/649ce45c-bd0c-4bb4-97e7-fa5da64e4a18/649ce45c-bd0c-4bb4-97e7-fa5da64e4a18-4.jpg,new-yachts/649ce45c-bd0c-4bb4-97e7-fa5da64e4a18/649ce45c-bd0c-4bb4-97e7-fa5da64e4a18-4.jpg,4,2026-04-10 12:17:00.983143+00
a5aeec89-349c-4907-911f-239f3497badd,71152f00-7193-453c-9187-3cac259a9afe,https://awrznjnofgmlqjiayhoi.supabase.co/storage/v1/object/public/yacht-images/new-yachts/71152f00-7193-453c-9187-3cac259a9afe/71152f00-7193-453c-9187-3cac259a9afe-6.jpg,new-yachts/71152f00-7193-453c-9187-3cac259a9afe/71152f00-7193-453c-9187-3cac259a9afe-6.jpg,6,2026-04-22 16:20:48.493768+00
a5cc3d4c-5778-4fd4-9fd4-31eadfd90c39,5d1d0fd5-44d0-434f-a273-fcfaa436c374,https://awrznjnofgmlqjiayhoi.supabase.co/storage/v1/object/public/yacht-images/new-yachts/5d1d0fd5-44d0-434f-a273-fcfaa436c374/5d1d0fd5-44d0-434f-a273-fcfaa436c374-update-1773151965386-1.webp,new-yachts/5d1d0fd5-44d0-434f-a273-fcfaa436c374/5d1d0fd5-44d0-434f-a273-fcfaa436c374-update-1773151965386-1.webp,4,2026-03-10 14:12:45.681004+00
a6278dda-30aa-4082-a533-731bcbe5b396,f0b64a0d-9a5e-4f99-845c-d08a55f5f529,https://awrznjnofgmlqjiayhoi.supabase.co/storage/v1/object/public/yacht-images/new-yachts/f0b64a0d-9a5e-4f99-845c-d08a55f5f529/f0b64a0d-9a5e-4f99-845c-d08a55f5f529-4.webp,new-yachts/f0b64a0d-9a5e-4f99-845c-d08a55f5f529/f0b64a0d-9a5e-4f99-845c-d08a55f5f529-4.webp,4,2026-03-26 21:08:38.346108+00
a6bffe0f-3930-4e88-abec-732d14e4c2b4,f9904641-715e-47d0-a6b0-3b971b5da052,https://awrznjnofgmlqjiayhoi.supabase.co/storage/v1/object/public/yacht-images/new-yachts/f9904641-715e-47d0-a6b0-3b971b5da052/f9904641-715e-47d0-a6b0-3b971b5da052-2.jpg,new-yachts/f9904641-715e-47d0-a6b0-3b971b5da052/f9904641-715e-47d0-a6b0-3b971b5da052-2.jpg,2,2026-04-22 17:57:58.396987+00
a6c97d9a-3b32-4a54-91d0-ce8a054d1dff,eb4c00ef-9609-4812-b38a-eb3742333511,https://awrznjnofgmlqjiayhoi.supabase.co/storage/v1/object/public/yacht-images/new-yachts/eb4c00ef-9609-4812-b38a-eb3742333511/eb4c00ef-9609-4812-b38a-eb3742333511-10.jpg,new-yachts/eb4c00ef-9609-4812-b38a-eb3742333511/eb4c00ef-9609-4812-b38a-eb3742333511-10.jpg,10,2026-04-22 17:03:26.842829+00
a6cf1309-a2d7-433c-aadb-88bff4b37d2a,1cddd9eb-4fd6-4f55-a3f8-8744a301fa2d,https://awrznjnofgmlqjiayhoi.supabase.co/storage/v1/object/public/yacht-images/new-yachts/1cddd9eb-4fd6-4f55-a3f8-8744a301fa2d/1cddd9eb-4fd6-4f55-a3f8-8744a301fa2d-4.jpg,new-yachts/1cddd9eb-4fd6-4f55-a3f8-8744a301fa2d/1cddd9eb-4fd6-4f55-a3f8-8744a301fa2d-4.jpg,4,2026-04-24 19:58:19.436701+00
a70447d4-2a7a-465a-9bc1-eeef09d334b7,482d1927-5b7c-44d1-87a8-1cb33053bf9a,https://awrznjnofgmlqjiayhoi.supabase.co/storage/v1/object/public/yacht-images/new-yachts/482d1927-5b7c-44d1-87a8-1cb33053bf9a/482d1927-5b7c-44d1-87a8-1cb33053bf9a-2.jpg,new-yachts/482d1927-5b7c-44d1-87a8-1cb33053bf9a/482d1927-5b7c-44d1-87a8-1cb33053bf9a-2.jpg,2,2026-04-22 13:31:23.77024+00
a71a5bb6-70f6-4546-bd37-4b289464d0c1,09a650f0-cd9d-4633-b0d5-cf777d3c2b64,https://awrznjnofgmlqjiayhoi.supabase.co/storage/v1/object/public/yacht-images/new-yachts/09a650f0-cd9d-4633-b0d5-cf777d3c2b64/09a650f0-cd9d-4633-b0d5-cf777d3c2b64-3.jpg,new-yachts/09a650f0-cd9d-4633-b0d5-cf777d3c2b64/09a650f0-cd9d-4633-b0d5-cf777d3c2b64-3.jpg,3,2026-04-22 18:30:35.991353+00
a7784f0d-1e27-4e3d-b01e-46d5e86d7ed7,3011de4f-421b-4c6e-9433-a9f0417d7d89,https://awrznjnofgmlqjiayhoi.supabase.co/storage/v1/object/public/yacht-images/new-yachts/3011de4f-421b-4c6e-9433-a9f0417d7d89/3011de4f-421b-4c6e-9433-a9f0417d7d89-5.jpg,new-yachts/3011de4f-421b-4c6e-9433-a9f0417d7d89/3011de4f-421b-4c6e-9433-a9f0417d7d89-5.jpg,5,2026-04-22 14:51:02.091186+00
a779a1d3-4dce-4d80-84bd-ea8a410d15fa,2eb81586-9a48-4d27-8380-edf002eb08db,https://awrznjnofgmlqjiayhoi.supabase.co/storage/v1/object/public/yacht-images/new-yachts/2eb81586-9a48-4d27-8380-edf002eb08db/2eb81586-9a48-4d27-8380-edf002eb08db-1.jpg,new-yachts/2eb81586-9a48-4d27-8380-edf002eb08db/2eb81586-9a48-4d27-8380-edf002eb08db-1.jpg,1,2026-04-24 17:56:52.871047+00
a779d42f-5c3c-489f-bef2-d272405a234f,b6c8fb85-9903-43a8-8355-d713c2bafa6c,https://awrznjnofgmlqjiayhoi.supabase.co/storage/v1/object/public/yacht-images/new-yachts/b6c8fb85-9903-43a8-8355-d713c2bafa6c/b6c8fb85-9903-43a8-8355-d713c2bafa6c-1.jpg,new-yachts/b6c8fb85-9903-43a8-8355-d713c2bafa6c/b6c8fb85-9903-43a8-8355-d713c2bafa6c-1.jpg,1,2026-03-27 19:26:00.064307+00
a7b27e07-57f5-4829-9b51-af76b90cf491,21859cb0-f9b1-4ed4-a0b7-3478d96a10e3,https://awrznjnofgmlqjiayhoi.supabase.co/storage/v1/object/public/yacht-images/new-yachts/21859cb0-f9b1-4ed4-a0b7-3478d96a10e3/21859cb0-f9b1-4ed4-a0b7-3478d96a10e3-2.webp,new-yachts/21859cb0-f9b1-4ed4-a0b7-3478d96a10e3/21859cb0-f9b1-4ed4-a0b7-3478d96a10e3-2.webp,2,2026-03-27 20:00:46.54794+00
a7d3242f-0959-4bf7-83f9-36529472a83b,46478d58-042a-4ac5-85df-9be0f1f1040e,https://awrznjnofgmlqjiayhoi.supabase.co/storage/v1/object/public/yacht-images/new-yachts/46478d58-042a-4ac5-85df-9be0f1f1040e/46478d58-042a-4ac5-85df-9be0f1f1040e-3.jpg,new-yachts/46478d58-042a-4ac5-85df-9be0f1f1040e/46478d58-042a-4ac5-85df-9be0f1f1040e-3.jpg,3,2026-04-24 18:49:07.256766+00
a86c30d7-b5be-46fd-84dd-e54f5fcebae9,e47fa1f8-0cfa-49ec-a8ad-ba2c0b17417c,https://awrznjnofgmlqjiayhoi.supabase.co/storage/v1/object/public/yacht-images/new-yachts/e47fa1f8-0cfa-49ec-a8ad-ba2c0b17417c/e47fa1f8-0cfa-49ec-a8ad-ba2c0b17417c-2.jpg,new-yachts/e47fa1f8-0cfa-49ec-a8ad-ba2c0b17417c/e47fa1f8-0cfa-49ec-a8ad-ba2c0b17417c-2.jpg,2,2026-04-08 15:05:33.292296+00
a878ab15-478b-4a3e-a8c5-65adf7cf7e7d,ab9953cb-da58-43d0-98c1-9c4fb3669d16,https://awrznjnofgmlqjiayhoi.supabase.co/storage/v1/object/public/yacht-images/new-yachts/ab9953cb-da58-43d0-98c1-9c4fb3669d16/ab9953cb-da58-43d0-98c1-9c4fb3669d16-5.webp,new-yachts/ab9953cb-da58-43d0-98c1-9c4fb3669d16/ab9953cb-da58-43d0-98c1-9c4fb3669d16-5.webp,5,2026-03-26 21:44:04.367091+00
a8879450-e114-4fd2-87ee-8ee80db3e035,67178f72-eeb2-453d-a891-16e6e75edbff,https://awrznjnofgmlqjiayhoi.supabase.co/storage/v1/object/public/yacht-images/new-yachts/67178f72-eeb2-453d-a891-16e6e75edbff/67178f72-eeb2-453d-a891-16e6e75edbff-11.jpg,new-yachts/67178f72-eeb2-453d-a891-16e6e75edbff/67178f72-eeb2-453d-a891-16e6e75edbff-11.jpg,11,2026-04-22 14:31:04.251707+00
a89a724b-1669-46f9-8856-3a4c2f98ebcd,048be10f-7f58-4426-858b-64c0cb21305c,https://awrznjnofgmlqjiayhoi.supabase.co/storage/v1/object/public/yacht-images/new-yachts/048be10f-7f58-4426-858b-64c0cb21305c/048be10f-7f58-4426-858b-64c0cb21305c-3.webp,new-yachts/048be10f-7f58-4426-858b-64c0cb21305c/048be10f-7f58-4426-858b-64c0cb21305c-3.webp,3,2026-03-27 20:01:57.302214+00
a8d7edd0-a986-41d6-9c96-8f3be1086e9b,d3716531-df17-4b01-9d18-993b87404a0e,https://awrznjnofgmlqjiayhoi.supabase.co/storage/v1/object/public/yacht-images/new-yachts/d3716531-df17-4b01-9d18-993b87404a0e/d3716531-df17-4b01-9d18-993b87404a0e-7.jpg,new-yachts/d3716531-df17-4b01-9d18-993b87404a0e/d3716531-df17-4b01-9d18-993b87404a0e-7.jpg,7,2026-04-10 12:56:04.545984+00
a91c91cb-6a46-4659-9399-482ac206ad27,a6460b88-dc2d-48c2-af4f-f2b01260ae26,https://awrznjnofgmlqjiayhoi.supabase.co/storage/v1/object/public/yacht-images/new-yachts/a6460b88-dc2d-48c2-af4f-f2b01260ae26/a6460b88-dc2d-48c2-af4f-f2b01260ae26-3.jpg,new-yachts/a6460b88-dc2d-48c2-af4f-f2b01260ae26/a6460b88-dc2d-48c2-af4f-f2b01260ae26-3.jpg,3,2026-04-23 08:50:25.016341+00
a95951eb-101b-4742-a867-f0e106f8584e,01c63518-616e-4da3-85ce-f598fe1975d2,https://awrznjnofgmlqjiayhoi.supabase.co/storage/v1/object/public/yacht-images/new-yachts/01c63518-616e-4da3-85ce-f598fe1975d2/01c63518-616e-4da3-85ce-f598fe1975d2-8.jpg,new-yachts/01c63518-616e-4da3-85ce-f598fe1975d2/01c63518-616e-4da3-85ce-f598fe1975d2-8.jpg,8,2026-04-24 21:26:41.55304+00
a9a0a22d-a4c0-4c89-aa78-2afd48a932a0,918b12a4-fcbf-46eb-8a39-6a1cc0bf196f,https://awrznjnofgmlqjiayhoi.supabase.co/storage/v1/object/public/yacht-images/new-yachts/918b12a4-fcbf-46eb-8a39-6a1cc0bf196f/918b12a4-fcbf-46eb-8a39-6a1cc0bf196f-5.jpg,new-yachts/918b12a4-fcbf-46eb-8a39-6a1cc0bf196f/918b12a4-fcbf-46eb-8a39-6a1cc0bf196f-5.jpg,5,2026-04-22 18:21:39.984301+00
a9b59b69-3cd8-460d-b1ee-7d9b9e42772f,75597bbd-243f-42fd-a534-fdeca57e3c9c,https://awrznjnofgmlqjiayhoi.supabase.co/storage/v1/object/public/yacht-images/new-yachts/75597bbd-243f-42fd-a534-fdeca57e3c9c/75597bbd-243f-42fd-a534-fdeca57e3c9c-5.jpg,new-yachts/75597bbd-243f-42fd-a534-fdeca57e3c9c/75597bbd-243f-42fd-a534-fdeca57e3c9c-5.jpg,5,2026-04-24 00:18:10.631187+00
a9bb88bd-4b2c-45cc-9c93-ce36a4da0101,9ec06a62-12e4-4bb0-9fe9-56bced3c8bc2,https://awrznjnofgmlqjiayhoi.supabase.co/storage/v1/object/public/yacht-images/new-yachts/9ec06a62-12e4-4bb0-9fe9-56bced3c8bc2/9ec06a62-12e4-4bb0-9fe9-56bced3c8bc2-6.jpg,new-yachts/9ec06a62-12e4-4bb0-9fe9-56bced3c8bc2/9ec06a62-12e4-4bb0-9fe9-56bced3c8bc2-6.jpg,6,2026-04-24 22:46:57.978935+00
a9c8518d-f7d5-4f01-acf6-78560193fc62,e3ed0b65-11ce-434b-b654-3450349c0ac2,https://awrznjnofgmlqjiayhoi.supabase.co/storage/v1/object/public/yacht-images/new-yachts/e3ed0b65-11ce-434b-b654-3450349c0ac2/e3ed0b65-11ce-434b-b654-3450349c0ac2-7.jpg,new-yachts/e3ed0b65-11ce-434b-b654-3450349c0ac2/e3ed0b65-11ce-434b-b654-3450349c0ac2-7.jpg,7,2026-04-22 17:28:19.296091+00
a9dc8b97-dd16-4af3-ae20-912132b82b25,ec89419e-3baa-4164-b5d4-feb08873daa2,https://awrznjnofgmlqjiayhoi.supabase.co/storage/v1/object/public/yacht-images/new-yachts/ec89419e-3baa-4164-b5d4-feb08873daa2/ec89419e-3baa-4164-b5d4-feb08873daa2-2.webp,new-yachts/ec89419e-3baa-4164-b5d4-feb08873daa2/ec89419e-3baa-4164-b5d4-feb08873daa2-2.webp,2,2026-03-26 22:02:25.985954+00
a9f88f1f-d9d7-4c8b-9366-8af678ff8caa,625d8ba4-c145-4673-affb-3de4e2f03886,https://awrznjnofgmlqjiayhoi.supabase.co/storage/v1/object/public/yacht-images/new-yachts/625d8ba4-c145-4673-affb-3de4e2f03886/625d8ba4-c145-4673-affb-3de4e2f03886-2.webp,new-yachts/625d8ba4-c145-4673-affb-3de4e2f03886/625d8ba4-c145-4673-affb-3de4e2f03886-2.webp,2,2026-03-26 21:21:03.7657+00
aa0f7060-0237-4dd3-8811-aa9b7c5e8d85,67178f72-eeb2-453d-a891-16e6e75edbff,https://awrznjnofgmlqjiayhoi.supabase.co/storage/v1/object/public/yacht-images/new-yachts/67178f72-eeb2-453d-a891-16e6e75edbff/67178f72-eeb2-453d-a891-16e6e75edbff-2.jpg,new-yachts/67178f72-eeb2-453d-a891-16e6e75edbff/67178f72-eeb2-453d-a891-16e6e75edbff-2.jpg,2,2026-04-22 14:31:00.168886+00
aa1d998d-6cbd-414d-8e86-0ef6698a7417,7003a6dc-f1a6-4109-a0e2-854d49db77fc,https://awrznjnofgmlqjiayhoi.supabase.co/storage/v1/object/public/yacht-images/new-yachts/7003a6dc-f1a6-4109-a0e2-854d49db77fc/7003a6dc-f1a6-4109-a0e2-854d49db77fc-4.jpg,new-yachts/7003a6dc-f1a6-4109-a0e2-854d49db77fc/7003a6dc-f1a6-4109-a0e2-854d49db77fc-4.jpg,4,2026-04-23 08:56:24.008134+00
aa2256c3-2768-423e-972d-f2b3bf8d1f98,3c394ac5-a52c-4c8d-b431-0eff672003b3,https://awrznjnofgmlqjiayhoi.supabase.co/storage/v1/object/public/yacht-images/new-yachts/3c394ac5-a52c-4c8d-b431-0eff672003b3/3c394ac5-a52c-4c8d-b431-0eff672003b3-8.jpg,new-yachts/3c394ac5-a52c-4c8d-b431-0eff672003b3/3c394ac5-a52c-4c8d-b431-0eff672003b3-8.jpg,8,2026-04-24 22:17:48.360182+00
aa290a3c-4943-46d5-b5ae-ed06ad79d006,2202596a-f8b5-44c3-ab52-6f4d6cfc8522,https://awrznjnofgmlqjiayhoi.supabase.co/storage/v1/object/public/yacht-images/new-yachts/2202596a-f8b5-44c3-ab52-6f4d6cfc8522/2202596a-f8b5-44c3-ab52-6f4d6cfc8522-1.jpg,new-yachts/2202596a-f8b5-44c3-ab52-6f4d6cfc8522/2202596a-f8b5-44c3-ab52-6f4d6cfc8522-1.jpg,1,2026-04-22 17:24:53.797667+00
aa384aef-a845-400e-8339-e508d65546d5,2a59a9b9-e70a-4dd8-ba20-4d4eb7384cbc,https://awrznjnofgmlqjiayhoi.supabase.co/storage/v1/object/public/yacht-images/new-yachts/2a59a9b9-e70a-4dd8-ba20-4d4eb7384cbc/2a59a9b9-e70a-4dd8-ba20-4d4eb7384cbc-6.jpg,new-yachts/2a59a9b9-e70a-4dd8-ba20-4d4eb7384cbc/2a59a9b9-e70a-4dd8-ba20-4d4eb7384cbc-6.jpg,6,2026-04-23 08:58:04.815322+00
aa68f07e-37ac-43b7-b406-a75a2f3865d3,1789ce0b-b617-4357-911e-6152f2799f45,https://awrznjnofgmlqjiayhoi.supabase.co/storage/v1/object/public/yacht-images/new-yachts/1789ce0b-b617-4357-911e-6152f2799f45/1789ce0b-b617-4357-911e-6152f2799f45-9.jpg,new-yachts/1789ce0b-b617-4357-911e-6152f2799f45/1789ce0b-b617-4357-911e-6152f2799f45-9.jpg,9,2026-04-24 00:00:55.368077+00
aa692bfb-6b25-4f82-bae7-34e30760d772,c8de990e-7e4a-4ad6-8e58-490752e3cfab,https://awrznjnofgmlqjiayhoi.supabase.co/storage/v1/object/public/yacht-images/new-yachts/c8de990e-7e4a-4ad6-8e58-490752e3cfab/c8de990e-7e4a-4ad6-8e58-490752e3cfab-5.jpg,new-yachts/c8de990e-7e4a-4ad6-8e58-490752e3cfab/c8de990e-7e4a-4ad6-8e58-490752e3cfab-5.jpg,5,2026-04-22 18:20:35.225902+00
aa79d053-33be-453d-909a-eff2ed18d6da,cbd5ddc7-f07d-46a1-98b7-663b7e4c9432,https://awrznjnofgmlqjiayhoi.supabase.co/storage/v1/object/public/yacht-images/new-yachts/cbd5ddc7-f07d-46a1-98b7-663b7e4c9432/cbd5ddc7-f07d-46a1-98b7-663b7e4c9432-1.jpg,new-yachts/cbd5ddc7-f07d-46a1-98b7-663b7e4c9432/cbd5ddc7-f07d-46a1-98b7-663b7e4c9432-1.jpg,1,2026-04-23 12:57:19.469169+00
aa82a1c1-d03a-4795-b87e-d9c8fa597b74,f651b6e2-9576-490b-a593-877bcb8944e0,https://awrznjnofgmlqjiayhoi.supabase.co/storage/v1/object/public/yacht-images/new-yachts/f651b6e2-9576-490b-a593-877bcb8944e0/f651b6e2-9576-490b-a593-877bcb8944e0-8.jpg,new-yachts/f651b6e2-9576-490b-a593-877bcb8944e0/f651b6e2-9576-490b-a593-877bcb8944e0-8.jpg,8,2026-04-23 12:44:48.35518+00
aaa928b2-068b-4f0f-a57f-36735a2e5f24,bc6673af-2cbc-45d6-98bd-04b89297bef3,https://awrznjnofgmlqjiayhoi.supabase.co/storage/v1/object/public/yacht-images/new-yachts/bc6673af-2cbc-45d6-98bd-04b89297bef3/bc6673af-2cbc-45d6-98bd-04b89297bef3-9.jpg,new-yachts/bc6673af-2cbc-45d6-98bd-04b89297bef3/bc6673af-2cbc-45d6-98bd-04b89297bef3-9.jpg,9,2026-04-22 14:39:26.591182+00
aab640c9-b9ee-41d6-a539-c1655635fded,0c015923-44a5-4de2-8d0c-532e76fc17c7,https://awrznjnofgmlqjiayhoi.supabase.co/storage/v1/object/public/yacht-images/new-yachts/0c015923-44a5-4de2-8d0c-532e76fc17c7/0c015923-44a5-4de2-8d0c-532e76fc17c7-7.jpg,new-yachts/0c015923-44a5-4de2-8d0c-532e76fc17c7/0c015923-44a5-4de2-8d0c-532e76fc17c7-7.jpg,7,2026-04-22 16:25:16.799199+00
aafa4b41-f927-44d1-927a-785759d74c88,6f462948-9675-4e1f-859a-5bf70e7e1ff0,https://awrznjnofgmlqjiayhoi.supabase.co/storage/v1/object/public/yacht-images/new-yachts/6f462948-9675-4e1f-859a-5bf70e7e1ff0/6f462948-9675-4e1f-859a-5bf70e7e1ff0-1.jpg,new-yachts/6f462948-9675-4e1f-859a-5bf70e7e1ff0/6f462948-9675-4e1f-859a-5bf70e7e1ff0-1.jpg,1,2026-04-22 18:00:25.9141+00
ab02b134-005e-40cc-8914-c131b9189c68,77df49d2-ba0a-41af-930e-563752714ead,https://awrznjnofgmlqjiayhoi.supabase.co/storage/v1/object/public/yacht-images/new-yachts/77df49d2-ba0a-41af-930e-563752714ead/77df49d2-ba0a-41af-930e-563752714ead-3.jpg,new-yachts/77df49d2-ba0a-41af-930e-563752714ead/77df49d2-ba0a-41af-930e-563752714ead-3.jpg,3,2026-04-22 18:28:27.127005+00
ab29e50f-d60a-4b90-854f-4cacb1450013,7e73b261-75f0-4206-8c2a-c5e07daaee16,https://awrznjnofgmlqjiayhoi.supabase.co/storage/v1/object/public/yacht-images/new-yachts/7e73b261-75f0-4206-8c2a-c5e07daaee16/7e73b261-75f0-4206-8c2a-c5e07daaee16-2.webp,new-yachts/7e73b261-75f0-4206-8c2a-c5e07daaee16/7e73b261-75f0-4206-8c2a-c5e07daaee16-2.webp,2,2026-03-27 20:11:01.044216+00
ab5fdbba-f422-4227-8ea6-2b5836bca835,3be4e810-053d-4854-b2ae-708b86082bac,https://awrznjnofgmlqjiayhoi.supabase.co/storage/v1/object/public/yacht-images/new-yachts/3be4e810-053d-4854-b2ae-708b86082bac/3be4e810-053d-4854-b2ae-708b86082bac-1.jpg,new-yachts/3be4e810-053d-4854-b2ae-708b86082bac/3be4e810-053d-4854-b2ae-708b86082bac-1.jpg,1,2026-04-24 00:26:48.553833+00
ab7521a3-cf27-48d5-a898-76be7bcb5a2d,34a9704a-6e5d-48ab-9f0d-7b4fa78fb240,https://awrznjnofgmlqjiayhoi.supabase.co/storage/v1/object/public/yacht-images/new-yachts/34a9704a-6e5d-48ab-9f0d-7b4fa78fb240/34a9704a-6e5d-48ab-9f0d-7b4fa78fb240-5.jpg,new-yachts/34a9704a-6e5d-48ab-9f0d-7b4fa78fb240/34a9704a-6e5d-48ab-9f0d-7b4fa78fb240-5.jpg,5,2026-04-22 18:17:48.010868+00
ab7dc419-82dc-4107-91e7-1a4a1a8974d1,c3661269-98db-4434-968d-fcc49da5955d,https://awrznjnofgmlqjiayhoi.supabase.co/storage/v1/object/public/yacht-images/new-yachts/c3661269-98db-4434-968d-fcc49da5955d/c3661269-98db-4434-968d-fcc49da5955d-4.jpg,new-yachts/c3661269-98db-4434-968d-fcc49da5955d/c3661269-98db-4434-968d-fcc49da5955d-4.jpg,4,2026-04-24 00:37:22.118947+00
aba50979-e337-44fe-a6ae-2b058cd53f78,00f407c0-a7b1-4072-8165-acc95c322bae,https://awrznjnofgmlqjiayhoi.supabase.co/storage/v1/object/public/yacht-images/new-yachts/00f407c0-a7b1-4072-8165-acc95c322bae/00f407c0-a7b1-4072-8165-acc95c322bae-3.jpg,new-yachts/00f407c0-a7b1-4072-8165-acc95c322bae/00f407c0-a7b1-4072-8165-acc95c322bae-3.jpg,3,2026-04-24 21:46:59.965014+00
abb7c351-2ffe-42bf-96d8-2be462e6528a,09b2328a-b514-4c89-abe8-41c332218a64,https://awrznjnofgmlqjiayhoi.supabase.co/storage/v1/object/public/yacht-images/new-yachts/09b2328a-b514-4c89-abe8-41c332218a64/09b2328a-b514-4c89-abe8-41c332218a64-4.jpg,new-yachts/09b2328a-b514-4c89-abe8-41c332218a64/09b2328a-b514-4c89-abe8-41c332218a64-4.jpg,4,2026-04-22 18:29:29.694123+00
abc5e3ef-f4c0-49da-98ac-1d0967742bde,96f0c491-d2d6-4d18-9673-195e14005b8b,https://awrznjnofgmlqjiayhoi.supabase.co/storage/v1/object/public/yacht-images/new-yachts/96f0c491-d2d6-4d18-9673-195e14005b8b/96f0c491-d2d6-4d18-9673-195e14005b8b-11.jpg,new-yachts/96f0c491-d2d6-4d18-9673-195e14005b8b/96f0c491-d2d6-4d18-9673-195e14005b8b-11.jpg,11,2026-04-24 22:12:14.705338+00
abccc8c8-f480-48ad-aa12-0eb8ba0516d6,ca11d0bc-19db-4d7f-965d-da4a896b189a,https://awrznjnofgmlqjiayhoi.supabase.co/storage/v1/object/public/yacht-images/new-yachts/ca11d0bc-19db-4d7f-965d-da4a896b189a/ca11d0bc-19db-4d7f-965d-da4a896b189a-1.png,new-yachts/ca11d0bc-19db-4d7f-965d-da4a896b189a/ca11d0bc-19db-4d7f-965d-da4a896b189a-1.png,1,2026-03-01 09:48:11.999105+00
abfbb6cc-a9f7-47d6-94e9-12c152a7cb1a,0e381fe0-3d2f-401e-a912-3660d72aa7b2,https://awrznjnofgmlqjiayhoi.supabase.co/storage/v1/object/public/yacht-images/new-yachts/0e381fe0-3d2f-401e-a912-3660d72aa7b2/0e381fe0-3d2f-401e-a912-3660d72aa7b2-4.jpg,new-yachts/0e381fe0-3d2f-401e-a912-3660d72aa7b2/0e381fe0-3d2f-401e-a912-3660d72aa7b2-4.jpg,4,2026-04-22 18:11:13.154148+00
abff6f81-4b40-412f-a178-e9474b7d496c,d15f9400-57d7-4e7e-8194-b1c06fe5f250,https://awrznjnofgmlqjiayhoi.supabase.co/storage/v1/object/public/yacht-images/new-yachts/d15f9400-57d7-4e7e-8194-b1c06fe5f250/d15f9400-57d7-4e7e-8194-b1c06fe5f250-5.jpg,new-yachts/d15f9400-57d7-4e7e-8194-b1c06fe5f250/d15f9400-57d7-4e7e-8194-b1c06fe5f250-5.jpg,5,2026-04-24 15:53:02.504604+00
ac056ea3-ed7b-48a3-a828-cf2180092c88,d15f9400-57d7-4e7e-8194-b1c06fe5f250,https://awrznjnofgmlqjiayhoi.supabase.co/storage/v1/object/public/yacht-images/new-yachts/d15f9400-57d7-4e7e-8194-b1c06fe5f250/d15f9400-57d7-4e7e-8194-b1c06fe5f250-6.jpg,new-yachts/d15f9400-57d7-4e7e-8194-b1c06fe5f250/d15f9400-57d7-4e7e-8194-b1c06fe5f250-6.jpg,6,2026-04-24 15:53:03.076377+00
ac262e44-bf29-4ae9-8404-4b67149ad392,83795779-a646-4c1e-b643-56e99168b304,https://awrznjnofgmlqjiayhoi.supabase.co/storage/v1/object/public/yacht-images/new-yachts/83795779-a646-4c1e-b643-56e99168b304/83795779-a646-4c1e-b643-56e99168b304-10.jpg,new-yachts/83795779-a646-4c1e-b643-56e99168b304/83795779-a646-4c1e-b643-56e99168b304-10.jpg,10,2026-04-22 18:07:53.337486+00
ac728e6a-8b10-4cc3-b6e4-9ed6e6805b34,4c428a0f-213e-4899-b826-1f110b9fee53,https://awrznjnofgmlqjiayhoi.supabase.co/storage/v1/object/public/yacht-images/new-yachts/4c428a0f-213e-4899-b826-1f110b9fee53/4c428a0f-213e-4899-b826-1f110b9fee53-7.jpg,new-yachts/4c428a0f-213e-4899-b826-1f110b9fee53/4c428a0f-213e-4899-b826-1f110b9fee53-7.jpg,7,2026-04-23 09:23:16.475655+00
ac7569e6-d2d9-4c36-a909-4174af4339c0,a6a12e4a-1f13-40ae-a2d3-5fcc38532e12,https://awrznjnofgmlqjiayhoi.supabase.co/storage/v1/object/public/yacht-images/new-yachts/a6a12e4a-1f13-40ae-a2d3-5fcc38532e12/a6a12e4a-1f13-40ae-a2d3-5fcc38532e12-4.jpg,new-yachts/a6a12e4a-1f13-40ae-a2d3-5fcc38532e12/a6a12e4a-1f13-40ae-a2d3-5fcc38532e12-4.jpg,4,2026-04-22 14:43:16.029589+00
ac874ed0-b0ad-4385-8d5b-250826a034d5,34140b13-e5f4-4042-8f03-49390da36148,https://awrznjnofgmlqjiayhoi.supabase.co/storage/v1/object/public/yacht-images/new-yachts/34140b13-e5f4-4042-8f03-49390da36148/34140b13-e5f4-4042-8f03-49390da36148-7.jpg,new-yachts/34140b13-e5f4-4042-8f03-49390da36148/34140b13-e5f4-4042-8f03-49390da36148-7.jpg,7,2026-04-23 19:12:06.156326+00
ac9b06ef-68fe-408e-af9d-93d685c8bcbc,b91a48c7-b650-4d3e-8163-342f849e50a2,https://awrznjnofgmlqjiayhoi.supabase.co/storage/v1/object/public/yacht-images/new-yachts/b91a48c7-b650-4d3e-8163-342f849e50a2/b91a48c7-b650-4d3e-8163-342f849e50a2-1.jpg,new-yachts/b91a48c7-b650-4d3e-8163-342f849e50a2/b91a48c7-b650-4d3e-8163-342f849e50a2-1.jpg,1,2026-04-22 17:00:19.2757+00
acab0086-4844-4f9d-9d43-6ed19b1ea2c2,036b38ca-3c40-46d2-a5eb-0f44fd933ae7,https://awrznjnofgmlqjiayhoi.supabase.co/storage/v1/object/public/yacht-images/new-yachts/036b38ca-3c40-46d2-a5eb-0f44fd933ae7/036b38ca-3c40-46d2-a5eb-0f44fd933ae7-10.jpg,new-yachts/036b38ca-3c40-46d2-a5eb-0f44fd933ae7/036b38ca-3c40-46d2-a5eb-0f44fd933ae7-10.jpg,10,2026-04-23 12:55:28.40621+00
acbd2cf7-e8d8-4c52-8579-271fadda0087,77df49d2-ba0a-41af-930e-563752714ead,https://awrznjnofgmlqjiayhoi.supabase.co/storage/v1/object/public/yacht-images/new-yachts/77df49d2-ba0a-41af-930e-563752714ead/77df49d2-ba0a-41af-930e-563752714ead-6.jpg,new-yachts/77df49d2-ba0a-41af-930e-563752714ead/77df49d2-ba0a-41af-930e-563752714ead-6.jpg,6,2026-04-22 18:28:29.16482+00
acd0f346-d63e-4278-9252-b24a22c73c91,7c786725-2810-4b6c-ab69-e4001a918ea0,https://awrznjnofgmlqjiayhoi.supabase.co/storage/v1/object/public/yacht-images/new-yachts/7c786725-2810-4b6c-ab69-e4001a918ea0/7c786725-2810-4b6c-ab69-e4001a918ea0-2.jpg,new-yachts/7c786725-2810-4b6c-ab69-e4001a918ea0/7c786725-2810-4b6c-ab69-e4001a918ea0-2.jpg,2,2026-04-24 13:38:01.764452+00
acf6286e-edf0-4d44-82ee-cdaa34f8992f,72968c30-468e-475b-9c74-a6afb74ff62e,https://awrznjnofgmlqjiayhoi.supabase.co/storage/v1/object/public/yacht-images/new-yachts/72968c30-468e-475b-9c74-a6afb74ff62e/72968c30-468e-475b-9c74-a6afb74ff62e-3.jpg,new-yachts/72968c30-468e-475b-9c74-a6afb74ff62e/72968c30-468e-475b-9c74-a6afb74ff62e-3.jpg,3,2026-04-24 22:13:18.720089+00
acf7af18-c142-46bf-b4e7-344f515f9326,23369539-310c-42d9-8d1a-c7fe6778be22,https://awrznjnofgmlqjiayhoi.supabase.co/storage/v1/object/public/yacht-images/new-yachts/23369539-310c-42d9-8d1a-c7fe6778be22/23369539-310c-42d9-8d1a-c7fe6778be22-3.jpg,new-yachts/23369539-310c-42d9-8d1a-c7fe6778be22/23369539-310c-42d9-8d1a-c7fe6778be22-3.jpg,3,2026-04-23 23:28:53.078787+00
ad44b549-9c63-40ef-9527-a210bf94f6f5,cbd5ddc7-f07d-46a1-98b7-663b7e4c9432,https://awrznjnofgmlqjiayhoi.supabase.co/storage/v1/object/public/yacht-images/new-yachts/cbd5ddc7-f07d-46a1-98b7-663b7e4c9432/cbd5ddc7-f07d-46a1-98b7-663b7e4c9432-5.jpg,new-yachts/cbd5ddc7-f07d-46a1-98b7-663b7e4c9432/cbd5ddc7-f07d-46a1-98b7-663b7e4c9432-5.jpg,5,2026-04-23 12:57:22.370978+00
ad4db2a9-6229-4d8d-8f34-720a2691d92b,4b438c34-210e-49b0-96ad-2a3e9410eb11,https://awrznjnofgmlqjiayhoi.supabase.co/storage/v1/object/public/yacht-images/new-yachts/4b438c34-210e-49b0-96ad-2a3e9410eb11/4b438c34-210e-49b0-96ad-2a3e9410eb11-1.jpg,new-yachts/4b438c34-210e-49b0-96ad-2a3e9410eb11/4b438c34-210e-49b0-96ad-2a3e9410eb11-1.jpg,1,2026-03-26 21:06:56.892956+00
ad837265-038c-4c1b-85b1-8f5f9e232e53,6f7d9f4f-3551-4c4b-b5f7-bd5596935016,https://awrznjnofgmlqjiayhoi.supabase.co/storage/v1/object/public/yacht-images/new-yachts/6f7d9f4f-3551-4c4b-b5f7-bd5596935016/6f7d9f4f-3551-4c4b-b5f7-bd5596935016-6.jpg,new-yachts/6f7d9f4f-3551-4c4b-b5f7-bd5596935016/6f7d9f4f-3551-4c4b-b5f7-bd5596935016-6.jpg,6,2026-04-24 00:33:10.10652+00
ad83e748-4ab2-4848-9f5b-356f82dc6c23,83795779-a646-4c1e-b643-56e99168b304,https://awrznjnofgmlqjiayhoi.supabase.co/storage/v1/object/public/yacht-images/new-yachts/83795779-a646-4c1e-b643-56e99168b304/83795779-a646-4c1e-b643-56e99168b304-6.jpg,new-yachts/83795779-a646-4c1e-b643-56e99168b304/83795779-a646-4c1e-b643-56e99168b304-6.jpg,6,2026-04-22 18:07:50.461613+00
ad9ad409-8b23-4aaa-b918-f9d65cb2fd36,199d0d16-14ce-4883-973e-e82706c8e0ca,https://awrznjnofgmlqjiayhoi.supabase.co/storage/v1/object/public/yacht-images/new-yachts/199d0d16-14ce-4883-973e-e82706c8e0ca/199d0d16-14ce-4883-973e-e82706c8e0ca-1.jpg,new-yachts/199d0d16-14ce-4883-973e-e82706c8e0ca/199d0d16-14ce-4883-973e-e82706c8e0ca-1.jpg,1,2026-04-24 00:11:40.743804+00
ada9dd16-c098-4e05-886e-165d90793bcf,b05aa56a-a6ba-4e1f-b64c-722a554ef536,https://awrznjnofgmlqjiayhoi.supabase.co/storage/v1/object/public/yacht-images/new-yachts/b05aa56a-a6ba-4e1f-b64c-722a554ef536/b05aa56a-a6ba-4e1f-b64c-722a554ef536-5.jpg,new-yachts/b05aa56a-a6ba-4e1f-b64c-722a554ef536/b05aa56a-a6ba-4e1f-b64c-722a554ef536-5.jpg,5,2026-04-22 16:58:36.168786+00
adafd1f3-e0bc-4e49-80be-28d1ae108666,7c786725-2810-4b6c-ab69-e4001a918ea0,https://awrznjnofgmlqjiayhoi.supabase.co/storage/v1/object/public/yacht-images/new-yachts/7c786725-2810-4b6c-ab69-e4001a918ea0/7c786725-2810-4b6c-ab69-e4001a918ea0-8.jpg,new-yachts/7c786725-2810-4b6c-ab69-e4001a918ea0/7c786725-2810-4b6c-ab69-e4001a918ea0-8.jpg,8,2026-04-24 13:38:06.210646+00
ade6ca26-5627-4e94-87a6-52d81b431a8e,c96d4ad4-068c-4543-8548-9bee6a9e902f,https://awrznjnofgmlqjiayhoi.supabase.co/storage/v1/object/public/yacht-images/new-yachts/c96d4ad4-068c-4543-8548-9bee6a9e902f/c96d4ad4-068c-4543-8548-9bee6a9e902f-8.jpg,new-yachts/c96d4ad4-068c-4543-8548-9bee6a9e902f/c96d4ad4-068c-4543-8548-9bee6a9e902f-8.jpg,8,2026-04-23 10:17:55.052363+00
adf73308-3b7a-462d-bf2e-7792a0d942bf,d4d051c3-8265-40c7-a211-75a07354158f,https://awrznjnofgmlqjiayhoi.supabase.co/storage/v1/object/public/yacht-images/new-yachts/d4d051c3-8265-40c7-a211-75a07354158f/d4d051c3-8265-40c7-a211-75a07354158f-8.jpg,new-yachts/d4d051c3-8265-40c7-a211-75a07354158f/d4d051c3-8265-40c7-a211-75a07354158f-8.jpg,8,2026-04-23 09:15:32.963324+00
ae015463-f62e-4db0-8697-912ebb656dbb,036b38ca-3c40-46d2-a5eb-0f44fd933ae7,https://awrznjnofgmlqjiayhoi.supabase.co/storage/v1/object/public/yacht-images/new-yachts/036b38ca-3c40-46d2-a5eb-0f44fd933ae7/036b38ca-3c40-46d2-a5eb-0f44fd933ae7-5.jpg,new-yachts/036b38ca-3c40-46d2-a5eb-0f44fd933ae7/036b38ca-3c40-46d2-a5eb-0f44fd933ae7-5.jpg,5,2026-04-23 12:55:24.984269+00
ae087f1a-b7b5-494e-bc22-7dba5fbd5ea4,68193184-66ee-493e-b2f7-72ff5c829416,https://awrznjnofgmlqjiayhoi.supabase.co/storage/v1/object/public/yacht-images/new-yachts/68193184-66ee-493e-b2f7-72ff5c829416/68193184-66ee-493e-b2f7-72ff5c829416-7.jpg,new-yachts/68193184-66ee-493e-b2f7-72ff5c829416/68193184-66ee-493e-b2f7-72ff5c829416-7.jpg,7,2026-04-24 00:34:22.921578+00
ae532d50-a598-4fcd-a9d3-b317fce95d96,7003a6dc-f1a6-4109-a0e2-854d49db77fc,https://awrznjnofgmlqjiayhoi.supabase.co/storage/v1/object/public/yacht-images/new-yachts/7003a6dc-f1a6-4109-a0e2-854d49db77fc/7003a6dc-f1a6-4109-a0e2-854d49db77fc-3.jpg,new-yachts/7003a6dc-f1a6-4109-a0e2-854d49db77fc/7003a6dc-f1a6-4109-a0e2-854d49db77fc-3.jpg,3,2026-04-23 08:56:23.174117+00
aea38a48-ad06-4e38-a27a-490259b38dae,a2124144-02a4-4ec8-9f73-360dd683aa4d,https://awrznjnofgmlqjiayhoi.supabase.co/storage/v1/object/public/yacht-images/new-yachts/a2124144-02a4-4ec8-9f73-360dd683aa4d/a2124144-02a4-4ec8-9f73-360dd683aa4d-10.jpg,new-yachts/a2124144-02a4-4ec8-9f73-360dd683aa4d/a2124144-02a4-4ec8-9f73-360dd683aa4d-10.jpg,10,2026-04-24 00:50:31.462759+00
aead1d64-b32d-4230-bba7-ce7dd8f62039,6b302f73-4059-469d-98ee-cd0dbbaa3b4a,https://awrznjnofgmlqjiayhoi.supabase.co/storage/v1/object/public/yacht-images/new-yachts/6b302f73-4059-469d-98ee-cd0dbbaa3b4a/6b302f73-4059-469d-98ee-cd0dbbaa3b4a-11.jpg,new-yachts/6b302f73-4059-469d-98ee-cd0dbbaa3b4a/6b302f73-4059-469d-98ee-cd0dbbaa3b4a-11.jpg,11,2026-04-23 08:21:26.953558+00
aec108d2-54b0-449c-8425-646d9f627292,245f9376-5d0c-4d01-9edb-8b2357d16aca,https://awrznjnofgmlqjiayhoi.supabase.co/storage/v1/object/public/yacht-images/new-yachts/245f9376-5d0c-4d01-9edb-8b2357d16aca/245f9376-5d0c-4d01-9edb-8b2357d16aca-5.jpg,new-yachts/245f9376-5d0c-4d01-9edb-8b2357d16aca/245f9376-5d0c-4d01-9edb-8b2357d16aca-5.jpg,5,2026-04-24 00:21:21.135685+00
aed70d6b-c380-438b-a5cb-56f258839534,3b566a87-1f34-4f83-8f51-8fc988f9d292,https://awrznjnofgmlqjiayhoi.supabase.co/storage/v1/object/public/yacht-images/new-yachts/3b566a87-1f34-4f83-8f51-8fc988f9d292/3b566a87-1f34-4f83-8f51-8fc988f9d292-9.jpg,new-yachts/3b566a87-1f34-4f83-8f51-8fc988f9d292/3b566a87-1f34-4f83-8f51-8fc988f9d292-9.jpg,9,2026-04-23 09:09:35.627733+00
aee4c230-947d-404e-96ea-3837924c49f2,67178f72-eeb2-453d-a891-16e6e75edbff,https://awrznjnofgmlqjiayhoi.supabase.co/storage/v1/object/public/yacht-images/new-yachts/67178f72-eeb2-453d-a891-16e6e75edbff/67178f72-eeb2-453d-a891-16e6e75edbff-3.jpg,new-yachts/67178f72-eeb2-453d-a891-16e6e75edbff/67178f72-eeb2-453d-a891-16e6e75edbff-3.jpg,3,2026-04-22 14:31:00.738073+00
af48e7cd-f0d4-4f54-938c-202eaae210ae,dad3e31e-782b-4453-8084-835e82cb6131,https://awrznjnofgmlqjiayhoi.supabase.co/storage/v1/object/public/yacht-images/new-yachts/dad3e31e-782b-4453-8084-835e82cb6131/dad3e31e-782b-4453-8084-835e82cb6131-1.jpg,new-yachts/dad3e31e-782b-4453-8084-835e82cb6131/dad3e31e-782b-4453-8084-835e82cb6131-1.jpg,1,2026-04-23 23:38:00.871763+00
af6672e2-7a57-4f7f-8047-a35d0d11f188,338ef555-03ad-4c67-8ebd-8457ce40ca9e,https://awrznjnofgmlqjiayhoi.supabase.co/storage/v1/object/public/yacht-images/new-yachts/338ef555-03ad-4c67-8ebd-8457ce40ca9e/338ef555-03ad-4c67-8ebd-8457ce40ca9e-4.jpg,new-yachts/338ef555-03ad-4c67-8ebd-8457ce40ca9e/338ef555-03ad-4c67-8ebd-8457ce40ca9e-4.jpg,4,2026-04-24 00:46:22.052907+00
af68219e-746a-430e-93e4-7d6cfc4725e6,c8c5aac8-0250-456f-8eae-5c72e98aec4c,https://awrznjnofgmlqjiayhoi.supabase.co/storage/v1/object/public/yacht-images/new-yachts/c8c5aac8-0250-456f-8eae-5c72e98aec4c/c8c5aac8-0250-456f-8eae-5c72e98aec4c-4.jpg,new-yachts/c8c5aac8-0250-456f-8eae-5c72e98aec4c/c8c5aac8-0250-456f-8eae-5c72e98aec4c-4.jpg,4,2026-04-24 00:28:18.294432+00
af75adb3-1c74-425b-9d2f-4440b92017e5,e77f9842-d7df-4821-aaea-022f37c657ab,https://awrznjnofgmlqjiayhoi.supabase.co/storage/v1/object/public/yacht-images/new-yachts/e77f9842-d7df-4821-aaea-022f37c657ab/e77f9842-d7df-4821-aaea-022f37c657ab-7.jpg,new-yachts/e77f9842-d7df-4821-aaea-022f37c657ab/e77f9842-d7df-4821-aaea-022f37c657ab-7.jpg,7,2026-04-22 15:02:37.607562+00
af75cdd2-9e17-43fe-8a59-c1e6c2c96abf,20d0e3b6-8f8c-442c-84b9-d6b0ec964c8d,https://awrznjnofgmlqjiayhoi.supabase.co/storage/v1/object/public/yacht-images/new-yachts/20d0e3b6-8f8c-442c-84b9-d6b0ec964c8d/20d0e3b6-8f8c-442c-84b9-d6b0ec964c8d-8.jpg,new-yachts/20d0e3b6-8f8c-442c-84b9-d6b0ec964c8d/20d0e3b6-8f8c-442c-84b9-d6b0ec964c8d-8.jpg,8,2026-04-22 16:23:07.22558+00
af8a4d40-c2c4-481e-ba88-c2e197a44767,9f57ec42-db09-4ed6-b8a0-17af63e10f17,https://awrznjnofgmlqjiayhoi.supabase.co/storage/v1/object/public/yacht-images/new-yachts/9f57ec42-db09-4ed6-b8a0-17af63e10f17/9f57ec42-db09-4ed6-b8a0-17af63e10f17-5.jpg,new-yachts/9f57ec42-db09-4ed6-b8a0-17af63e10f17/9f57ec42-db09-4ed6-b8a0-17af63e10f17-5.jpg,5,2026-04-22 18:48:12.302942+00
afa6604a-2ebf-4da3-8345-4d74276951e1,40ad641d-8678-4762-ae92-ed4a9b0cb3b9,https://awrznjnofgmlqjiayhoi.supabase.co/storage/v1/object/public/yacht-images/new-yachts/40ad641d-8678-4762-ae92-ed4a9b0cb3b9/40ad641d-8678-4762-ae92-ed4a9b0cb3b9-5.jpg,new-yachts/40ad641d-8678-4762-ae92-ed4a9b0cb3b9/40ad641d-8678-4762-ae92-ed4a9b0cb3b9-5.jpg,5,2026-04-23 09:17:37.239033+00
afb3a42f-5f0e-469f-9ddf-1fe0d319a01b,4c428a0f-213e-4899-b826-1f110b9fee53,https://awrznjnofgmlqjiayhoi.supabase.co/storage/v1/object/public/yacht-images/new-yachts/4c428a0f-213e-4899-b826-1f110b9fee53/4c428a0f-213e-4899-b826-1f110b9fee53-8.jpg,new-yachts/4c428a0f-213e-4899-b826-1f110b9fee53/4c428a0f-213e-4899-b826-1f110b9fee53-8.jpg,8,2026-04-23 09:23:17.011994+00
afb5286f-008b-49dc-9fc8-266cdebd9758,40ad641d-8678-4762-ae92-ed4a9b0cb3b9,https://awrznjnofgmlqjiayhoi.supabase.co/storage/v1/object/public/yacht-images/new-yachts/40ad641d-8678-4762-ae92-ed4a9b0cb3b9/40ad641d-8678-4762-ae92-ed4a9b0cb3b9-3.jpg,new-yachts/40ad641d-8678-4762-ae92-ed4a9b0cb3b9/40ad641d-8678-4762-ae92-ed4a9b0cb3b9-3.jpg,3,2026-04-23 09:17:35.9899+00
afe9dffb-40a3-4d5b-9281-a7641ead9944,46dec82f-7d34-4f29-939d-9fcfb5d011cd,https://awrznjnofgmlqjiayhoi.supabase.co/storage/v1/object/public/yacht-images/new-yachts/46dec82f-7d34-4f29-939d-9fcfb5d011cd/46dec82f-7d34-4f29-939d-9fcfb5d011cd-11.jpg,new-yachts/46dec82f-7d34-4f29-939d-9fcfb5d011cd/46dec82f-7d34-4f29-939d-9fcfb5d011cd-11.jpg,11,2026-04-23 10:16:22.168388+00
b03d4587-5f33-4658-907a-26ef17a371a2,a6a12e4a-1f13-40ae-a2d3-5fcc38532e12,https://awrznjnofgmlqjiayhoi.supabase.co/storage/v1/object/public/yacht-images/new-yachts/a6a12e4a-1f13-40ae-a2d3-5fcc38532e12/a6a12e4a-1f13-40ae-a2d3-5fcc38532e12-8.jpg,new-yachts/a6a12e4a-1f13-40ae-a2d3-5fcc38532e12/a6a12e4a-1f13-40ae-a2d3-5fcc38532e12-8.jpg,8,2026-04-22 14:43:18.139492+00
b045e67f-de5f-4948-a0b7-59ec68408b2e,8a77f565-5102-400b-8aa3-31584a24881f,https://awrznjnofgmlqjiayhoi.supabase.co/storage/v1/object/public/yacht-images/new-yachts/8a77f565-5102-400b-8aa3-31584a24881f/8a77f565-5102-400b-8aa3-31584a24881f-11.jpg,new-yachts/8a77f565-5102-400b-8aa3-31584a24881f/8a77f565-5102-400b-8aa3-31584a24881f-11.jpg,11,2026-04-22 18:25:18.517229+00
b05b5dc3-2697-43ea-b88c-5e5e8411505a,02943908-9ea0-4048-8f13-5a2e9e8aa180,https://awrznjnofgmlqjiayhoi.supabase.co/storage/v1/object/public/yacht-images/new-yachts/02943908-9ea0-4048-8f13-5a2e9e8aa180/02943908-9ea0-4048-8f13-5a2e9e8aa180-4.jpg,new-yachts/02943908-9ea0-4048-8f13-5a2e9e8aa180/02943908-9ea0-4048-8f13-5a2e9e8aa180-4.jpg,4,2026-04-22 18:49:17.409003+00
b0811390-346d-49db-9ab6-a43e968d6db1,7003a6dc-f1a6-4109-a0e2-854d49db77fc,https://awrznjnofgmlqjiayhoi.supabase.co/storage/v1/object/public/yacht-images/new-yachts/7003a6dc-f1a6-4109-a0e2-854d49db77fc/7003a6dc-f1a6-4109-a0e2-854d49db77fc-5.jpg,new-yachts/7003a6dc-f1a6-4109-a0e2-854d49db77fc/7003a6dc-f1a6-4109-a0e2-854d49db77fc-5.jpg,5,2026-04-23 08:56:24.633576+00
b0902981-c910-4e20-bd12-faf8a1a0df4a,cea16079-f9be-45ea-8c75-e7404b006298,https://awrznjnofgmlqjiayhoi.supabase.co/storage/v1/object/public/yacht-images/new-yachts/cea16079-f9be-45ea-8c75-e7404b006298/cea16079-f9be-45ea-8c75-e7404b006298-10.jpg,new-yachts/cea16079-f9be-45ea-8c75-e7404b006298/cea16079-f9be-45ea-8c75-e7404b006298-10.jpg,10,2026-04-22 18:22:57.403205+00
b0987612-26c6-48a4-9cbc-c8725f058307,c3661269-98db-4434-968d-fcc49da5955d,https://awrznjnofgmlqjiayhoi.supabase.co/storage/v1/object/public/yacht-images/new-yachts/c3661269-98db-4434-968d-fcc49da5955d/c3661269-98db-4434-968d-fcc49da5955d-9.jpg,new-yachts/c3661269-98db-4434-968d-fcc49da5955d/c3661269-98db-4434-968d-fcc49da5955d-9.jpg,9,2026-04-24 00:37:25.739125+00
b0d857be-498b-4361-a1a8-1ac47aed09f0,6d1a9522-b4b9-4c89-8023-eb1a453d89d8,https://awrznjnofgmlqjiayhoi.supabase.co/storage/v1/object/public/yacht-images/new-yachts/6d1a9522-b4b9-4c89-8023-eb1a453d89d8/6d1a9522-b4b9-4c89-8023-eb1a453d89d8-1.jpg,new-yachts/6d1a9522-b4b9-4c89-8023-eb1a453d89d8/6d1a9522-b4b9-4c89-8023-eb1a453d89d8-1.jpg,1,2026-04-23 08:53:33.115164+00
b13e14b8-979d-4637-99f0-554f91bc5b9a,2dcb8ce7-6e7d-49ec-8c52-067db62ed412,https://awrznjnofgmlqjiayhoi.supabase.co/storage/v1/object/public/yacht-images/new-yachts/2dcb8ce7-6e7d-49ec-8c52-067db62ed412/2dcb8ce7-6e7d-49ec-8c52-067db62ed412-11.jpg,new-yachts/2dcb8ce7-6e7d-49ec-8c52-067db62ed412/2dcb8ce7-6e7d-49ec-8c52-067db62ed412-11.jpg,11,2026-04-24 22:45:14.519144+00
b14521fd-1a38-4367-98f1-ba3e0e159b1e,a6460b88-dc2d-48c2-af4f-f2b01260ae26,https://awrznjnofgmlqjiayhoi.supabase.co/storage/v1/object/public/yacht-images/new-yachts/a6460b88-dc2d-48c2-af4f-f2b01260ae26/a6460b88-dc2d-48c2-af4f-f2b01260ae26-6.jpg,new-yachts/a6460b88-dc2d-48c2-af4f-f2b01260ae26/a6460b88-dc2d-48c2-af4f-f2b01260ae26-6.jpg,6,2026-04-23 08:50:26.947743+00
b1520f9f-a31f-4c85-997c-3e454eda0714,0e541ad4-8295-4b8e-87e1-847060de50a8,https://awrznjnofgmlqjiayhoi.supabase.co/storage/v1/object/public/yacht-images/new-yachts/0e541ad4-8295-4b8e-87e1-847060de50a8/0e541ad4-8295-4b8e-87e1-847060de50a8-3.jpg,new-yachts/0e541ad4-8295-4b8e-87e1-847060de50a8/0e541ad4-8295-4b8e-87e1-847060de50a8-3.jpg,3,2026-04-22 16:29:45.849265+00
b19d7f22-4589-42b1-9695-0407cc971afb,5d02ef55-1f86-4529-b012-e26a73e30363,https://awrznjnofgmlqjiayhoi.supabase.co/storage/v1/object/public/yacht-images/new-yachts/5d02ef55-1f86-4529-b012-e26a73e30363/5d02ef55-1f86-4529-b012-e26a73e30363-1.jpg,new-yachts/5d02ef55-1f86-4529-b012-e26a73e30363/5d02ef55-1f86-4529-b012-e26a73e30363-1.jpg,1,2026-04-24 00:15:13.306392+00
b1af549d-546f-4229-912a-9175d9aeb6a6,83795779-a646-4c1e-b643-56e99168b304,https://awrznjnofgmlqjiayhoi.supabase.co/storage/v1/object/public/yacht-images/new-yachts/83795779-a646-4c1e-b643-56e99168b304/83795779-a646-4c1e-b643-56e99168b304-4.jpg,new-yachts/83795779-a646-4c1e-b643-56e99168b304/83795779-a646-4c1e-b643-56e99168b304-4.jpg,4,2026-04-22 18:07:49.224186+00
b1bd9bf6-5c21-4d17-8091-990009754eec,7a50d9e7-20f7-4649-ab05-d5426fa270c2,https://awrznjnofgmlqjiayhoi.supabase.co/storage/v1/object/public/yacht-images/new-yachts/7a50d9e7-20f7-4649-ab05-d5426fa270c2/7a50d9e7-20f7-4649-ab05-d5426fa270c2-5.webp,new-yachts/7a50d9e7-20f7-4649-ab05-d5426fa270c2/7a50d9e7-20f7-4649-ab05-d5426fa270c2-5.webp,5,2026-03-26 21:49:37.323523+00
b1ef12d6-5107-43a6-90aa-44ed03283fcc,9ec06a62-12e4-4bb0-9fe9-56bced3c8bc2,https://awrznjnofgmlqjiayhoi.supabase.co/storage/v1/object/public/yacht-images/new-yachts/9ec06a62-12e4-4bb0-9fe9-56bced3c8bc2/9ec06a62-12e4-4bb0-9fe9-56bced3c8bc2-3.jpg,new-yachts/9ec06a62-12e4-4bb0-9fe9-56bced3c8bc2/9ec06a62-12e4-4bb0-9fe9-56bced3c8bc2-3.jpg,3,2026-04-24 22:46:56.109308+00
b219ecd8-c6c0-4caf-9eca-51ce3d8718c4,4946a8d3-25c4-46a5-b04f-a79ff159ab15,https://awrznjnofgmlqjiayhoi.supabase.co/storage/v1/object/public/yacht-images/new-yachts/4946a8d3-25c4-46a5-b04f-a79ff159ab15/4946a8d3-25c4-46a5-b04f-a79ff159ab15-1.jpg,new-yachts/4946a8d3-25c4-46a5-b04f-a79ff159ab15/4946a8d3-25c4-46a5-b04f-a79ff159ab15-1.jpg,1,2026-04-24 00:38:44.585873+00
b24d46ef-32fd-4241-90f4-e58272828103,23369539-310c-42d9-8d1a-c7fe6778be22,https://awrznjnofgmlqjiayhoi.supabase.co/storage/v1/object/public/yacht-images/new-yachts/23369539-310c-42d9-8d1a-c7fe6778be22/23369539-310c-42d9-8d1a-c7fe6778be22-4.jpg,new-yachts/23369539-310c-42d9-8d1a-c7fe6778be22/23369539-310c-42d9-8d1a-c7fe6778be22-4.jpg,4,2026-04-23 23:28:53.810449+00
b25a88cb-fad5-464a-8c88-287a55d41d07,077c9e0d-ef5b-4229-9d5c-42ab6bf99aba,https://awrznjnofgmlqjiayhoi.supabase.co/storage/v1/object/public/yacht-images/new-yachts/077c9e0d-ef5b-4229-9d5c-42ab6bf99aba/077c9e0d-ef5b-4229-9d5c-42ab6bf99aba-10.jpg,new-yachts/077c9e0d-ef5b-4229-9d5c-42ab6bf99aba/077c9e0d-ef5b-4229-9d5c-42ab6bf99aba-10.jpg,10,2026-04-22 18:06:39.137093+00
b2c319ad-f63a-4f34-be35-6343ceae0440,46bbc10d-2851-4400-8fcc-4f78543c0c1b,https://awrznjnofgmlqjiayhoi.supabase.co/storage/v1/object/public/yacht-images/new-yachts/46bbc10d-2851-4400-8fcc-4f78543c0c1b/46bbc10d-2851-4400-8fcc-4f78543c0c1b-4.webp,new-yachts/46bbc10d-2851-4400-8fcc-4f78543c0c1b/46bbc10d-2851-4400-8fcc-4f78543c0c1b-4.webp,4,2026-03-26 21:16:49.199973+00
b2cace93-e9db-42c6-87bb-bb6ca780eea2,2202596a-f8b5-44c3-ab52-6f4d6cfc8522,https://awrznjnofgmlqjiayhoi.supabase.co/storage/v1/object/public/yacht-images/new-yachts/2202596a-f8b5-44c3-ab52-6f4d6cfc8522/2202596a-f8b5-44c3-ab52-6f4d6cfc8522-10.jpg,new-yachts/2202596a-f8b5-44c3-ab52-6f4d6cfc8522/2202596a-f8b5-44c3-ab52-6f4d6cfc8522-10.jpg,10,2026-04-22 17:25:00.440211+00
b2df5f95-abe8-4374-9296-8f04566fdc36,237c6c51-03ca-4beb-9c4a-7ff0afb95627,https://awrznjnofgmlqjiayhoi.supabase.co/storage/v1/object/public/yacht-images/new-yachts/237c6c51-03ca-4beb-9c4a-7ff0afb95627/237c6c51-03ca-4beb-9c4a-7ff0afb95627-11.jpg,new-yachts/237c6c51-03ca-4beb-9c4a-7ff0afb95627/237c6c51-03ca-4beb-9c4a-7ff0afb95627-11.jpg,11,2026-04-22 14:48:15.534003+00
b30aafe6-2b8b-471f-9b7a-4591c6cc1b1f,39b52f16-b578-4028-8bae-27a9af3df2ae,https://awrznjnofgmlqjiayhoi.supabase.co/storage/v1/object/public/yacht-images/new-yachts/39b52f16-b578-4028-8bae-27a9af3df2ae/39b52f16-b578-4028-8bae-27a9af3df2ae-8.jpg,new-yachts/39b52f16-b578-4028-8bae-27a9af3df2ae/39b52f16-b578-4028-8bae-27a9af3df2ae-8.jpg,8,2026-04-22 17:18:07.580612+00
b30e783a-cf07-459c-9095-1a19f338705c,2dcb8ce7-6e7d-49ec-8c52-067db62ed412,https://awrznjnofgmlqjiayhoi.supabase.co/storage/v1/object/public/yacht-images/new-yachts/2dcb8ce7-6e7d-49ec-8c52-067db62ed412/2dcb8ce7-6e7d-49ec-8c52-067db62ed412-3.jpg,new-yachts/2dcb8ce7-6e7d-49ec-8c52-067db62ed412/2dcb8ce7-6e7d-49ec-8c52-067db62ed412-3.jpg,3,2026-04-24 22:45:09.219383+00
b3335d7e-a3eb-49dd-989f-e145228d4111,02943908-9ea0-4048-8f13-5a2e9e8aa180,https://awrznjnofgmlqjiayhoi.supabase.co/storage/v1/object/public/yacht-images/new-yachts/02943908-9ea0-4048-8f13-5a2e9e8aa180/02943908-9ea0-4048-8f13-5a2e9e8aa180-1.jpg,new-yachts/02943908-9ea0-4048-8f13-5a2e9e8aa180/02943908-9ea0-4048-8f13-5a2e9e8aa180-1.jpg,1,2026-04-22 18:49:15.117997+00
b35a5379-801a-4093-b760-67ca6742a9c1,81905b1b-c4c4-4345-aaf6-8e7152bfae48,https://awrznjnofgmlqjiayhoi.supabase.co/storage/v1/object/public/yacht-images/new-yachts/81905b1b-c4c4-4345-aaf6-8e7152bfae48/81905b1b-c4c4-4345-aaf6-8e7152bfae48-3.jpg,new-yachts/81905b1b-c4c4-4345-aaf6-8e7152bfae48/81905b1b-c4c4-4345-aaf6-8e7152bfae48-3.jpg,3,2026-04-22 17:09:03.62228+00
b37619af-da1b-4a43-812e-e2f0ab92fd32,44637863-e1b1-4505-9f38-065853e6693c,https://awrznjnofgmlqjiayhoi.supabase.co/storage/v1/object/public/yacht-images/new-yachts/44637863-e1b1-4505-9f38-065853e6693c/44637863-e1b1-4505-9f38-065853e6693c-8.jpg,new-yachts/44637863-e1b1-4505-9f38-065853e6693c/44637863-e1b1-4505-9f38-065853e6693c-8.jpg,8,2026-04-22 15:15:26.867441+00
b395c968-7f8a-4bdb-8f76-a9ba3e8c94a7,e9027657-7dcb-4ff3-993b-ee589e17b607,https://awrznjnofgmlqjiayhoi.supabase.co/storage/v1/object/public/yacht-images/new-yachts/e9027657-7dcb-4ff3-993b-ee589e17b607/e9027657-7dcb-4ff3-993b-ee589e17b607-4.jpg,new-yachts/e9027657-7dcb-4ff3-993b-ee589e17b607/e9027657-7dcb-4ff3-993b-ee589e17b607-4.jpg,4,2026-04-23 09:00:15.54331+00
b3ba9686-f4fc-4d1f-ad46-1aaf079527e5,34140b13-e5f4-4042-8f03-49390da36148,https://awrznjnofgmlqjiayhoi.supabase.co/storage/v1/object/public/yacht-images/new-yachts/34140b13-e5f4-4042-8f03-49390da36148/34140b13-e5f4-4042-8f03-49390da36148-11.jpg,new-yachts/34140b13-e5f4-4042-8f03-49390da36148/34140b13-e5f4-4042-8f03-49390da36148-11.jpg,11,2026-04-23 19:12:09.39511+00
b3f95eab-7c4f-45f5-a477-fd1e35f4fb1b,46bbc10d-2851-4400-8fcc-4f78543c0c1b,https://awrznjnofgmlqjiayhoi.supabase.co/storage/v1/object/public/yacht-images/new-yachts/46bbc10d-2851-4400-8fcc-4f78543c0c1b/46bbc10d-2851-4400-8fcc-4f78543c0c1b-1.jpg,new-yachts/46bbc10d-2851-4400-8fcc-4f78543c0c1b/46bbc10d-2851-4400-8fcc-4f78543c0c1b-1.jpg,1,2026-03-26 21:16:46.558528+00
b40f3205-4d76-433f-a107-35765e9d6b51,55de1484-a539-4672-b108-3f36fd944eaa,https://awrznjnofgmlqjiayhoi.supabase.co/storage/v1/object/public/yacht-images/new-yachts/55de1484-a539-4672-b108-3f36fd944eaa/55de1484-a539-4672-b108-3f36fd944eaa-6.webp,new-yachts/55de1484-a539-4672-b108-3f36fd944eaa/55de1484-a539-4672-b108-3f36fd944eaa-6.webp,6,2026-03-26 21:45:25.476579+00
b424eb8b-41fd-4a32-921b-38a78c16dd84,7003d27f-6b57-46b0-a81b-704b45d99e4b,https://awrznjnofgmlqjiayhoi.supabase.co/storage/v1/object/public/yacht-images/new-yachts/7003d27f-6b57-46b0-a81b-704b45d99e4b/7003d27f-6b57-46b0-a81b-704b45d99e4b-4.jpg,new-yachts/7003d27f-6b57-46b0-a81b-704b45d99e4b/7003d27f-6b57-46b0-a81b-704b45d99e4b-4.jpg,4,2026-04-23 23:57:57.136777+00
b424ecc2-fdca-49a0-87a4-d54cf85ff32d,2dcb8ce7-6e7d-49ec-8c52-067db62ed412,https://awrznjnofgmlqjiayhoi.supabase.co/storage/v1/object/public/yacht-images/new-yachts/2dcb8ce7-6e7d-49ec-8c52-067db62ed412/2dcb8ce7-6e7d-49ec-8c52-067db62ed412-6.jpg,new-yachts/2dcb8ce7-6e7d-49ec-8c52-067db62ed412/2dcb8ce7-6e7d-49ec-8c52-067db62ed412-6.jpg,6,2026-04-24 22:45:11.262844+00
b4797ae3-daed-4a30-bb92-63dd91d93b3f,062adaff-6e68-4667-aa06-21653f05ee5e,https://awrznjnofgmlqjiayhoi.supabase.co/storage/v1/object/public/yacht-images/new-yachts/062adaff-6e68-4667-aa06-21653f05ee5e/062adaff-6e68-4667-aa06-21653f05ee5e-5.jpg,new-yachts/062adaff-6e68-4667-aa06-21653f05ee5e/062adaff-6e68-4667-aa06-21653f05ee5e-5.jpg,5,2026-04-10 12:15:38.393084+00
b48fa16c-986f-4bc0-ae16-fd7bea2898c9,9f57ec42-db09-4ed6-b8a0-17af63e10f17,https://awrznjnofgmlqjiayhoi.supabase.co/storage/v1/object/public/yacht-images/new-yachts/9f57ec42-db09-4ed6-b8a0-17af63e10f17/9f57ec42-db09-4ed6-b8a0-17af63e10f17-1.jpg,new-yachts/9f57ec42-db09-4ed6-b8a0-17af63e10f17/9f57ec42-db09-4ed6-b8a0-17af63e10f17-1.jpg,1,2026-04-22 18:48:09.861011+00
b4a6ad7f-83b5-4017-9aae-4fd42f3708e7,8077c30c-b54a-4554-9574-20b30ac55af9,https://awrznjnofgmlqjiayhoi.supabase.co/storage/v1/object/public/yacht-images/new-yachts/8077c30c-b54a-4554-9574-20b30ac55af9/8077c30c-b54a-4554-9574-20b30ac55af9-7.jpg,new-yachts/8077c30c-b54a-4554-9574-20b30ac55af9/8077c30c-b54a-4554-9574-20b30ac55af9-7.jpg,7,2026-04-22 18:14:22.392139+00
b4ccb7e1-4532-44b3-a41e-59831060ed8f,d74ccc10-d2f6-4021-b1c7-1a75d3f1b2b6,https://awrznjnofgmlqjiayhoi.supabase.co/storage/v1/object/public/yacht-images/new-yachts/d74ccc10-d2f6-4021-b1c7-1a75d3f1b2b6/d74ccc10-d2f6-4021-b1c7-1a75d3f1b2b6-6.jpg,new-yachts/d74ccc10-d2f6-4021-b1c7-1a75d3f1b2b6/d74ccc10-d2f6-4021-b1c7-1a75d3f1b2b6-6.jpg,6,2026-04-22 17:01:40.857275+00
b4df6bb7-9224-497f-8f2b-b10f94398b6f,77df49d2-ba0a-41af-930e-563752714ead,https://awrznjnofgmlqjiayhoi.supabase.co/storage/v1/object/public/yacht-images/new-yachts/77df49d2-ba0a-41af-930e-563752714ead/77df49d2-ba0a-41af-930e-563752714ead-7.jpg,new-yachts/77df49d2-ba0a-41af-930e-563752714ead/77df49d2-ba0a-41af-930e-563752714ead-7.jpg,7,2026-04-22 18:28:29.743913+00
b5071ab0-3052-42d7-a724-1915b5a57a4c,5a7af5a2-016c-456b-9d50-b538f4929c78,https://awrznjnofgmlqjiayhoi.supabase.co/storage/v1/object/public/yacht-images/new-yachts/5a7af5a2-016c-456b-9d50-b538f4929c78/5a7af5a2-016c-456b-9d50-b538f4929c78-8.jpg,new-yachts/5a7af5a2-016c-456b-9d50-b538f4929c78/5a7af5a2-016c-456b-9d50-b538f4929c78-8.jpg,8,2026-04-23 09:19:20.98641+00
b52ec055-c348-47a9-b7fb-e3ea43dc4777,ff6db69f-5b1d-4403-a044-83e29b9f2fb1,https://awrznjnofgmlqjiayhoi.supabase.co/storage/v1/object/public/yacht-images/new-yachts/ff6db69f-5b1d-4403-a044-83e29b9f2fb1/ff6db69f-5b1d-4403-a044-83e29b9f2fb1-2.webp,new-yachts/ff6db69f-5b1d-4403-a044-83e29b9f2fb1/ff6db69f-5b1d-4403-a044-83e29b9f2fb1-2.webp,2,2026-03-26 21:36:05.113879+00
b537ec5a-6842-46fd-8c24-2a09f8809452,20d0e3b6-8f8c-442c-84b9-d6b0ec964c8d,https://awrznjnofgmlqjiayhoi.supabase.co/storage/v1/object/public/yacht-images/new-yachts/20d0e3b6-8f8c-442c-84b9-d6b0ec964c8d/20d0e3b6-8f8c-442c-84b9-d6b0ec964c8d-3.jpg,new-yachts/20d0e3b6-8f8c-442c-84b9-d6b0ec964c8d/20d0e3b6-8f8c-442c-84b9-d6b0ec964c8d-3.jpg,3,2026-04-22 16:23:03.322264+00
b53c9f5d-ef16-45a0-ad74-4e751db07350,c26bce67-f8bb-42b4-849a-aa60780a660f,https://awrznjnofgmlqjiayhoi.supabase.co/storage/v1/object/public/yacht-images/new-yachts/c26bce67-f8bb-42b4-849a-aa60780a660f/c26bce67-f8bb-42b4-849a-aa60780a660f-2.jpg,new-yachts/c26bce67-f8bb-42b4-849a-aa60780a660f/c26bce67-f8bb-42b4-849a-aa60780a660f-2.jpg,2,2026-04-24 21:28:01.671093+00
b5443679-a301-4588-8799-1f903aa4f446,d4d051c3-8265-40c7-a211-75a07354158f,https://awrznjnofgmlqjiayhoi.supabase.co/storage/v1/object/public/yacht-images/new-yachts/d4d051c3-8265-40c7-a211-75a07354158f/d4d051c3-8265-40c7-a211-75a07354158f-9.jpg,new-yachts/d4d051c3-8265-40c7-a211-75a07354158f/d4d051c3-8265-40c7-a211-75a07354158f-9.jpg,9,2026-04-23 09:15:33.639152+00
b569661c-1bd1-4f03-a43f-5368b5b84ba8,d0075994-96ea-41d7-99b0-7e2f908da0bc,https://awrznjnofgmlqjiayhoi.supabase.co/storage/v1/object/public/yacht-images/new-yachts/d0075994-96ea-41d7-99b0-7e2f908da0bc/d0075994-96ea-41d7-99b0-7e2f908da0bc-10.jpg,new-yachts/d0075994-96ea-41d7-99b0-7e2f908da0bc/d0075994-96ea-41d7-99b0-7e2f908da0bc-10.jpg,10,2026-04-24 00:25:55.710735+00
b5709d82-3f65-4b2f-af7d-85359e18f846,b05aa56a-a6ba-4e1f-b64c-722a554ef536,https://awrznjnofgmlqjiayhoi.supabase.co/storage/v1/object/public/yacht-images/new-yachts/b05aa56a-a6ba-4e1f-b64c-722a554ef536/b05aa56a-a6ba-4e1f-b64c-722a554ef536-6.jpg,new-yachts/b05aa56a-a6ba-4e1f-b64c-722a554ef536/b05aa56a-a6ba-4e1f-b64c-722a554ef536-6.jpg,6,2026-04-22 16:58:36.832027+00
b5761381-82bb-452e-a72c-6f7bdb788b0a,c062ace5-658e-4daa-a8b1-8591a5768de3,https://awrznjnofgmlqjiayhoi.supabase.co/storage/v1/object/public/yacht-images/new-yachts/c062ace5-658e-4daa-a8b1-8591a5768de3/c062ace5-658e-4daa-a8b1-8591a5768de3-2.jpg,new-yachts/c062ace5-658e-4daa-a8b1-8591a5768de3/c062ace5-658e-4daa-a8b1-8591a5768de3-2.jpg,2,2026-04-22 18:02:13.857263+00
b58ef1e3-1280-4c05-8c8d-2266bc8f57df,a8d19c2b-a5f4-4fd2-ae34-4b4128a138e3,https://awrznjnofgmlqjiayhoi.supabase.co/storage/v1/object/public/yacht-images/new-yachts/a8d19c2b-a5f4-4fd2-ae34-4b4128a138e3/a8d19c2b-a5f4-4fd2-ae34-4b4128a138e3-8.jpg,new-yachts/a8d19c2b-a5f4-4fd2-ae34-4b4128a138e3/a8d19c2b-a5f4-4fd2-ae34-4b4128a138e3-8.jpg,8,2026-04-22 17:31:37.032489+00
b5eaf456-c234-46db-b76b-137b6cfc72f7,c04837c6-f2a3-4118-a6b3-0acd537b2841,https://awrznjnofgmlqjiayhoi.supabase.co/storage/v1/object/public/yacht-images/new-yachts/c04837c6-f2a3-4118-a6b3-0acd537b2841/c04837c6-f2a3-4118-a6b3-0acd537b2841-4.jpg,new-yachts/c04837c6-f2a3-4118-a6b3-0acd537b2841/c04837c6-f2a3-4118-a6b3-0acd537b2841-4.jpg,4,2026-04-22 18:40:36.216632+00
b604951c-ce73-4c58-88e4-cf310e3a166b,09a650f0-cd9d-4633-b0d5-cf777d3c2b64,https://awrznjnofgmlqjiayhoi.supabase.co/storage/v1/object/public/yacht-images/new-yachts/09a650f0-cd9d-4633-b0d5-cf777d3c2b64/09a650f0-cd9d-4633-b0d5-cf777d3c2b64-4.jpg,new-yachts/09a650f0-cd9d-4633-b0d5-cf777d3c2b64/09a650f0-cd9d-4633-b0d5-cf777d3c2b64-4.jpg,4,2026-04-22 18:30:36.735554+00
b6374c80-fb98-4531-8ab5-b14ecaca372b,9bb11399-c9d0-426a-b423-506c3373bf26,https://awrznjnofgmlqjiayhoi.supabase.co/storage/v1/object/public/yacht-images/new-yachts/9bb11399-c9d0-426a-b423-506c3373bf26/9bb11399-c9d0-426a-b423-506c3373bf26-6.jpg,new-yachts/9bb11399-c9d0-426a-b423-506c3373bf26/9bb11399-c9d0-426a-b423-506c3373bf26-6.jpg,6,2026-04-22 18:33:45.930368+00
b64edd1b-4d41-475f-994e-d683f9b71dc8,d8c51b24-2426-4721-96b7-5d34d56e8800,https://awrznjnofgmlqjiayhoi.supabase.co/storage/v1/object/public/yacht-images/new-yachts/d8c51b24-2426-4721-96b7-5d34d56e8800/d8c51b24-2426-4721-96b7-5d34d56e8800-9.jpg,new-yachts/d8c51b24-2426-4721-96b7-5d34d56e8800/d8c51b24-2426-4721-96b7-5d34d56e8800-9.jpg,9,2026-04-22 15:05:15.918173+00
b652f8d6-d108-4c45-bdaa-9aa5383be6c8,eb4c00ef-9609-4812-b38a-eb3742333511,https://awrznjnofgmlqjiayhoi.supabase.co/storage/v1/object/public/yacht-images/new-yachts/eb4c00ef-9609-4812-b38a-eb3742333511/eb4c00ef-9609-4812-b38a-eb3742333511-2.jpg,new-yachts/eb4c00ef-9609-4812-b38a-eb3742333511/eb4c00ef-9609-4812-b38a-eb3742333511-2.jpg,2,2026-04-22 17:03:20.626021+00
b6578129-bba9-44d2-8da7-3225635f6d9c,fcf426c3-3c17-432e-a047-296441911089,https://awrznjnofgmlqjiayhoi.supabase.co/storage/v1/object/public/yacht-images/new-yachts/fcf426c3-3c17-432e-a047-296441911089/fcf426c3-3c17-432e-a047-296441911089-5.jpg,new-yachts/fcf426c3-3c17-432e-a047-296441911089/fcf426c3-3c17-432e-a047-296441911089-5.jpg,5,2026-04-24 00:35:31.228959+00
b65d0525-7563-4d33-8832-0c313ea06b15,4946a8d3-25c4-46a5-b04f-a79ff159ab15,https://awrznjnofgmlqjiayhoi.supabase.co/storage/v1/object/public/yacht-images/new-yachts/4946a8d3-25c4-46a5-b04f-a79ff159ab15/4946a8d3-25c4-46a5-b04f-a79ff159ab15-4.jpg,new-yachts/4946a8d3-25c4-46a5-b04f-a79ff159ab15/4946a8d3-25c4-46a5-b04f-a79ff159ab15-4.jpg,4,2026-04-24 00:38:46.872599+00
b6a2a3d0-4e20-40aa-9b62-d2057cd62869,9ec06a62-12e4-4bb0-9fe9-56bced3c8bc2,https://awrznjnofgmlqjiayhoi.supabase.co/storage/v1/object/public/yacht-images/new-yachts/9ec06a62-12e4-4bb0-9fe9-56bced3c8bc2/9ec06a62-12e4-4bb0-9fe9-56bced3c8bc2-4.jpg,new-yachts/9ec06a62-12e4-4bb0-9fe9-56bced3c8bc2/9ec06a62-12e4-4bb0-9fe9-56bced3c8bc2-4.jpg,4,2026-04-24 22:46:56.767976+00
b6a3895e-db07-4c18-b7d8-71ca969e768d,72968c30-468e-475b-9c74-a6afb74ff62e,https://awrznjnofgmlqjiayhoi.supabase.co/storage/v1/object/public/yacht-images/new-yachts/72968c30-468e-475b-9c74-a6afb74ff62e/72968c30-468e-475b-9c74-a6afb74ff62e-9.jpg,new-yachts/72968c30-468e-475b-9c74-a6afb74ff62e/72968c30-468e-475b-9c74-a6afb74ff62e-9.jpg,9,2026-04-24 22:13:22.921381+00
b6ee9e9d-95fe-4f3d-8f07-e59fac70258e,fd6e9af7-14f4-4d1a-86f9-d0d49f46fbc5,https://awrznjnofgmlqjiayhoi.supabase.co/storage/v1/object/public/yacht-images/new-yachts/fd6e9af7-14f4-4d1a-86f9-d0d49f46fbc5/fd6e9af7-14f4-4d1a-86f9-d0d49f46fbc5-2.webp,new-yachts/fd6e9af7-14f4-4d1a-86f9-d0d49f46fbc5/fd6e9af7-14f4-4d1a-86f9-d0d49f46fbc5-2.webp,2,2026-03-26 21:23:47.743009+00
b781033e-423a-43fa-bf2b-5e00f9491c2c,29681b23-bcb9-4d30-937c-5e1b61f98be0,https://awrznjnofgmlqjiayhoi.supabase.co/storage/v1/object/public/yacht-images/new-yachts/29681b23-bcb9-4d30-937c-5e1b61f98be0/29681b23-bcb9-4d30-937c-5e1b61f98be0-5.webp,new-yachts/29681b23-bcb9-4d30-937c-5e1b61f98be0/29681b23-bcb9-4d30-937c-5e1b61f98be0-5.webp,5,2026-03-26 21:26:43.348315+00
b783f500-d282-46d6-b888-d49ae1c2a632,cea16079-f9be-45ea-8c75-e7404b006298,https://awrznjnofgmlqjiayhoi.supabase.co/storage/v1/object/public/yacht-images/new-yachts/cea16079-f9be-45ea-8c75-e7404b006298/cea16079-f9be-45ea-8c75-e7404b006298-3.jpg,new-yachts/cea16079-f9be-45ea-8c75-e7404b006298/cea16079-f9be-45ea-8c75-e7404b006298-3.jpg,3,2026-04-22 18:22:52.818194+00
b786a62e-026f-4941-b180-8285932c8bb3,649ce45c-bd0c-4bb4-97e7-fa5da64e4a18,https://awrznjnofgmlqjiayhoi.supabase.co/storage/v1/object/public/yacht-images/new-yachts/649ce45c-bd0c-4bb4-97e7-fa5da64e4a18/649ce45c-bd0c-4bb4-97e7-fa5da64e4a18-7.jpg,new-yachts/649ce45c-bd0c-4bb4-97e7-fa5da64e4a18/649ce45c-bd0c-4bb4-97e7-fa5da64e4a18-7.jpg,7,2026-04-10 12:17:02.570417+00
b787de65-240a-4b92-afb0-6d6e991004c5,81905b1b-c4c4-4345-aaf6-8e7152bfae48,https://awrznjnofgmlqjiayhoi.supabase.co/storage/v1/object/public/yacht-images/new-yachts/81905b1b-c4c4-4345-aaf6-8e7152bfae48/81905b1b-c4c4-4345-aaf6-8e7152bfae48-4.jpg,new-yachts/81905b1b-c4c4-4345-aaf6-8e7152bfae48/81905b1b-c4c4-4345-aaf6-8e7152bfae48-4.jpg,4,2026-04-22 17:09:04.268029+00
b84ff95f-70e6-42e2-8f9f-944ba1eeb4fc,68c062bb-e891-4c5a-8aa5-c2f096bff908,https://awrznjnofgmlqjiayhoi.supabase.co/storage/v1/object/public/yacht-images/new-yachts/68c062bb-e891-4c5a-8aa5-c2f096bff908/68c062bb-e891-4c5a-8aa5-c2f096bff908-3.jpg,new-yachts/68c062bb-e891-4c5a-8aa5-c2f096bff908/68c062bb-e891-4c5a-8aa5-c2f096bff908-3.jpg,3,2026-04-22 16:11:18.04689+00
b8562986-96b2-44dc-ba26-201183245320,a2124144-02a4-4ec8-9f73-360dd683aa4d,https://awrznjnofgmlqjiayhoi.supabase.co/storage/v1/object/public/yacht-images/new-yachts/a2124144-02a4-4ec8-9f73-360dd683aa4d/a2124144-02a4-4ec8-9f73-360dd683aa4d-8.jpg,new-yachts/a2124144-02a4-4ec8-9f73-360dd683aa4d/a2124144-02a4-4ec8-9f73-360dd683aa4d-8.jpg,8,2026-04-24 00:50:30.017088+00
b85dfde5-5da3-46e4-811b-5aae32874981,cb0f3fa4-9735-4822-b731-cbf50517fc98,https://awrznjnofgmlqjiayhoi.supabase.co/storage/v1/object/public/yacht-images/new-yachts/cb0f3fa4-9735-4822-b731-cbf50517fc98/cb0f3fa4-9735-4822-b731-cbf50517fc98-1.jpg,new-yachts/cb0f3fa4-9735-4822-b731-cbf50517fc98/cb0f3fa4-9735-4822-b731-cbf50517fc98-1.jpg,1,2026-03-27 20:22:02.191533+00
b874672e-36b4-4984-9b61-5c5e10391c50,2a59a9b9-e70a-4dd8-ba20-4d4eb7384cbc,https://awrznjnofgmlqjiayhoi.supabase.co/storage/v1/object/public/yacht-images/new-yachts/2a59a9b9-e70a-4dd8-ba20-4d4eb7384cbc/2a59a9b9-e70a-4dd8-ba20-4d4eb7384cbc-3.jpg,new-yachts/2a59a9b9-e70a-4dd8-ba20-4d4eb7384cbc/2a59a9b9-e70a-4dd8-ba20-4d4eb7384cbc-3.jpg,3,2026-04-23 08:58:02.961405+00
b8a55294-7414-46d0-8636-409a21436e47,5491dfd2-b60d-460f-a1c5-d20b54a68599,https://awrznjnofgmlqjiayhoi.supabase.co/storage/v1/object/public/yacht-images/new-yachts/5491dfd2-b60d-460f-a1c5-d20b54a68599/5491dfd2-b60d-460f-a1c5-d20b54a68599-9.jpg,new-yachts/5491dfd2-b60d-460f-a1c5-d20b54a68599/5491dfd2-b60d-460f-a1c5-d20b54a68599-9.jpg,9,2026-04-22 17:33:42.083807+00
b8acb8a9-5ff6-44b9-a59e-2f4dced06803,7a218c13-b279-49d9-8ee4-bec942046f18,https://awrznjnofgmlqjiayhoi.supabase.co/storage/v1/object/public/yacht-images/new-yachts/7a218c13-b279-49d9-8ee4-bec942046f18/7a218c13-b279-49d9-8ee4-bec942046f18-3.jpg,new-yachts/7a218c13-b279-49d9-8ee4-bec942046f18/7a218c13-b279-49d9-8ee4-bec942046f18-3.jpg,3,2026-04-23 12:59:59.527995+00
b8cc1648-b479-448d-a34e-5abf0ba8ab30,9e9bce66-2b64-416a-89f1-5990e18004ce,https://awrznjnofgmlqjiayhoi.supabase.co/storage/v1/object/public/yacht-images/new-yachts/9e9bce66-2b64-416a-89f1-5990e18004ce/9e9bce66-2b64-416a-89f1-5990e18004ce-3.webp,new-yachts/9e9bce66-2b64-416a-89f1-5990e18004ce/9e9bce66-2b64-416a-89f1-5990e18004ce-3.webp,3,2026-03-27 20:22:43.658276+00
b8d28e16-de22-46fd-a383-849a9c4d7253,245f9376-5d0c-4d01-9edb-8b2357d16aca,https://awrznjnofgmlqjiayhoi.supabase.co/storage/v1/object/public/yacht-images/new-yachts/245f9376-5d0c-4d01-9edb-8b2357d16aca/245f9376-5d0c-4d01-9edb-8b2357d16aca-1.jpg,new-yachts/245f9376-5d0c-4d01-9edb-8b2357d16aca/245f9376-5d0c-4d01-9edb-8b2357d16aca-1.jpg,1,2026-04-24 00:21:17.793629+00
b8d9c76f-e214-4984-b519-717a7a0a576f,a54bba97-e7af-453a-bfaf-6fa33d98faba,https://awrznjnofgmlqjiayhoi.supabase.co/storage/v1/object/public/yacht-images/new-yachts/a54bba97-e7af-453a-bfaf-6fa33d98faba/a54bba97-e7af-453a-bfaf-6fa33d98faba-10.jpg,new-yachts/a54bba97-e7af-453a-bfaf-6fa33d98faba/a54bba97-e7af-453a-bfaf-6fa33d98faba-10.jpg,10,2026-04-22 18:31:34.986489+00
b8dd272e-049a-4c42-9899-053cce507dd1,c8de990e-7e4a-4ad6-8e58-490752e3cfab,https://awrznjnofgmlqjiayhoi.supabase.co/storage/v1/object/public/yacht-images/new-yachts/c8de990e-7e4a-4ad6-8e58-490752e3cfab/c8de990e-7e4a-4ad6-8e58-490752e3cfab-9.jpg,new-yachts/c8de990e-7e4a-4ad6-8e58-490752e3cfab/c8de990e-7e4a-4ad6-8e58-490752e3cfab-9.jpg,9,2026-04-22 18:20:37.718697+00
b8df231c-fc6b-4251-9222-5fba21c5fc10,671a273a-9c01-40cb-ba3a-a05127d28885,https://awrznjnofgmlqjiayhoi.supabase.co/storage/v1/object/public/yacht-images/new-yachts/671a273a-9c01-40cb-ba3a-a05127d28885/671a273a-9c01-40cb-ba3a-a05127d28885-4.jpg,new-yachts/671a273a-9c01-40cb-ba3a-a05127d28885/671a273a-9c01-40cb-ba3a-a05127d28885-4.jpg,4,2026-04-22 17:04:52.971226+00
b8e6977e-d1e5-452f-a292-61bd8a35352c,00f407c0-a7b1-4072-8165-acc95c322bae,https://awrznjnofgmlqjiayhoi.supabase.co/storage/v1/object/public/yacht-images/new-yachts/00f407c0-a7b1-4072-8165-acc95c322bae/00f407c0-a7b1-4072-8165-acc95c322bae-7.jpg,new-yachts/00f407c0-a7b1-4072-8165-acc95c322bae/00f407c0-a7b1-4072-8165-acc95c322bae-7.jpg,7,2026-04-24 21:47:02.712126+00
b9384c4f-9c46-4672-8a7f-9deea4a91181,cadd3216-79f0-42b7-9c76-190f169be432,https://awrznjnofgmlqjiayhoi.supabase.co/storage/v1/object/public/yacht-images/new-yachts/cadd3216-79f0-42b7-9c76-190f169be432/cadd3216-79f0-42b7-9c76-190f169be432-4.jpg,new-yachts/cadd3216-79f0-42b7-9c76-190f169be432/cadd3216-79f0-42b7-9c76-190f169be432-4.jpg,4,2026-04-22 15:07:07.504357+00
b946095d-848d-411a-9fd9-aa9ce01e1e7b,c238eaae-8820-4056-9ffe-a5f14320a23a,https://awrznjnofgmlqjiayhoi.supabase.co/storage/v1/object/public/yacht-images/new-yachts/c238eaae-8820-4056-9ffe-a5f14320a23a/c238eaae-8820-4056-9ffe-a5f14320a23a-7.jpg,new-yachts/c238eaae-8820-4056-9ffe-a5f14320a23a/c238eaae-8820-4056-9ffe-a5f14320a23a-7.jpg,7,2026-04-22 17:35:14.470392+00
b946e8fa-ad42-43d6-83b0-68a78c6709ba,d4d051c3-8265-40c7-a211-75a07354158f,https://awrznjnofgmlqjiayhoi.supabase.co/storage/v1/object/public/yacht-images/new-yachts/d4d051c3-8265-40c7-a211-75a07354158f/d4d051c3-8265-40c7-a211-75a07354158f-4.jpg,new-yachts/d4d051c3-8265-40c7-a211-75a07354158f/d4d051c3-8265-40c7-a211-75a07354158f-4.jpg,4,2026-04-23 09:15:29.861229+00
b963afb2-f9a6-47cb-bd3c-4c05d005a991,d0282847-d186-4083-920d-8b329d9ebfce,https://awrznjnofgmlqjiayhoi.supabase.co/storage/v1/object/public/yacht-images/new-yachts/d0282847-d186-4083-920d-8b329d9ebfce/d0282847-d186-4083-920d-8b329d9ebfce-7.jpg,new-yachts/d0282847-d186-4083-920d-8b329d9ebfce/d0282847-d186-4083-920d-8b329d9ebfce-7.jpg,7,2026-04-24 00:51:51.64333+00
b9858242-4fe6-4c9d-9c3a-b33ff467c7d0,c8de990e-7e4a-4ad6-8e58-490752e3cfab,https://awrznjnofgmlqjiayhoi.supabase.co/storage/v1/object/public/yacht-images/new-yachts/c8de990e-7e4a-4ad6-8e58-490752e3cfab/c8de990e-7e4a-4ad6-8e58-490752e3cfab-4.jpg,new-yachts/c8de990e-7e4a-4ad6-8e58-490752e3cfab/c8de990e-7e4a-4ad6-8e58-490752e3cfab-4.jpg,4,2026-04-22 18:20:34.586474+00
b99e5df7-3bc2-4486-b231-c7cb03ceb3d2,d74ccc10-d2f6-4021-b1c7-1a75d3f1b2b6,https://awrznjnofgmlqjiayhoi.supabase.co/storage/v1/object/public/yacht-images/new-yachts/d74ccc10-d2f6-4021-b1c7-1a75d3f1b2b6/d74ccc10-d2f6-4021-b1c7-1a75d3f1b2b6-3.jpg,new-yachts/d74ccc10-d2f6-4021-b1c7-1a75d3f1b2b6/d74ccc10-d2f6-4021-b1c7-1a75d3f1b2b6-3.jpg,3,2026-04-22 17:01:38.804385+00
b9d455d1-7dbd-4d10-8e81-94fa16c4d073,671a273a-9c01-40cb-ba3a-a05127d28885,https://awrznjnofgmlqjiayhoi.supabase.co/storage/v1/object/public/yacht-images/new-yachts/671a273a-9c01-40cb-ba3a-a05127d28885/671a273a-9c01-40cb-ba3a-a05127d28885-5.jpg,new-yachts/671a273a-9c01-40cb-ba3a-a05127d28885/671a273a-9c01-40cb-ba3a-a05127d28885-5.jpg,5,2026-04-22 17:04:53.666975+00
b9da7820-d080-4ad8-bf70-d35e5cc9c29d,4fb9b399-1afd-4ea0-b598-84b98be9613f,https://awrznjnofgmlqjiayhoi.supabase.co/storage/v1/object/public/yacht-images/new-yachts/4fb9b399-1afd-4ea0-b598-84b98be9613f/4fb9b399-1afd-4ea0-b598-84b98be9613f-8.jpg,new-yachts/4fb9b399-1afd-4ea0-b598-84b98be9613f/4fb9b399-1afd-4ea0-b598-84b98be9613f-8.jpg,8,2026-04-23 09:21:29.750326+00
b9de214c-f448-4028-92b2-589d59ca8eb9,62d68832-feb4-47c4-abf4-5ed5ac0ab054,https://awrznjnofgmlqjiayhoi.supabase.co/storage/v1/object/public/yacht-images/new-yachts/62d68832-feb4-47c4-abf4-5ed5ac0ab054/62d68832-feb4-47c4-abf4-5ed5ac0ab054-1.jpg,new-yachts/62d68832-feb4-47c4-abf4-5ed5ac0ab054/62d68832-feb4-47c4-abf4-5ed5ac0ab054-1.jpg,1,2026-04-22 18:16:29.635442+00
b9e97be5-dfaf-4a7a-9d63-2db8559a865d,e4eb87fe-d17d-4379-af62-8d6512a61ca2,https://awrznjnofgmlqjiayhoi.supabase.co/storage/v1/object/public/yacht-images/new-yachts/e4eb87fe-d17d-4379-af62-8d6512a61ca2/e4eb87fe-d17d-4379-af62-8d6512a61ca2-5.jpg,new-yachts/e4eb87fe-d17d-4379-af62-8d6512a61ca2/e4eb87fe-d17d-4379-af62-8d6512a61ca2-5.jpg,5,2026-04-24 22:06:07.817055+00
b9eadb09-7880-4f6f-a505-fe655484ff10,d43803e9-b003-4476-8e95-055499dd2f2f,https://awrznjnofgmlqjiayhoi.supabase.co/storage/v1/object/public/yacht-images/new-yachts/d43803e9-b003-4476-8e95-055499dd2f2f/d43803e9-b003-4476-8e95-055499dd2f2f-10.jpg,new-yachts/d43803e9-b003-4476-8e95-055499dd2f2f/d43803e9-b003-4476-8e95-055499dd2f2f-10.jpg,10,2026-04-22 18:08:57.825612+00
ba05f8a3-cb94-474c-843e-34aea41c7b9b,c7ebbc0c-5644-4a96-b655-4d364326373e,https://awrznjnofgmlqjiayhoi.supabase.co/storage/v1/object/public/yacht-images/new-yachts/c7ebbc0c-5644-4a96-b655-4d364326373e/c7ebbc0c-5644-4a96-b655-4d364326373e-6.jpg,new-yachts/c7ebbc0c-5644-4a96-b655-4d364326373e/c7ebbc0c-5644-4a96-b655-4d364326373e-6.jpg,6,2026-04-22 18:03:51.945334+00
ba4904a2-4b6a-49ca-92dd-672e1d05b4ad,c7824eeb-5781-49ee-b923-aa636e73cb36,https://awrznjnofgmlqjiayhoi.supabase.co/storage/v1/object/public/yacht-images/new-yachts/c7824eeb-5781-49ee-b923-aa636e73cb36/c7824eeb-5781-49ee-b923-aa636e73cb36-11.jpg,new-yachts/c7824eeb-5781-49ee-b923-aa636e73cb36/c7824eeb-5781-49ee-b923-aa636e73cb36-11.jpg,11,2026-04-24 00:24:35.684719+00
ba627986-f967-40f3-bf5d-cbd2e72e491e,fd6e9af7-14f4-4d1a-86f9-d0d49f46fbc5,https://awrznjnofgmlqjiayhoi.supabase.co/storage/v1/object/public/yacht-images/new-yachts/fd6e9af7-14f4-4d1a-86f9-d0d49f46fbc5/fd6e9af7-14f4-4d1a-86f9-d0d49f46fbc5-6.webp,new-yachts/fd6e9af7-14f4-4d1a-86f9-d0d49f46fbc5/fd6e9af7-14f4-4d1a-86f9-d0d49f46fbc5-6.webp,6,2026-03-26 21:23:49.449834+00
ba7d9ea6-036d-4925-a4b3-7f5b1b80e5c9,fcf426c3-3c17-432e-a047-296441911089,https://awrznjnofgmlqjiayhoi.supabase.co/storage/v1/object/public/yacht-images/new-yachts/fcf426c3-3c17-432e-a047-296441911089/fcf426c3-3c17-432e-a047-296441911089-1.jpg,new-yachts/fcf426c3-3c17-432e-a047-296441911089/fcf426c3-3c17-432e-a047-296441911089-1.jpg,1,2026-04-24 00:35:28.047245+00
ba7f3b25-7b16-4f3c-9b7f-34c1fd07d91a,46dec82f-7d34-4f29-939d-9fcfb5d011cd,https://awrznjnofgmlqjiayhoi.supabase.co/storage/v1/object/public/yacht-images/new-yachts/46dec82f-7d34-4f29-939d-9fcfb5d011cd/46dec82f-7d34-4f29-939d-9fcfb5d011cd-6.jpg,new-yachts/46dec82f-7d34-4f29-939d-9fcfb5d011cd/46dec82f-7d34-4f29-939d-9fcfb5d011cd-6.jpg,6,2026-04-23 10:16:19.078605+00
ba81db3f-4bd8-447a-8bbe-b1708a43faa9,d3716531-df17-4b01-9d18-993b87404a0e,https://awrznjnofgmlqjiayhoi.supabase.co/storage/v1/object/public/yacht-images/new-yachts/d3716531-df17-4b01-9d18-993b87404a0e/d3716531-df17-4b01-9d18-993b87404a0e-3.jpg,new-yachts/d3716531-df17-4b01-9d18-993b87404a0e/d3716531-df17-4b01-9d18-993b87404a0e-3.jpg,3,2026-04-10 12:56:00.917768+00
baae0332-67e5-48b0-88e0-93093cab6b34,2574c261-52de-479f-9ccd-2f833f6ba6d6,https://awrznjnofgmlqjiayhoi.supabase.co/storage/v1/object/public/yacht-images/new-yachts/2574c261-52de-479f-9ccd-2f833f6ba6d6/2574c261-52de-479f-9ccd-2f833f6ba6d6-5.jpg,new-yachts/2574c261-52de-479f-9ccd-2f833f6ba6d6/2574c261-52de-479f-9ccd-2f833f6ba6d6-5.jpg,5,2026-04-22 16:26:10.100202+00
bab396c0-2941-4302-a84e-6d80a33cef3b,2eb81586-9a48-4d27-8380-edf002eb08db,https://awrznjnofgmlqjiayhoi.supabase.co/storage/v1/object/public/yacht-images/new-yachts/2eb81586-9a48-4d27-8380-edf002eb08db/2eb81586-9a48-4d27-8380-edf002eb08db-2.jpg,new-yachts/2eb81586-9a48-4d27-8380-edf002eb08db/2eb81586-9a48-4d27-8380-edf002eb08db-2.jpg,2,2026-04-24 17:56:53.598532+00
bac223b6-c391-471f-927c-50de808aaed6,ba50d6c9-16f8-4617-ae3b-e2e962467098,https://awrznjnofgmlqjiayhoi.supabase.co/storage/v1/object/public/yacht-images/new-yachts/ba50d6c9-16f8-4617-ae3b-e2e962467098/ba50d6c9-16f8-4617-ae3b-e2e962467098-10.jpg,new-yachts/ba50d6c9-16f8-4617-ae3b-e2e962467098/ba50d6c9-16f8-4617-ae3b-e2e962467098-10.jpg,10,2026-04-23 12:58:53.113128+00
bac5a8c3-f33d-4166-b3b1-649673aa8146,f0fd7922-a594-46bf-a475-be0d7a332815,https://awrznjnofgmlqjiayhoi.supabase.co/storage/v1/object/public/yacht-images/new-yachts/f0fd7922-a594-46bf-a475-be0d7a332815/f0fd7922-a594-46bf-a475-be0d7a332815-1.webp,new-yachts/f0fd7922-a594-46bf-a475-be0d7a332815/f0fd7922-a594-46bf-a475-be0d7a332815-1.webp,1,2026-03-12 20:46:36.388768+00
bb1d90db-438f-4e24-af4c-81b5f16ca08c,4896d80d-42ee-4f28-868c-c8414fa5321d,https://awrznjnofgmlqjiayhoi.supabase.co/storage/v1/object/public/yacht-images/new-yachts/4896d80d-42ee-4f28-868c-c8414fa5321d/4896d80d-42ee-4f28-868c-c8414fa5321d-6.jpg,new-yachts/4896d80d-42ee-4f28-868c-c8414fa5321d/4896d80d-42ee-4f28-868c-c8414fa5321d-6.jpg,6,2026-04-22 14:57:35.870593+00
bb7f3320-878a-4911-afba-673e4b0e0903,ab0c1dd1-5ed6-41ab-a24d-1c7176b1487b,https://awrznjnofgmlqjiayhoi.supabase.co/storage/v1/object/public/yacht-images/new-yachts/ab0c1dd1-5ed6-41ab-a24d-1c7176b1487b/ab0c1dd1-5ed6-41ab-a24d-1c7176b1487b-6.jpg,new-yachts/ab0c1dd1-5ed6-41ab-a24d-1c7176b1487b/ab0c1dd1-5ed6-41ab-a24d-1c7176b1487b-6.jpg,6,2026-04-22 18:37:58.256712+00
bb85cea3-16ea-4892-83f9-1842def2e06e,7db06b92-897d-47e6-a070-0b270a5b6d03,https://awrznjnofgmlqjiayhoi.supabase.co/storage/v1/object/public/yacht-images/new-yachts/7db06b92-897d-47e6-a070-0b270a5b6d03/7db06b92-897d-47e6-a070-0b270a5b6d03-8.jpg,new-yachts/7db06b92-897d-47e6-a070-0b270a5b6d03/7db06b92-897d-47e6-a070-0b270a5b6d03-8.jpg,8,2026-04-22 18:45:59.533991+00
bbb31b89-420b-4742-a2e5-4864659ea504,34140b13-e5f4-4042-8f03-49390da36148,https://awrznjnofgmlqjiayhoi.supabase.co/storage/v1/object/public/yacht-images/new-yachts/34140b13-e5f4-4042-8f03-49390da36148/34140b13-e5f4-4042-8f03-49390da36148-6.jpg,new-yachts/34140b13-e5f4-4042-8f03-49390da36148/34140b13-e5f4-4042-8f03-49390da36148-6.jpg,6,2026-04-23 19:12:05.412005+00
bbd86ae9-4cb4-4c06-a46b-d888821d17d6,a54bba97-e7af-453a-bfaf-6fa33d98faba,https://awrznjnofgmlqjiayhoi.supabase.co/storage/v1/object/public/yacht-images/new-yachts/a54bba97-e7af-453a-bfaf-6fa33d98faba/a54bba97-e7af-453a-bfaf-6fa33d98faba-9.jpg,new-yachts/a54bba97-e7af-453a-bfaf-6fa33d98faba/a54bba97-e7af-453a-bfaf-6fa33d98faba-9.jpg,9,2026-04-22 18:31:34.379928+00
bbec174a-93b1-4d3b-8cd6-5d23e1b81fb8,942682e5-0ff5-4cab-af32-707ca61c402c,https://awrznjnofgmlqjiayhoi.supabase.co/storage/v1/object/public/yacht-images/new-yachts/942682e5-0ff5-4cab-af32-707ca61c402c/942682e5-0ff5-4cab-af32-707ca61c402c-8.jpg,new-yachts/942682e5-0ff5-4cab-af32-707ca61c402c/942682e5-0ff5-4cab-af32-707ca61c402c-8.jpg,8,2026-04-08 10:24:56.724801+00
bc011e82-c7ac-4776-bb86-673c9093267d,d43803e9-b003-4476-8e95-055499dd2f2f,https://awrznjnofgmlqjiayhoi.supabase.co/storage/v1/object/public/yacht-images/new-yachts/d43803e9-b003-4476-8e95-055499dd2f2f/d43803e9-b003-4476-8e95-055499dd2f2f-7.jpg,new-yachts/d43803e9-b003-4476-8e95-055499dd2f2f/d43803e9-b003-4476-8e95-055499dd2f2f-7.jpg,7,2026-04-22 18:08:55.608876+00
bc188797-4c26-4fa8-85b4-0811dd7d287e,8e5f6ed1-f9a8-43a4-b959-76c71e39942e,https://awrznjnofgmlqjiayhoi.supabase.co/storage/v1/object/public/yacht-images/new-yachts/8e5f6ed1-f9a8-43a4-b959-76c71e39942e/8e5f6ed1-f9a8-43a4-b959-76c71e39942e-1.jpg,new-yachts/8e5f6ed1-f9a8-43a4-b959-76c71e39942e/8e5f6ed1-f9a8-43a4-b959-76c71e39942e-1.jpg,1,2026-04-22 16:28:42.921228+00
bc24ab4a-a6ed-4b9c-b3ac-486ae006f362,bd97e6ce-9abe-4bb5-8ee3-eda9646c6638,https://awrznjnofgmlqjiayhoi.supabase.co/storage/v1/object/public/yacht-images/new-yachts/bd97e6ce-9abe-4bb5-8ee3-eda9646c6638/bd97e6ce-9abe-4bb5-8ee3-eda9646c6638-2.jpg,new-yachts/bd97e6ce-9abe-4bb5-8ee3-eda9646c6638/bd97e6ce-9abe-4bb5-8ee3-eda9646c6638-2.jpg,2,2026-04-22 16:27:14.730987+00
bc2adf84-7f73-49f8-8714-c31a5339431c,6a4ed0f9-5fb9-4acf-b027-dab0d6b648d0,https://awrznjnofgmlqjiayhoi.supabase.co/storage/v1/object/public/yacht-images/new-yachts/6a4ed0f9-5fb9-4acf-b027-dab0d6b648d0/6a4ed0f9-5fb9-4acf-b027-dab0d6b648d0-2.webp,new-yachts/6a4ed0f9-5fb9-4acf-b027-dab0d6b648d0/6a4ed0f9-5fb9-4acf-b027-dab0d6b648d0-2.webp,2,2026-03-26 21:32:27.397332+00
bc45e20e-ebb8-492a-805c-10d9bb0a19b4,bab48513-ac52-49e5-b77f-754867d91fee,https://awrznjnofgmlqjiayhoi.supabase.co/storage/v1/object/public/yacht-images/new-yachts/bab48513-ac52-49e5-b77f-754867d91fee/bab48513-ac52-49e5-b77f-754867d91fee-11.jpg,new-yachts/bab48513-ac52-49e5-b77f-754867d91fee/bab48513-ac52-49e5-b77f-754867d91fee-11.jpg,11,2026-04-24 15:54:14.107773+00
bc7d0c44-1bcc-4e70-beab-1a309d508a55,f5d60854-b6fa-4fc1-b3f2-8e6adb8a393e,https://awrznjnofgmlqjiayhoi.supabase.co/storage/v1/object/public/yacht-images/new-yachts/f5d60854-b6fa-4fc1-b3f2-8e6adb8a393e/f5d60854-b6fa-4fc1-b3f2-8e6adb8a393e-7.jpg,new-yachts/f5d60854-b6fa-4fc1-b3f2-8e6adb8a393e/f5d60854-b6fa-4fc1-b3f2-8e6adb8a393e-7.jpg,7,2026-04-22 18:50:25.681494+00
bc8824e1-1b36-4019-a9f2-acdd6eb14c80,431072c2-81c2-46f5-a089-5bf802cc7fb6,https://awrznjnofgmlqjiayhoi.supabase.co/storage/v1/object/public/yacht-images/new-yachts/431072c2-81c2-46f5-a089-5bf802cc7fb6/431072c2-81c2-46f5-a089-5bf802cc7fb6-9.jpg,new-yachts/431072c2-81c2-46f5-a089-5bf802cc7fb6/431072c2-81c2-46f5-a089-5bf802cc7fb6-9.jpg,9,2026-04-22 18:18:40.171132+00
bca057c3-94d1-45f0-9b55-b974498efdb5,6f7d9f4f-3551-4c4b-b5f7-bd5596935016,https://awrznjnofgmlqjiayhoi.supabase.co/storage/v1/object/public/yacht-images/new-yachts/6f7d9f4f-3551-4c4b-b5f7-bd5596935016/6f7d9f4f-3551-4c4b-b5f7-bd5596935016-7.jpg,new-yachts/6f7d9f4f-3551-4c4b-b5f7-bd5596935016/6f7d9f4f-3551-4c4b-b5f7-bd5596935016-7.jpg,7,2026-04-24 00:33:10.803907+00
bca23ef6-899c-4b83-b012-d83187bf1ca3,e8098cfa-12af-43f8-8f79-66a356ab8eea,https://awrznjnofgmlqjiayhoi.supabase.co/storage/v1/object/public/yacht-images/new-yachts/e8098cfa-12af-43f8-8f79-66a356ab8eea/e8098cfa-12af-43f8-8f79-66a356ab8eea-3.jpg,new-yachts/e8098cfa-12af-43f8-8f79-66a356ab8eea/e8098cfa-12af-43f8-8f79-66a356ab8eea-3.jpg,3,2026-04-22 17:30:33.236096+00
bca9e211-14d5-4e63-9f2e-f77c1ac9aa5c,2376d7ee-cfbb-49e5-85fe-46552893c082,https://awrznjnofgmlqjiayhoi.supabase.co/storage/v1/object/public/yacht-images/new-yachts/2376d7ee-cfbb-49e5-85fe-46552893c082/2376d7ee-cfbb-49e5-85fe-46552893c082-9.jpg,new-yachts/2376d7ee-cfbb-49e5-85fe-46552893c082/2376d7ee-cfbb-49e5-85fe-46552893c082-9.jpg,9,2026-04-22 18:13:25.915334+00
bcb35f41-691e-4dfc-99e3-3de6f7b4aa92,ab0c1dd1-5ed6-41ab-a24d-1c7176b1487b,https://awrznjnofgmlqjiayhoi.supabase.co/storage/v1/object/public/yacht-images/new-yachts/ab0c1dd1-5ed6-41ab-a24d-1c7176b1487b/ab0c1dd1-5ed6-41ab-a24d-1c7176b1487b-8.jpg,new-yachts/ab0c1dd1-5ed6-41ab-a24d-1c7176b1487b/ab0c1dd1-5ed6-41ab-a24d-1c7176b1487b-8.jpg,8,2026-04-22 18:37:59.522795+00
bcebaf72-cde9-4e18-8e02-850b58cd2727,036b38ca-3c40-46d2-a5eb-0f44fd933ae7,https://awrznjnofgmlqjiayhoi.supabase.co/storage/v1/object/public/yacht-images/new-yachts/036b38ca-3c40-46d2-a5eb-0f44fd933ae7/036b38ca-3c40-46d2-a5eb-0f44fd933ae7-3.jpg,new-yachts/036b38ca-3c40-46d2-a5eb-0f44fd933ae7/036b38ca-3c40-46d2-a5eb-0f44fd933ae7-3.jpg,3,2026-04-23 12:55:23.508305+00
bd00bcce-5274-48bb-aecb-dd332909402b,d4d051c3-8265-40c7-a211-75a07354158f,https://awrznjnofgmlqjiayhoi.supabase.co/storage/v1/object/public/yacht-images/new-yachts/d4d051c3-8265-40c7-a211-75a07354158f/d4d051c3-8265-40c7-a211-75a07354158f-6.jpg,new-yachts/d4d051c3-8265-40c7-a211-75a07354158f/d4d051c3-8265-40c7-a211-75a07354158f-6.jpg,6,2026-04-23 09:15:31.146191+00
bd41c438-b67c-4bc6-936b-414a62515421,5571b971-bc7b-4c6f-ba4e-1b2beef70fe0,https://awrznjnofgmlqjiayhoi.supabase.co/storage/v1/object/public/yacht-images/new-yachts/5571b971-bc7b-4c6f-ba4e-1b2beef70fe0/5571b971-bc7b-4c6f-ba4e-1b2beef70fe0-4.jpg,new-yachts/5571b971-bc7b-4c6f-ba4e-1b2beef70fe0/5571b971-bc7b-4c6f-ba4e-1b2beef70fe0-4.jpg,4,2026-04-23 10:17:00.905872+00
bd4f9513-4e68-4081-a6ad-53b0ff216b8e,9bb11399-c9d0-426a-b423-506c3373bf26,https://awrznjnofgmlqjiayhoi.supabase.co/storage/v1/object/public/yacht-images/new-yachts/9bb11399-c9d0-426a-b423-506c3373bf26/9bb11399-c9d0-426a-b423-506c3373bf26-11.jpg,new-yachts/9bb11399-c9d0-426a-b423-506c3373bf26/9bb11399-c9d0-426a-b423-506c3373bf26-11.jpg,11,2026-04-22 18:33:49.261974+00
bd59649e-3839-45e8-85e5-2fd14166e96a,d0075994-96ea-41d7-99b0-7e2f908da0bc,https://awrznjnofgmlqjiayhoi.supabase.co/storage/v1/object/public/yacht-images/new-yachts/d0075994-96ea-41d7-99b0-7e2f908da0bc/d0075994-96ea-41d7-99b0-7e2f908da0bc-11.jpg,new-yachts/d0075994-96ea-41d7-99b0-7e2f908da0bc/d0075994-96ea-41d7-99b0-7e2f908da0bc-11.jpg,11,2026-04-24 00:25:56.356603+00
bd6a45fd-cf23-4126-a019-b7c2f670150b,e77f9842-d7df-4821-aaea-022f37c657ab,https://awrznjnofgmlqjiayhoi.supabase.co/storage/v1/object/public/yacht-images/new-yachts/e77f9842-d7df-4821-aaea-022f37c657ab/e77f9842-d7df-4821-aaea-022f37c657ab-8.jpg,new-yachts/e77f9842-d7df-4821-aaea-022f37c657ab/e77f9842-d7df-4821-aaea-022f37c657ab-8.jpg,8,2026-04-22 15:02:38.415231+00
bd92d6fd-7c9d-4df7-ad2d-8658190a48d8,237c6c51-03ca-4beb-9c4a-7ff0afb95627,https://awrznjnofgmlqjiayhoi.supabase.co/storage/v1/object/public/yacht-images/new-yachts/237c6c51-03ca-4beb-9c4a-7ff0afb95627/237c6c51-03ca-4beb-9c4a-7ff0afb95627-3.jpg,new-yachts/237c6c51-03ca-4beb-9c4a-7ff0afb95627/237c6c51-03ca-4beb-9c4a-7ff0afb95627-3.jpg,3,2026-04-22 14:48:12.060401+00
bd9e57b4-5cb7-4893-b859-80d8c09f9312,6b302f73-4059-469d-98ee-cd0dbbaa3b4a,https://awrznjnofgmlqjiayhoi.supabase.co/storage/v1/object/public/yacht-images/new-yachts/6b302f73-4059-469d-98ee-cd0dbbaa3b4a/6b302f73-4059-469d-98ee-cd0dbbaa3b4a-3.jpg,new-yachts/6b302f73-4059-469d-98ee-cd0dbbaa3b4a/6b302f73-4059-469d-98ee-cd0dbbaa3b4a-3.jpg,3,2026-04-23 08:21:20.381495+00
bdc29dc3-f289-41ca-86ff-acb5349d3123,c8c5aac8-0250-456f-8eae-5c72e98aec4c,https://awrznjnofgmlqjiayhoi.supabase.co/storage/v1/object/public/yacht-images/new-yachts/c8c5aac8-0250-456f-8eae-5c72e98aec4c/c8c5aac8-0250-456f-8eae-5c72e98aec4c-10.jpg,new-yachts/c8c5aac8-0250-456f-8eae-5c72e98aec4c/c8c5aac8-0250-456f-8eae-5c72e98aec4c-10.jpg,10,2026-04-24 00:28:22.224516+00
bddc0198-d628-4e53-9143-b45085a6165e,a333914a-50aa-4524-8f4c-1583fcdc0ade,https://awrznjnofgmlqjiayhoi.supabase.co/storage/v1/object/public/yacht-images/new-yachts/a333914a-50aa-4524-8f4c-1583fcdc0ade/a333914a-50aa-4524-8f4c-1583fcdc0ade-7.jpg,new-yachts/a333914a-50aa-4524-8f4c-1583fcdc0ade/a333914a-50aa-4524-8f4c-1583fcdc0ade-7.jpg,7,2026-04-22 17:12:28.223038+00
bde26f96-fc34-4e9f-bd8f-5058f517dc52,aa8c6101-eb69-4a45-94b2-eb80dc49a261,https://awrznjnofgmlqjiayhoi.supabase.co/storage/v1/object/public/yacht-images/new-yachts/aa8c6101-eb69-4a45-94b2-eb80dc49a261/aa8c6101-eb69-4a45-94b2-eb80dc49a261-4.jpg,new-yachts/aa8c6101-eb69-4a45-94b2-eb80dc49a261/aa8c6101-eb69-4a45-94b2-eb80dc49a261-4.jpg,4,2026-04-24 17:50:34.545894+00
be4b6af5-6078-4821-a6bc-bb2316793d9f,9f57ec42-db09-4ed6-b8a0-17af63e10f17,https://awrznjnofgmlqjiayhoi.supabase.co/storage/v1/object/public/yacht-images/new-yachts/9f57ec42-db09-4ed6-b8a0-17af63e10f17/9f57ec42-db09-4ed6-b8a0-17af63e10f17-6.jpg,new-yachts/9f57ec42-db09-4ed6-b8a0-17af63e10f17/9f57ec42-db09-4ed6-b8a0-17af63e10f17-6.jpg,6,2026-04-22 18:48:13.045691+00
be6b2303-fb63-4a8a-952a-aa697beea43e,da0d8573-24f0-46e0-80ec-c1436985d90e,https://awrznjnofgmlqjiayhoi.supabase.co/storage/v1/object/public/yacht-images/new-yachts/da0d8573-24f0-46e0-80ec-c1436985d90e/da0d8573-24f0-46e0-80ec-c1436985d90e-2.webp,new-yachts/da0d8573-24f0-46e0-80ec-c1436985d90e/da0d8573-24f0-46e0-80ec-c1436985d90e-2.webp,2,2026-03-26 21:42:20.583575+00
be73b7d0-5ad6-4c3e-9f2f-f14e89f11ca1,a2124144-02a4-4ec8-9f73-360dd683aa4d,https://awrznjnofgmlqjiayhoi.supabase.co/storage/v1/object/public/yacht-images/new-yachts/a2124144-02a4-4ec8-9f73-360dd683aa4d/a2124144-02a4-4ec8-9f73-360dd683aa4d-2.jpg,new-yachts/a2124144-02a4-4ec8-9f73-360dd683aa4d/a2124144-02a4-4ec8-9f73-360dd683aa4d-2.jpg,2,2026-04-24 00:50:25.8665+00
be7fe58b-2eaf-48bf-a95c-13849068e3d1,370c34aa-94d0-43d9-8609-7cb172eaa603,https://awrznjnofgmlqjiayhoi.supabase.co/storage/v1/object/public/yacht-images/new-yachts/370c34aa-94d0-43d9-8609-7cb172eaa603/370c34aa-94d0-43d9-8609-7cb172eaa603-8.jpg,new-yachts/370c34aa-94d0-43d9-8609-7cb172eaa603/370c34aa-94d0-43d9-8609-7cb172eaa603-8.jpg,8,2026-04-24 00:19:44.839523+00
bf0f0cda-e189-40ce-937d-94c9ad17fb95,15b49175-2c23-45b4-ae75-868c180ffcb1,https://awrznjnofgmlqjiayhoi.supabase.co/storage/v1/object/public/yacht-images/new-yachts/15b49175-2c23-45b4-ae75-868c180ffcb1/15b49175-2c23-45b4-ae75-868c180ffcb1-8.jpg,new-yachts/15b49175-2c23-45b4-ae75-868c180ffcb1/15b49175-2c23-45b4-ae75-868c180ffcb1-8.jpg,8,2026-04-08 12:51:01.415793+00
bf1da366-2b9c-4b49-806c-186286e29e73,5ce670e1-2f6e-4855-ab51-e64f92813135,https://awrznjnofgmlqjiayhoi.supabase.co/storage/v1/object/public/yacht-images/new-yachts/5ce670e1-2f6e-4855-ab51-e64f92813135/5ce670e1-2f6e-4855-ab51-e64f92813135-7.jpg,new-yachts/5ce670e1-2f6e-4855-ab51-e64f92813135/5ce670e1-2f6e-4855-ab51-e64f92813135-7.jpg,7,2026-04-24 00:53:07.322784+00
bf1e2c69-e0e8-472c-9867-bda44934f60d,0e541ad4-8295-4b8e-87e1-847060de50a8,https://awrznjnofgmlqjiayhoi.supabase.co/storage/v1/object/public/yacht-images/new-yachts/0e541ad4-8295-4b8e-87e1-847060de50a8/0e541ad4-8295-4b8e-87e1-847060de50a8-1.jpg,new-yachts/0e541ad4-8295-4b8e-87e1-847060de50a8/0e541ad4-8295-4b8e-87e1-847060de50a8-1.jpg,1,2026-04-22 16:29:44.640605+00
bf396f91-43af-496e-bd40-1847ca4b3356,fcaae122-813b-4b13-8d0d-14fff587e85a,https://awrznjnofgmlqjiayhoi.supabase.co/storage/v1/object/public/yacht-images/new-yachts/fcaae122-813b-4b13-8d0d-14fff587e85a/fcaae122-813b-4b13-8d0d-14fff587e85a-1.jpg,new-yachts/fcaae122-813b-4b13-8d0d-14fff587e85a/fcaae122-813b-4b13-8d0d-14fff587e85a-1.jpg,1,2026-03-26 19:32:34.229941+00
bf3f0de6-359e-46f8-b2e6-d493a44867f4,431072c2-81c2-46f5-a089-5bf802cc7fb6,https://awrznjnofgmlqjiayhoi.supabase.co/storage/v1/object/public/yacht-images/new-yachts/431072c2-81c2-46f5-a089-5bf802cc7fb6/431072c2-81c2-46f5-a089-5bf802cc7fb6-3.jpg,new-yachts/431072c2-81c2-46f5-a089-5bf802cc7fb6/431072c2-81c2-46f5-a089-5bf802cc7fb6-3.jpg,3,2026-04-22 18:18:36.068355+00
bf430ddb-e008-463e-9d0e-9938d972b00f,9ec06a62-12e4-4bb0-9fe9-56bced3c8bc2,https://awrznjnofgmlqjiayhoi.supabase.co/storage/v1/object/public/yacht-images/new-yachts/9ec06a62-12e4-4bb0-9fe9-56bced3c8bc2/9ec06a62-12e4-4bb0-9fe9-56bced3c8bc2-8.jpg,new-yachts/9ec06a62-12e4-4bb0-9fe9-56bced3c8bc2/9ec06a62-12e4-4bb0-9fe9-56bced3c8bc2-8.jpg,8,2026-04-24 22:46:59.188408+00
bf6146af-d6f5-40d2-9711-563c8bf1073a,bc6673af-2cbc-45d6-98bd-04b89297bef3,https://awrznjnofgmlqjiayhoi.supabase.co/storage/v1/object/public/yacht-images/new-yachts/bc6673af-2cbc-45d6-98bd-04b89297bef3/bc6673af-2cbc-45d6-98bd-04b89297bef3-6.jpg,new-yachts/bc6673af-2cbc-45d6-98bd-04b89297bef3/bc6673af-2cbc-45d6-98bd-04b89297bef3-6.jpg,6,2026-04-22 14:39:24.927592+00
bf626a42-cfdc-4fd2-a699-674dd9622344,f0238dcf-548b-4271-af4f-cb068b72d462,https://awrznjnofgmlqjiayhoi.supabase.co/storage/v1/object/public/yacht-images/new-yachts/f0238dcf-548b-4271-af4f-cb068b72d462/f0238dcf-548b-4271-af4f-cb068b72d462-4.jpg,new-yachts/f0238dcf-548b-4271-af4f-cb068b72d462/f0238dcf-548b-4271-af4f-cb068b72d462-4.jpg,4,2026-04-22 13:24:07.820745+00
bf69b370-0a76-4386-a1a7-b8773128e6a8,cea16079-f9be-45ea-8c75-e7404b006298,https://awrznjnofgmlqjiayhoi.supabase.co/storage/v1/object/public/yacht-images/new-yachts/cea16079-f9be-45ea-8c75-e7404b006298/cea16079-f9be-45ea-8c75-e7404b006298-7.jpg,new-yachts/cea16079-f9be-45ea-8c75-e7404b006298/cea16079-f9be-45ea-8c75-e7404b006298-7.jpg,7,2026-04-22 18:22:55.419308+00
bf756bc8-c912-4f5f-b5c2-12594ebf162b,4c428a0f-213e-4899-b826-1f110b9fee53,https://awrznjnofgmlqjiayhoi.supabase.co/storage/v1/object/public/yacht-images/new-yachts/4c428a0f-213e-4899-b826-1f110b9fee53/4c428a0f-213e-4899-b826-1f110b9fee53-5.jpg,new-yachts/4c428a0f-213e-4899-b826-1f110b9fee53/4c428a0f-213e-4899-b826-1f110b9fee53-5.jpg,5,2026-04-23 09:23:15.291108+00
bf7b1bc4-7b67-47db-90cd-e9c44d26c20d,918b12a4-fcbf-46eb-8a39-6a1cc0bf196f,https://awrznjnofgmlqjiayhoi.supabase.co/storage/v1/object/public/yacht-images/new-yachts/918b12a4-fcbf-46eb-8a39-6a1cc0bf196f/918b12a4-fcbf-46eb-8a39-6a1cc0bf196f-8.jpg,new-yachts/918b12a4-fcbf-46eb-8a39-6a1cc0bf196f/918b12a4-fcbf-46eb-8a39-6a1cc0bf196f-8.jpg,8,2026-04-22 18:21:42.168468+00
bf81e630-8a60-443e-b984-3c24dcc84dc6,bd97e6ce-9abe-4bb5-8ee3-eda9646c6638,https://awrznjnofgmlqjiayhoi.supabase.co/storage/v1/object/public/yacht-images/new-yachts/bd97e6ce-9abe-4bb5-8ee3-eda9646c6638/bd97e6ce-9abe-4bb5-8ee3-eda9646c6638-1.jpg,new-yachts/bd97e6ce-9abe-4bb5-8ee3-eda9646c6638/bd97e6ce-9abe-4bb5-8ee3-eda9646c6638-1.jpg,1,2026-04-22 16:27:14.040421+00
bfa59190-e875-47da-ad66-c22b370e1a13,077c9e0d-ef5b-4229-9d5c-42ab6bf99aba,https://awrznjnofgmlqjiayhoi.supabase.co/storage/v1/object/public/yacht-images/new-yachts/077c9e0d-ef5b-4229-9d5c-42ab6bf99aba/077c9e0d-ef5b-4229-9d5c-42ab6bf99aba-3.jpg,new-yachts/077c9e0d-ef5b-4229-9d5c-42ab6bf99aba/077c9e0d-ef5b-4229-9d5c-42ab6bf99aba-3.jpg,3,2026-04-22 18:06:34.40151+00
c00eb19d-5f9d-4f30-ba88-3ca2ecc2b0b5,d3b00e8b-5743-46d3-9660-80b6783e38ad,https://awrznjnofgmlqjiayhoi.supabase.co/storage/v1/object/public/yacht-images/new-yachts/d3b00e8b-5743-46d3-9660-80b6783e38ad/d3b00e8b-5743-46d3-9660-80b6783e38ad-10.jpg,new-yachts/d3b00e8b-5743-46d3-9660-80b6783e38ad/d3b00e8b-5743-46d3-9660-80b6783e38ad-10.jpg,10,2026-04-23 23:40:22.112632+00
c00f97af-2049-4e0e-9a75-7686bc9cba3c,0e541ad4-8295-4b8e-87e1-847060de50a8,https://awrznjnofgmlqjiayhoi.supabase.co/storage/v1/object/public/yacht-images/new-yachts/0e541ad4-8295-4b8e-87e1-847060de50a8/0e541ad4-8295-4b8e-87e1-847060de50a8-6.jpg,new-yachts/0e541ad4-8295-4b8e-87e1-847060de50a8/0e541ad4-8295-4b8e-87e1-847060de50a8-6.jpg,6,2026-04-22 16:29:47.938883+00
c04002f5-3223-41e4-98d2-6648fd59e7af,586b847c-46e1-42ee-97a4-5ae718d57b8c,https://awrznjnofgmlqjiayhoi.supabase.co/storage/v1/object/public/yacht-images/new-yachts/586b847c-46e1-42ee-97a4-5ae718d57b8c/586b847c-46e1-42ee-97a4-5ae718d57b8c-3.webp,new-yachts/586b847c-46e1-42ee-97a4-5ae718d57b8c/586b847c-46e1-42ee-97a4-5ae718d57b8c-3.webp,3,2026-03-27 20:07:14.776377+00
c0941515-828e-4256-8dcf-ca1487270655,b8386205-38db-4b2c-b839-b02eb7dbdb4e,https://awrznjnofgmlqjiayhoi.supabase.co/storage/v1/object/public/yacht-images/new-yachts/b8386205-38db-4b2c-b839-b02eb7dbdb4e/b8386205-38db-4b2c-b839-b02eb7dbdb4e-9.jpg,new-yachts/b8386205-38db-4b2c-b839-b02eb7dbdb4e/b8386205-38db-4b2c-b839-b02eb7dbdb4e-9.jpg,9,2026-04-24 17:54:53.742175+00
c0e20e27-a1f5-4b16-8fbb-ebde27171c1f,09b2328a-b514-4c89-abe8-41c332218a64,https://awrznjnofgmlqjiayhoi.supabase.co/storage/v1/object/public/yacht-images/new-yachts/09b2328a-b514-4c89-abe8-41c332218a64/09b2328a-b514-4c89-abe8-41c332218a64-2.jpg,new-yachts/09b2328a-b514-4c89-abe8-41c332218a64/09b2328a-b514-4c89-abe8-41c332218a64-2.jpg,2,2026-04-22 18:29:28.359322+00
c0ed23d3-011d-43b2-9800-d0d4e4fef270,23369539-310c-42d9-8d1a-c7fe6778be22,https://awrznjnofgmlqjiayhoi.supabase.co/storage/v1/object/public/yacht-images/new-yachts/23369539-310c-42d9-8d1a-c7fe6778be22/23369539-310c-42d9-8d1a-c7fe6778be22-6.jpg,new-yachts/23369539-310c-42d9-8d1a-c7fe6778be22/23369539-310c-42d9-8d1a-c7fe6778be22-6.jpg,6,2026-04-23 23:28:55.664106+00
c10711b9-9b08-4a77-9172-1d00966e7b2a,6b05344c-d84a-40d5-b8a8-c8d00eccfb7d,https://awrznjnofgmlqjiayhoi.supabase.co/storage/v1/object/public/yacht-images/new-yachts/6b05344c-d84a-40d5-b8a8-c8d00eccfb7d/6b05344c-d84a-40d5-b8a8-c8d00eccfb7d-5.jpg,new-yachts/6b05344c-d84a-40d5-b8a8-c8d00eccfb7d/6b05344c-d84a-40d5-b8a8-c8d00eccfb7d-5.jpg,5,2026-04-22 17:22:23.484876+00
c1194610-b208-48db-9eed-67a36487b7e1,8e5f6ed1-f9a8-43a4-b959-76c71e39942e,https://awrznjnofgmlqjiayhoi.supabase.co/storage/v1/object/public/yacht-images/new-yachts/8e5f6ed1-f9a8-43a4-b959-76c71e39942e/8e5f6ed1-f9a8-43a4-b959-76c71e39942e-10.jpg,new-yachts/8e5f6ed1-f9a8-43a4-b959-76c71e39942e/8e5f6ed1-f9a8-43a4-b959-76c71e39942e-10.jpg,10,2026-04-22 16:28:48.749838+00
c1aa0bfa-9d59-4a84-acf3-8db3c634c3b8,72968c30-468e-475b-9c74-a6afb74ff62e,https://awrznjnofgmlqjiayhoi.supabase.co/storage/v1/object/public/yacht-images/new-yachts/72968c30-468e-475b-9c74-a6afb74ff62e/72968c30-468e-475b-9c74-a6afb74ff62e-11.jpg,new-yachts/72968c30-468e-475b-9c74-a6afb74ff62e/72968c30-468e-475b-9c74-a6afb74ff62e-11.jpg,11,2026-04-24 22:13:24.153655+00
c1c70fbc-1fe2-4c04-9538-7de2f7dc7a5d,8b026905-96da-43a2-8737-2b121fd4d64b,https://awrznjnofgmlqjiayhoi.supabase.co/storage/v1/object/public/yacht-images/new-yachts/8b026905-96da-43a2-8737-2b121fd4d64b/8b026905-96da-43a2-8737-2b121fd4d64b-10.jpg,new-yachts/8b026905-96da-43a2-8737-2b121fd4d64b/8b026905-96da-43a2-8737-2b121fd4d64b-10.jpg,10,2026-04-22 14:55:59.065885+00
c1e815cf-9fde-4ad9-a484-4896158d72a1,67178f72-eeb2-453d-a891-16e6e75edbff,https://awrznjnofgmlqjiayhoi.supabase.co/storage/v1/object/public/yacht-images/new-yachts/67178f72-eeb2-453d-a891-16e6e75edbff/67178f72-eeb2-453d-a891-16e6e75edbff-7.jpg,new-yachts/67178f72-eeb2-453d-a891-16e6e75edbff/67178f72-eeb2-453d-a891-16e6e75edbff-7.jpg,7,2026-04-22 14:31:02.778296+00
c1ec8431-6b5d-4efc-b413-c5b741cc0e3f,2a59a9b9-e70a-4dd8-ba20-4d4eb7384cbc,https://awrznjnofgmlqjiayhoi.supabase.co/storage/v1/object/public/yacht-images/new-yachts/2a59a9b9-e70a-4dd8-ba20-4d4eb7384cbc/2a59a9b9-e70a-4dd8-ba20-4d4eb7384cbc-11.jpg,new-yachts/2a59a9b9-e70a-4dd8-ba20-4d4eb7384cbc/2a59a9b9-e70a-4dd8-ba20-4d4eb7384cbc-11.jpg,11,2026-04-23 08:58:07.825028+00
c23b7957-8fdd-4673-a32f-b5b352ea3b66,da0ad5a8-ee07-4109-af08-278720a594b8,https://awrznjnofgmlqjiayhoi.supabase.co/storage/v1/object/public/yacht-images/new-yachts/da0ad5a8-ee07-4109-af08-278720a594b8/da0ad5a8-ee07-4109-af08-278720a594b8-1.webp,new-yachts/da0ad5a8-ee07-4109-af08-278720a594b8/da0ad5a8-ee07-4109-af08-278720a594b8-1.webp,2,2026-03-26 19:06:25.994404+00
c2463f75-1290-48ee-84d1-03dabc4ffbd5,1646a0a5-5fa5-410b-8b32-7ade84fab230,https://awrznjnofgmlqjiayhoi.supabase.co/storage/v1/object/public/yacht-images/new-yachts/1646a0a5-5fa5-410b-8b32-7ade84fab230/1646a0a5-5fa5-410b-8b32-7ade84fab230-6.jpg,new-yachts/1646a0a5-5fa5-410b-8b32-7ade84fab230/1646a0a5-5fa5-410b-8b32-7ade84fab230-6.jpg,6,2026-04-24 00:44:40.107612+00
c25b2544-183a-4ec0-871f-9c5fabaed908,5571b971-bc7b-4c6f-ba4e-1b2beef70fe0,https://awrznjnofgmlqjiayhoi.supabase.co/storage/v1/object/public/yacht-images/new-yachts/5571b971-bc7b-4c6f-ba4e-1b2beef70fe0/5571b971-bc7b-4c6f-ba4e-1b2beef70fe0-2.jpg,new-yachts/5571b971-bc7b-4c6f-ba4e-1b2beef70fe0/5571b971-bc7b-4c6f-ba4e-1b2beef70fe0-2.jpg,2,2026-04-23 10:16:59.576261+00
c286e341-f9bc-4d18-a72c-98a376d1dce0,6ba7e223-391d-4e9a-8228-0001d2b8ad99,https://awrznjnofgmlqjiayhoi.supabase.co/storage/v1/object/public/yacht-images/new-yachts/6ba7e223-391d-4e9a-8228-0001d2b8ad99/6ba7e223-391d-4e9a-8228-0001d2b8ad99-11.jpg,new-yachts/6ba7e223-391d-4e9a-8228-0001d2b8ad99/6ba7e223-391d-4e9a-8228-0001d2b8ad99-11.jpg,11,2026-04-24 00:04:37.642894+00
c28b82f2-1390-4f5d-ba66-6f940b0151c7,81905b1b-c4c4-4345-aaf6-8e7152bfae48,https://awrznjnofgmlqjiayhoi.supabase.co/storage/v1/object/public/yacht-images/new-yachts/81905b1b-c4c4-4345-aaf6-8e7152bfae48/81905b1b-c4c4-4345-aaf6-8e7152bfae48-1.jpg,new-yachts/81905b1b-c4c4-4345-aaf6-8e7152bfae48/81905b1b-c4c4-4345-aaf6-8e7152bfae48-1.jpg,1,2026-04-22 17:09:02.259253+00
c29b4a7d-5f47-48f2-ab09-499e615818e7,7eb6611f-b17c-4e0e-87f4-b507cde9a9e2,https://awrznjnofgmlqjiayhoi.supabase.co/storage/v1/object/public/yacht-images/new-yachts/7eb6611f-b17c-4e0e-87f4-b507cde9a9e2/7eb6611f-b17c-4e0e-87f4-b507cde9a9e2-4.webp,new-yachts/7eb6611f-b17c-4e0e-87f4-b507cde9a9e2/7eb6611f-b17c-4e0e-87f4-b507cde9a9e2-4.webp,4,2026-03-26 21:05:02.207161+00
c2a4cc14-dd6a-4e1a-9517-4c19b0b5ff44,a8d19c2b-a5f4-4fd2-ae34-4b4128a138e3,https://awrznjnofgmlqjiayhoi.supabase.co/storage/v1/object/public/yacht-images/new-yachts/a8d19c2b-a5f4-4fd2-ae34-4b4128a138e3/a8d19c2b-a5f4-4fd2-ae34-4b4128a138e3-5.jpg,new-yachts/a8d19c2b-a5f4-4fd2-ae34-4b4128a138e3/a8d19c2b-a5f4-4fd2-ae34-4b4128a138e3-5.jpg,5,2026-04-22 17:31:34.436911+00
c2b268ba-d6b0-49a8-9435-730751bfd1dc,918b12a4-fcbf-46eb-8a39-6a1cc0bf196f,https://awrznjnofgmlqjiayhoi.supabase.co/storage/v1/object/public/yacht-images/new-yachts/918b12a4-fcbf-46eb-8a39-6a1cc0bf196f/918b12a4-fcbf-46eb-8a39-6a1cc0bf196f-2.jpg,new-yachts/918b12a4-fcbf-46eb-8a39-6a1cc0bf196f/918b12a4-fcbf-46eb-8a39-6a1cc0bf196f-2.jpg,2,2026-04-22 18:21:37.877899+00
c2ebeca5-2b4f-4369-b571-b9e4b9419310,15b49175-2c23-45b4-ae75-868c180ffcb1,https://awrznjnofgmlqjiayhoi.supabase.co/storage/v1/object/public/yacht-images/new-yachts/15b49175-2c23-45b4-ae75-868c180ffcb1/15b49175-2c23-45b4-ae75-868c180ffcb1-10.jpg,new-yachts/15b49175-2c23-45b4-ae75-868c180ffcb1/15b49175-2c23-45b4-ae75-868c180ffcb1-10.jpg,10,2026-04-08 12:51:02.828711+00
c301dc72-e41f-419b-90fc-bb36dd44e9e7,f5d60854-b6fa-4fc1-b3f2-8e6adb8a393e,https://awrznjnofgmlqjiayhoi.supabase.co/storage/v1/object/public/yacht-images/new-yachts/f5d60854-b6fa-4fc1-b3f2-8e6adb8a393e/f5d60854-b6fa-4fc1-b3f2-8e6adb8a393e-2.jpg,new-yachts/f5d60854-b6fa-4fc1-b3f2-8e6adb8a393e/f5d60854-b6fa-4fc1-b3f2-8e6adb8a393e-2.jpg,2,2026-04-22 18:50:21.772696+00
c3042035-80e7-47f4-b380-9cd41cd2a231,d0282847-d186-4083-920d-8b329d9ebfce,https://awrznjnofgmlqjiayhoi.supabase.co/storage/v1/object/public/yacht-images/new-yachts/d0282847-d186-4083-920d-8b329d9ebfce/d0282847-d186-4083-920d-8b329d9ebfce-2.jpg,new-yachts/d0282847-d186-4083-920d-8b329d9ebfce/d0282847-d186-4083-920d-8b329d9ebfce-2.jpg,2,2026-04-24 00:51:48.133572+00
c359971d-49ff-4a82-bad4-30b17319a05c,c26bce67-f8bb-42b4-849a-aa60780a660f,https://awrznjnofgmlqjiayhoi.supabase.co/storage/v1/object/public/yacht-images/new-yachts/c26bce67-f8bb-42b4-849a-aa60780a660f/c26bce67-f8bb-42b4-849a-aa60780a660f-5.jpg,new-yachts/c26bce67-f8bb-42b4-849a-aa60780a660f/c26bce67-f8bb-42b4-849a-aa60780a660f-5.jpg,5,2026-04-24 21:28:03.699318+00
c36706e7-33f6-42c7-9940-7db7aa03b354,39b52f16-b578-4028-8bae-27a9af3df2ae,https://awrznjnofgmlqjiayhoi.supabase.co/storage/v1/object/public/yacht-images/new-yachts/39b52f16-b578-4028-8bae-27a9af3df2ae/39b52f16-b578-4028-8bae-27a9af3df2ae-9.jpg,new-yachts/39b52f16-b578-4028-8bae-27a9af3df2ae/39b52f16-b578-4028-8bae-27a9af3df2ae-9.jpg,9,2026-04-22 17:18:08.401568+00
c39e2339-c6b0-49ab-b13a-5021c86958fa,3b566a87-1f34-4f83-8f51-8fc988f9d292,https://awrznjnofgmlqjiayhoi.supabase.co/storage/v1/object/public/yacht-images/new-yachts/3b566a87-1f34-4f83-8f51-8fc988f9d292/3b566a87-1f34-4f83-8f51-8fc988f9d292-7.jpg,new-yachts/3b566a87-1f34-4f83-8f51-8fc988f9d292/3b566a87-1f34-4f83-8f51-8fc988f9d292-7.jpg,7,2026-04-23 09:09:34.230053+00
c3bf00c4-bab5-431a-abd9-91fad42b0550,ab0c1dd1-5ed6-41ab-a24d-1c7176b1487b,https://awrznjnofgmlqjiayhoi.supabase.co/storage/v1/object/public/yacht-images/new-yachts/ab0c1dd1-5ed6-41ab-a24d-1c7176b1487b/ab0c1dd1-5ed6-41ab-a24d-1c7176b1487b-11.jpg,new-yachts/ab0c1dd1-5ed6-41ab-a24d-1c7176b1487b/ab0c1dd1-5ed6-41ab-a24d-1c7176b1487b-11.jpg,11,2026-04-22 18:38:01.51236+00
c3c3e8eb-b890-40ca-b8a8-dad784833b9d,da0ad5a8-ee07-4109-af08-278720a594b8,https://awrznjnofgmlqjiayhoi.supabase.co/storage/v1/object/public/yacht-images/new-yachts/da0ad5a8-ee07-4109-af08-278720a594b8/da0ad5a8-ee07-4109-af08-278720a594b8-4.webp,new-yachts/da0ad5a8-ee07-4109-af08-278720a594b8/da0ad5a8-ee07-4109-af08-278720a594b8-4.webp,5,2026-03-26 19:06:28.398791+00
c3e0f163-6f60-4351-861b-f57fe16e7c6c,68193184-66ee-493e-b2f7-72ff5c829416,https://awrznjnofgmlqjiayhoi.supabase.co/storage/v1/object/public/yacht-images/new-yachts/68193184-66ee-493e-b2f7-72ff5c829416/68193184-66ee-493e-b2f7-72ff5c829416-6.jpg,new-yachts/68193184-66ee-493e-b2f7-72ff5c829416/68193184-66ee-493e-b2f7-72ff5c829416-6.jpg,6,2026-04-24 00:34:22.239137+00
c3e93f6a-16a7-43b9-b3d2-0342957481e6,5a7af5a2-016c-456b-9d50-b538f4929c78,https://awrznjnofgmlqjiayhoi.supabase.co/storage/v1/object/public/yacht-images/new-yachts/5a7af5a2-016c-456b-9d50-b538f4929c78/5a7af5a2-016c-456b-9d50-b538f4929c78-5.jpg,new-yachts/5a7af5a2-016c-456b-9d50-b538f4929c78/5a7af5a2-016c-456b-9d50-b538f4929c78-5.jpg,5,2026-04-23 09:19:18.644315+00
c3f7fb21-2567-49d7-9525-a1ea4333b13a,1c9c5021-243c-4924-8493-30151cb88f63,https://awrznjnofgmlqjiayhoi.supabase.co/storage/v1/object/public/yacht-images/new-yachts/1c9c5021-243c-4924-8493-30151cb88f63/1c9c5021-243c-4924-8493-30151cb88f63-5.jpg,new-yachts/1c9c5021-243c-4924-8493-30151cb88f63/1c9c5021-243c-4924-8493-30151cb88f63-5.jpg,5,2026-04-22 18:05:16.323211+00
c3fc059c-0c61-4cb6-a840-893a30e88678,b5ecfff6-e293-4da0-a1b3-1ddb07e30a64,https://awrznjnofgmlqjiayhoi.supabase.co/storage/v1/object/public/yacht-images/new-yachts/b5ecfff6-e293-4da0-a1b3-1ddb07e30a64/b5ecfff6-e293-4da0-a1b3-1ddb07e30a64-update-1774642812994-2.webp,new-yachts/b5ecfff6-e293-4da0-a1b3-1ddb07e30a64/b5ecfff6-e293-4da0-a1b3-1ddb07e30a64-update-1774642812994-2.webp,2,2026-03-27 20:20:13.664075+00
c407dc3b-0cfc-4a9d-97ca-483916c9fb56,d43803e9-b003-4476-8e95-055499dd2f2f,https://awrznjnofgmlqjiayhoi.supabase.co/storage/v1/object/public/yacht-images/new-yachts/d43803e9-b003-4476-8e95-055499dd2f2f/d43803e9-b003-4476-8e95-055499dd2f2f-4.jpg,new-yachts/d43803e9-b003-4476-8e95-055499dd2f2f/d43803e9-b003-4476-8e95-055499dd2f2f-4.jpg,4,2026-04-22 18:08:53.504603+00
c417c209-6797-445d-8297-6e3f13ea7860,c062ace5-658e-4daa-a8b1-8591a5768de3,https://awrznjnofgmlqjiayhoi.supabase.co/storage/v1/object/public/yacht-images/new-yachts/c062ace5-658e-4daa-a8b1-8591a5768de3/c062ace5-658e-4daa-a8b1-8591a5768de3-10.jpg,new-yachts/c062ace5-658e-4daa-a8b1-8591a5768de3/c062ace5-658e-4daa-a8b1-8591a5768de3-10.jpg,10,2026-04-22 18:02:19.944184+00
c42825d3-e008-474f-90c2-4193be159456,ba50d6c9-16f8-4617-ae3b-e2e962467098,https://awrznjnofgmlqjiayhoi.supabase.co/storage/v1/object/public/yacht-images/new-yachts/ba50d6c9-16f8-4617-ae3b-e2e962467098/ba50d6c9-16f8-4617-ae3b-e2e962467098-1.jpg,new-yachts/ba50d6c9-16f8-4617-ae3b-e2e962467098/ba50d6c9-16f8-4617-ae3b-e2e962467098-1.jpg,1,2026-04-23 12:58:47.470976+00
c454cdf9-2e86-4983-8335-7643604ba34c,63ad6431-db18-41ce-b5fe-09ecb9205943,https://awrznjnofgmlqjiayhoi.supabase.co/storage/v1/object/public/yacht-images/new-yachts/63ad6431-db18-41ce-b5fe-09ecb9205943/63ad6431-db18-41ce-b5fe-09ecb9205943-9.jpg,new-yachts/63ad6431-db18-41ce-b5fe-09ecb9205943/63ad6431-db18-41ce-b5fe-09ecb9205943-9.jpg,9,2026-04-23 13:47:24.354174+00
c45cbb87-068b-4677-8bed-3a5c6899bf36,de914d22-4453-4f81-b61d-5d505a49d311,https://awrznjnofgmlqjiayhoi.supabase.co/storage/v1/object/public/yacht-images/new-yachts/de914d22-4453-4f81-b61d-5d505a49d311/de914d22-4453-4f81-b61d-5d505a49d311-3.webp,new-yachts/de914d22-4453-4f81-b61d-5d505a49d311/de914d22-4453-4f81-b61d-5d505a49d311-3.webp,3,2026-03-27 20:26:25.299898+00
c46bb8f8-5688-44a8-ba99-7b62d814e389,df67c4de-872b-425c-8adc-b85469ae16dd,https://awrznjnofgmlqjiayhoi.supabase.co/storage/v1/object/public/yacht-images/new-yachts/df67c4de-872b-425c-8adc-b85469ae16dd/df67c4de-872b-425c-8adc-b85469ae16dd-8.jpg,new-yachts/df67c4de-872b-425c-8adc-b85469ae16dd/df67c4de-872b-425c-8adc-b85469ae16dd-8.jpg,8,2026-04-24 21:59:21.154231+00
c48cb666-77f2-4e3b-bd8b-3fff65ea1e6b,000dcfdc-eec1-4fd8-90e3-fe9a6e37721b,https://awrznjnofgmlqjiayhoi.supabase.co/storage/v1/object/public/yacht-images/new-yachts/000dcfdc-eec1-4fd8-90e3-fe9a6e37721b/000dcfdc-eec1-4fd8-90e3-fe9a6e37721b-4.webp,new-yachts/000dcfdc-eec1-4fd8-90e3-fe9a6e37721b/000dcfdc-eec1-4fd8-90e3-fe9a6e37721b-4.webp,4,2026-03-26 21:48:01.101803+00
c4a480ce-a42c-4eec-80b0-b910c0d87e99,5ce670e1-2f6e-4855-ab51-e64f92813135,https://awrznjnofgmlqjiayhoi.supabase.co/storage/v1/object/public/yacht-images/new-yachts/5ce670e1-2f6e-4855-ab51-e64f92813135/5ce670e1-2f6e-4855-ab51-e64f92813135-4.jpg,new-yachts/5ce670e1-2f6e-4855-ab51-e64f92813135/5ce670e1-2f6e-4855-ab51-e64f92813135-4.jpg,4,2026-04-24 00:53:05.211798+00
c4b9c0bb-c242-4f40-9068-77adf12f80f5,a8d19c2b-a5f4-4fd2-ae34-4b4128a138e3,https://awrznjnofgmlqjiayhoi.supabase.co/storage/v1/object/public/yacht-images/new-yachts/a8d19c2b-a5f4-4fd2-ae34-4b4128a138e3/a8d19c2b-a5f4-4fd2-ae34-4b4128a138e3-1.jpg,new-yachts/a8d19c2b-a5f4-4fd2-ae34-4b4128a138e3/a8d19c2b-a5f4-4fd2-ae34-4b4128a138e3-1.jpg,1,2026-04-22 17:31:31.347754+00
c4ff5766-fc5b-404a-b08e-5b5f86721d0c,eb4c00ef-9609-4812-b38a-eb3742333511,https://awrznjnofgmlqjiayhoi.supabase.co/storage/v1/object/public/yacht-images/new-yachts/eb4c00ef-9609-4812-b38a-eb3742333511/eb4c00ef-9609-4812-b38a-eb3742333511-1.jpg,new-yachts/eb4c00ef-9609-4812-b38a-eb3742333511/eb4c00ef-9609-4812-b38a-eb3742333511-1.jpg,1,2026-04-22 17:03:19.888725+00
c51ae23b-674d-4a7b-b5fd-4bcfc6cc6c9a,d3b00e8b-5743-46d3-9660-80b6783e38ad,https://awrznjnofgmlqjiayhoi.supabase.co/storage/v1/object/public/yacht-images/new-yachts/d3b00e8b-5743-46d3-9660-80b6783e38ad/d3b00e8b-5743-46d3-9660-80b6783e38ad-6.jpg,new-yachts/d3b00e8b-5743-46d3-9660-80b6783e38ad/d3b00e8b-5743-46d3-9660-80b6783e38ad-6.jpg,6,2026-04-23 23:40:19.355035+00
c5295036-98ee-4f7c-a571-c92e050610e1,8e5f6ed1-f9a8-43a4-b959-76c71e39942e,https://awrznjnofgmlqjiayhoi.supabase.co/storage/v1/object/public/yacht-images/new-yachts/8e5f6ed1-f9a8-43a4-b959-76c71e39942e/8e5f6ed1-f9a8-43a4-b959-76c71e39942e-4.jpg,new-yachts/8e5f6ed1-f9a8-43a4-b959-76c71e39942e/8e5f6ed1-f9a8-43a4-b959-76c71e39942e-4.jpg,4,2026-04-22 16:28:44.838418+00
c53fb35e-45ad-4487-9285-aae3a8acf246,9e400cb1-773d-4639-9b83-cb70cecf164c,https://awrznjnofgmlqjiayhoi.supabase.co/storage/v1/object/public/yacht-images/new-yachts/9e400cb1-773d-4639-9b83-cb70cecf164c/9e400cb1-773d-4639-9b83-cb70cecf164c-3.jpg,new-yachts/9e400cb1-773d-4639-9b83-cb70cecf164c/9e400cb1-773d-4639-9b83-cb70cecf164c-3.jpg,3,2026-04-24 19:55:57.409808+00
c543c894-1ebf-444d-99f4-111444778d93,2eb81586-9a48-4d27-8380-edf002eb08db,https://awrznjnofgmlqjiayhoi.supabase.co/storage/v1/object/public/yacht-images/new-yachts/2eb81586-9a48-4d27-8380-edf002eb08db/2eb81586-9a48-4d27-8380-edf002eb08db-8.jpg,new-yachts/2eb81586-9a48-4d27-8380-edf002eb08db/2eb81586-9a48-4d27-8380-edf002eb08db-8.jpg,8,2026-04-24 17:57:02.447962+00
c56d84e5-0e76-4fbd-b622-685460aec776,102e63a3-5829-440b-91c7-fbbb909decf6,https://awrznjnofgmlqjiayhoi.supabase.co/storage/v1/object/public/yacht-images/new-yachts/102e63a3-5829-440b-91c7-fbbb909decf6/102e63a3-5829-440b-91c7-fbbb909decf6-5.jpg,new-yachts/102e63a3-5829-440b-91c7-fbbb909decf6/102e63a3-5829-440b-91c7-fbbb909decf6-5.jpg,5,2026-04-22 18:19:23.668633+00
c5992bee-4246-42b4-86ec-91ba77029979,d8ada534-6eb6-4282-b98a-49bf8e72c7df,https://awrznjnofgmlqjiayhoi.supabase.co/storage/v1/object/public/yacht-images/new-yachts/d8ada534-6eb6-4282-b98a-49bf8e72c7df/d8ada534-6eb6-4282-b98a-49bf8e72c7df-8.webp,new-yachts/d8ada534-6eb6-4282-b98a-49bf8e72c7df/d8ada534-6eb6-4282-b98a-49bf8e72c7df-8.webp,8,2026-03-26 19:15:06.241807+00
c59a9897-ee52-413e-9445-573096800a70,01c63518-616e-4da3-85ce-f598fe1975d2,https://awrznjnofgmlqjiayhoi.supabase.co/storage/v1/object/public/yacht-images/new-yachts/01c63518-616e-4da3-85ce-f598fe1975d2/01c63518-616e-4da3-85ce-f598fe1975d2-4.jpg,new-yachts/01c63518-616e-4da3-85ce-f598fe1975d2/01c63518-616e-4da3-85ce-f598fe1975d2-4.jpg,4,2026-04-24 21:26:38.851978+00
c5c67fc0-3828-413c-887a-afe5ceb241eb,3b566a87-1f34-4f83-8f51-8fc988f9d292,https://awrznjnofgmlqjiayhoi.supabase.co/storage/v1/object/public/yacht-images/new-yachts/3b566a87-1f34-4f83-8f51-8fc988f9d292/3b566a87-1f34-4f83-8f51-8fc988f9d292-1.jpg,new-yachts/3b566a87-1f34-4f83-8f51-8fc988f9d292/3b566a87-1f34-4f83-8f51-8fc988f9d292-1.jpg,1,2026-04-23 09:09:30.303615+00
c5d479dc-b178-4c23-bd9b-d881528f5d47,99ef150a-4436-478c-9d40-05c7ebf085b4,https://awrznjnofgmlqjiayhoi.supabase.co/storage/v1/object/public/yacht-images/new-yachts/99ef150a-4436-478c-9d40-05c7ebf085b4/99ef150a-4436-478c-9d40-05c7ebf085b4-4.jpg,new-yachts/99ef150a-4436-478c-9d40-05c7ebf085b4/99ef150a-4436-478c-9d40-05c7ebf085b4-4.jpg,4,2026-04-22 18:27:13.847641+00
c5fb1d23-5a16-4711-bc42-26a8fe23106e,a54bba97-e7af-453a-bfaf-6fa33d98faba,https://awrznjnofgmlqjiayhoi.supabase.co/storage/v1/object/public/yacht-images/new-yachts/a54bba97-e7af-453a-bfaf-6fa33d98faba/a54bba97-e7af-453a-bfaf-6fa33d98faba-2.jpg,new-yachts/a54bba97-e7af-453a-bfaf-6fa33d98faba/a54bba97-e7af-453a-bfaf-6fa33d98faba-2.jpg,2,2026-04-22 18:31:29.782288+00
c6150089-6ca6-4487-a1f4-602edc34c142,0e381fe0-3d2f-401e-a912-3660d72aa7b2,https://awrznjnofgmlqjiayhoi.supabase.co/storage/v1/object/public/yacht-images/new-yachts/0e381fe0-3d2f-401e-a912-3660d72aa7b2/0e381fe0-3d2f-401e-a912-3660d72aa7b2-1.jpg,new-yachts/0e381fe0-3d2f-401e-a912-3660d72aa7b2/0e381fe0-3d2f-401e-a912-3660d72aa7b2-1.jpg,1,2026-04-22 18:11:11.093108+00
c6485aff-e326-43d6-b174-8d5b62c9bb7b,d74ccc10-d2f6-4021-b1c7-1a75d3f1b2b6,https://awrznjnofgmlqjiayhoi.supabase.co/storage/v1/object/public/yacht-images/new-yachts/d74ccc10-d2f6-4021-b1c7-1a75d3f1b2b6/d74ccc10-d2f6-4021-b1c7-1a75d3f1b2b6-5.jpg,new-yachts/d74ccc10-d2f6-4021-b1c7-1a75d3f1b2b6/d74ccc10-d2f6-4021-b1c7-1a75d3f1b2b6-5.jpg,5,2026-04-22 17:01:40.127893+00
c659b4dd-fe38-4a67-bcb8-c8225f83cfda,75597bbd-243f-42fd-a534-fdeca57e3c9c,https://awrznjnofgmlqjiayhoi.supabase.co/storage/v1/object/public/yacht-images/new-yachts/75597bbd-243f-42fd-a534-fdeca57e3c9c/75597bbd-243f-42fd-a534-fdeca57e3c9c-9.jpg,new-yachts/75597bbd-243f-42fd-a534-fdeca57e3c9c/75597bbd-243f-42fd-a534-fdeca57e3c9c-9.jpg,9,2026-04-24 00:18:13.315566+00
c68ada1e-3a80-4ced-9966-1a9467b42a4e,199d0d16-14ce-4883-973e-e82706c8e0ca,https://awrznjnofgmlqjiayhoi.supabase.co/storage/v1/object/public/yacht-images/new-yachts/199d0d16-14ce-4883-973e-e82706c8e0ca/199d0d16-14ce-4883-973e-e82706c8e0ca-10.jpg,new-yachts/199d0d16-14ce-4883-973e-e82706c8e0ca/199d0d16-14ce-4883-973e-e82706c8e0ca-10.jpg,10,2026-04-24 00:11:47.227297+00
c7122978-b476-4b6b-95d0-1d9271c529da,d7a436a7-e4ac-4cc0-8f1c-52374949f9ec,https://awrznjnofgmlqjiayhoi.supabase.co/storage/v1/object/public/yacht-images/new-yachts/d7a436a7-e4ac-4cc0-8f1c-52374949f9ec/d7a436a7-e4ac-4cc0-8f1c-52374949f9ec-2.webp,new-yachts/d7a436a7-e4ac-4cc0-8f1c-52374949f9ec/d7a436a7-e4ac-4cc0-8f1c-52374949f9ec-2.webp,2,2026-03-27 20:29:31.069701+00
c71e2d30-5580-485a-87e6-32afada03020,6b302f73-4059-469d-98ee-cd0dbbaa3b4a,https://awrznjnofgmlqjiayhoi.supabase.co/storage/v1/object/public/yacht-images/new-yachts/6b302f73-4059-469d-98ee-cd0dbbaa3b4a/6b302f73-4059-469d-98ee-cd0dbbaa3b4a-2.jpg,new-yachts/6b302f73-4059-469d-98ee-cd0dbbaa3b4a/6b302f73-4059-469d-98ee-cd0dbbaa3b4a-2.jpg,2,2026-04-23 08:21:19.7122+00
c78c209a-c9d3-4f8b-b82d-9a8690ec73c0,5a7af5a2-016c-456b-9d50-b538f4929c78,https://awrznjnofgmlqjiayhoi.supabase.co/storage/v1/object/public/yacht-images/new-yachts/5a7af5a2-016c-456b-9d50-b538f4929c78/5a7af5a2-016c-456b-9d50-b538f4929c78-4.jpg,new-yachts/5a7af5a2-016c-456b-9d50-b538f4929c78/5a7af5a2-016c-456b-9d50-b538f4929c78-4.jpg,4,2026-04-23 09:19:17.925009+00
c7e35498-e356-421b-8020-a051b0438ee4,42444d77-7aaa-4f43-a408-c57aedf79d13,https://awrznjnofgmlqjiayhoi.supabase.co/storage/v1/object/public/yacht-images/new-yachts/42444d77-7aaa-4f43-a408-c57aedf79d13/42444d77-7aaa-4f43-a408-c57aedf79d13-11.jpg,new-yachts/42444d77-7aaa-4f43-a408-c57aedf79d13/42444d77-7aaa-4f43-a408-c57aedf79d13-11.jpg,11,2026-04-23 19:09:21.743635+00
c837369d-c9bc-4a26-88ed-65f8758ba01e,3be4e810-053d-4854-b2ae-708b86082bac,https://awrznjnofgmlqjiayhoi.supabase.co/storage/v1/object/public/yacht-images/new-yachts/3be4e810-053d-4854-b2ae-708b86082bac/3be4e810-053d-4854-b2ae-708b86082bac-11.jpg,new-yachts/3be4e810-053d-4854-b2ae-708b86082bac/3be4e810-053d-4854-b2ae-708b86082bac-11.jpg,11,2026-04-24 00:26:55.129174+00
c8484a40-8172-4d79-838b-b2cdf26ee7bd,09b2328a-b514-4c89-abe8-41c332218a64,https://awrznjnofgmlqjiayhoi.supabase.co/storage/v1/object/public/yacht-images/new-yachts/09b2328a-b514-4c89-abe8-41c332218a64/09b2328a-b514-4c89-abe8-41c332218a64-7.jpg,new-yachts/09b2328a-b514-4c89-abe8-41c332218a64/09b2328a-b514-4c89-abe8-41c332218a64-7.jpg,7,2026-04-22 18:29:31.69207+00
c86b5f02-4cfe-4f74-a26e-b941d6f9b80f,f5d60854-b6fa-4fc1-b3f2-8e6adb8a393e,https://awrznjnofgmlqjiayhoi.supabase.co/storage/v1/object/public/yacht-images/new-yachts/f5d60854-b6fa-4fc1-b3f2-8e6adb8a393e/f5d60854-b6fa-4fc1-b3f2-8e6adb8a393e-6.jpg,new-yachts/f5d60854-b6fa-4fc1-b3f2-8e6adb8a393e/f5d60854-b6fa-4fc1-b3f2-8e6adb8a393e-6.jpg,6,2026-04-22 18:50:24.915131+00
c8741973-52ad-4d5c-8812-8629180f1e3f,044f0cd0-401b-4f8f-b83f-727774222f6e,https://awrznjnofgmlqjiayhoi.supabase.co/storage/v1/object/public/yacht-images/new-yachts/044f0cd0-401b-4f8f-b83f-727774222f6e/044f0cd0-401b-4f8f-b83f-727774222f6e-5.jpg,new-yachts/044f0cd0-401b-4f8f-b83f-727774222f6e/044f0cd0-401b-4f8f-b83f-727774222f6e-5.jpg,5,2026-04-23 09:20:30.22621+00
c890170f-2fd8-452f-b36a-e63745bde3d2,cadd3216-79f0-42b7-9c76-190f169be432,https://awrznjnofgmlqjiayhoi.supabase.co/storage/v1/object/public/yacht-images/new-yachts/cadd3216-79f0-42b7-9c76-190f169be432/cadd3216-79f0-42b7-9c76-190f169be432-9.jpg,new-yachts/cadd3216-79f0-42b7-9c76-190f169be432/cadd3216-79f0-42b7-9c76-190f169be432-9.jpg,9,2026-04-22 15:07:12.025021+00
c8b74b1f-e909-463a-af56-08c3efa255a1,b2cf654e-3d47-4d8a-893e-cccecaa359ac,https://awrznjnofgmlqjiayhoi.supabase.co/storage/v1/object/public/yacht-images/new-yachts/b2cf654e-3d47-4d8a-893e-cccecaa359ac/b2cf654e-3d47-4d8a-893e-cccecaa359ac-8.jpg,new-yachts/b2cf654e-3d47-4d8a-893e-cccecaa359ac/b2cf654e-3d47-4d8a-893e-cccecaa359ac-8.jpg,8,2026-04-22 18:10:17.373783+00
c8d2ab0c-9b80-48dd-96d2-9ba98a452426,036b38ca-3c40-46d2-a5eb-0f44fd933ae7,https://awrznjnofgmlqjiayhoi.supabase.co/storage/v1/object/public/yacht-images/new-yachts/036b38ca-3c40-46d2-a5eb-0f44fd933ae7/036b38ca-3c40-46d2-a5eb-0f44fd933ae7-2.jpg,new-yachts/036b38ca-3c40-46d2-a5eb-0f44fd933ae7/036b38ca-3c40-46d2-a5eb-0f44fd933ae7-2.jpg,2,2026-04-23 12:55:22.935297+00
c8d89af6-b34f-4b8a-be34-38e1e233bbe3,5491dfd2-b60d-460f-a1c5-d20b54a68599,https://awrznjnofgmlqjiayhoi.supabase.co/storage/v1/object/public/yacht-images/new-yachts/5491dfd2-b60d-460f-a1c5-d20b54a68599/5491dfd2-b60d-460f-a1c5-d20b54a68599-4.jpg,new-yachts/5491dfd2-b60d-460f-a1c5-d20b54a68599/5491dfd2-b60d-460f-a1c5-d20b54a68599-4.jpg,4,2026-04-22 17:33:38.731477+00
c8ebe38d-5cf0-4d2a-a5cb-0dfb7ace3064,8e78c2bb-81da-4ae6-b09a-264a4e7f76ad,https://awrznjnofgmlqjiayhoi.supabase.co/storage/v1/object/public/yacht-images/new-yachts/8e78c2bb-81da-4ae6-b09a-264a4e7f76ad/8e78c2bb-81da-4ae6-b09a-264a4e7f76ad-11.jpg,new-yachts/8e78c2bb-81da-4ae6-b09a-264a4e7f76ad/8e78c2bb-81da-4ae6-b09a-264a4e7f76ad-11.jpg,11,2026-04-23 08:30:47.85418+00
c90250c3-7040-41eb-9a79-0604b07c0e7f,62d68832-feb4-47c4-abf4-5ed5ac0ab054,https://awrznjnofgmlqjiayhoi.supabase.co/storage/v1/object/public/yacht-images/new-yachts/62d68832-feb4-47c4-abf4-5ed5ac0ab054/62d68832-feb4-47c4-abf4-5ed5ac0ab054-5.jpg,new-yachts/62d68832-feb4-47c4-abf4-5ed5ac0ab054/62d68832-feb4-47c4-abf4-5ed5ac0ab054-5.jpg,5,2026-04-22 18:16:32.546978+00
c906711f-b054-4a21-b971-956d6d829b62,6b302f73-4059-469d-98ee-cd0dbbaa3b4a,https://awrznjnofgmlqjiayhoi.supabase.co/storage/v1/object/public/yacht-images/new-yachts/6b302f73-4059-469d-98ee-cd0dbbaa3b4a/6b302f73-4059-469d-98ee-cd0dbbaa3b4a-5.jpg,new-yachts/6b302f73-4059-469d-98ee-cd0dbbaa3b4a/6b302f73-4059-469d-98ee-cd0dbbaa3b4a-5.jpg,5,2026-04-23 08:21:22.848481+00
c9239de5-1b91-4e93-8405-0aacfd6f8345,5571b971-bc7b-4c6f-ba4e-1b2beef70fe0,https://awrznjnofgmlqjiayhoi.supabase.co/storage/v1/object/public/yacht-images/new-yachts/5571b971-bc7b-4c6f-ba4e-1b2beef70fe0/5571b971-bc7b-4c6f-ba4e-1b2beef70fe0-3.jpg,new-yachts/5571b971-bc7b-4c6f-ba4e-1b2beef70fe0/5571b971-bc7b-4c6f-ba4e-1b2beef70fe0-3.jpg,3,2026-04-23 10:17:00.275689+00
c92ac2a4-21b1-40bb-91f5-177f278c0e5f,40ad641d-8678-4762-ae92-ed4a9b0cb3b9,https://awrznjnofgmlqjiayhoi.supabase.co/storage/v1/object/public/yacht-images/new-yachts/40ad641d-8678-4762-ae92-ed4a9b0cb3b9/40ad641d-8678-4762-ae92-ed4a9b0cb3b9-6.jpg,new-yachts/40ad641d-8678-4762-ae92-ed4a9b0cb3b9/40ad641d-8678-4762-ae92-ed4a9b0cb3b9-6.jpg,6,2026-04-23 09:17:37.883169+00
c93b56ed-7706-45a0-8b09-ccac2e55cd38,b71e779a-40eb-4110-b871-8d24a227e42f,https://awrznjnofgmlqjiayhoi.supabase.co/storage/v1/object/public/yacht-images/new-yachts/b71e779a-40eb-4110-b871-8d24a227e42f/b71e779a-40eb-4110-b871-8d24a227e42f-6.jpg,new-yachts/b71e779a-40eb-4110-b871-8d24a227e42f/b71e779a-40eb-4110-b871-8d24a227e42f-6.jpg,6,2026-04-24 18:50:24.746651+00
c93c76cb-a1eb-47b8-aedf-7ee9042cf908,a69a9812-58a7-4d71-a440-bc590bafee7e,https://awrznjnofgmlqjiayhoi.supabase.co/storage/v1/object/public/yacht-images/new-yachts/a69a9812-58a7-4d71-a440-bc590bafee7e/a69a9812-58a7-4d71-a440-bc590bafee7e-update-1773336578010-1.webp,new-yachts/a69a9812-58a7-4d71-a440-bc590bafee7e/a69a9812-58a7-4d71-a440-bc590bafee7e-update-1773336578010-1.webp,2,2026-03-12 17:29:38.393888+00
c957d1bf-5814-4538-bb90-3e57f61465a3,31a517e0-a08d-4a26-ac29-7d15135d7cb3,https://awrznjnofgmlqjiayhoi.supabase.co/storage/v1/object/public/yacht-images/new-yachts/31a517e0-a08d-4a26-ac29-7d15135d7cb3/31a517e0-a08d-4a26-ac29-7d15135d7cb3-4.webp,new-yachts/31a517e0-a08d-4a26-ac29-7d15135d7cb3/31a517e0-a08d-4a26-ac29-7d15135d7cb3-4.webp,4,2026-03-26 22:03:29.558971+00
c9626f2e-e9fb-4bea-a45a-731126191e39,6b05344c-d84a-40d5-b8a8-c8d00eccfb7d,https://awrznjnofgmlqjiayhoi.supabase.co/storage/v1/object/public/yacht-images/new-yachts/6b05344c-d84a-40d5-b8a8-c8d00eccfb7d/6b05344c-d84a-40d5-b8a8-c8d00eccfb7d-8.jpg,new-yachts/6b05344c-d84a-40d5-b8a8-c8d00eccfb7d/6b05344c-d84a-40d5-b8a8-c8d00eccfb7d-8.jpg,8,2026-04-22 17:22:25.503562+00
c96eccd3-7855-4542-8cc0-c0527c9d2af7,80158340-3d11-4af8-948d-23fa3fd26828,https://awrznjnofgmlqjiayhoi.supabase.co/storage/v1/object/public/yacht-images/new-yachts/80158340-3d11-4af8-948d-23fa3fd26828/80158340-3d11-4af8-948d-23fa3fd26828-1.jpg,new-yachts/80158340-3d11-4af8-948d-23fa3fd26828/80158340-3d11-4af8-948d-23fa3fd26828-1.jpg,1,2026-03-26 21:38:34.667459+00
c9cfc4c9-ca86-4dbb-8617-3c5e98c4ea8b,6d1a9522-b4b9-4c89-8023-eb1a453d89d8,https://awrznjnofgmlqjiayhoi.supabase.co/storage/v1/object/public/yacht-images/new-yachts/6d1a9522-b4b9-4c89-8023-eb1a453d89d8/6d1a9522-b4b9-4c89-8023-eb1a453d89d8-2.jpg,new-yachts/6d1a9522-b4b9-4c89-8023-eb1a453d89d8/6d1a9522-b4b9-4c89-8023-eb1a453d89d8-2.jpg,2,2026-04-23 08:53:33.829129+00
ca001b08-559a-4f5b-a07b-6bb014f81fc9,15b49175-2c23-45b4-ae75-868c180ffcb1,https://awrznjnofgmlqjiayhoi.supabase.co/storage/v1/object/public/yacht-images/new-yachts/15b49175-2c23-45b4-ae75-868c180ffcb1/15b49175-2c23-45b4-ae75-868c180ffcb1-11.jpg,new-yachts/15b49175-2c23-45b4-ae75-868c180ffcb1/15b49175-2c23-45b4-ae75-868c180ffcb1-11.jpg,11,2026-04-08 12:51:03.336446+00
ca09b2d4-8afd-46a7-868c-425a04560d3b,942682e5-0ff5-4cab-af32-707ca61c402c,https://awrznjnofgmlqjiayhoi.supabase.co/storage/v1/object/public/yacht-images/new-yachts/942682e5-0ff5-4cab-af32-707ca61c402c/942682e5-0ff5-4cab-af32-707ca61c402c-3.jpg,new-yachts/942682e5-0ff5-4cab-af32-707ca61c402c/942682e5-0ff5-4cab-af32-707ca61c402c-3.jpg,3,2026-04-08 10:24:54.535215+00
ca51bfa5-7c70-4dc7-bf41-bfbe9dee1d82,1c5f2552-f6fb-43a0-b2d1-c841eae6e044,https://awrznjnofgmlqjiayhoi.supabase.co/storage/v1/object/public/yacht-images/new-yachts/1c5f2552-f6fb-43a0-b2d1-c841eae6e044/1c5f2552-f6fb-43a0-b2d1-c841eae6e044-4.jpg,new-yachts/1c5f2552-f6fb-43a0-b2d1-c841eae6e044/1c5f2552-f6fb-43a0-b2d1-c841eae6e044-4.jpg,4,2026-04-24 00:43:18.322162+00
ca5acfbb-41f3-4159-b24a-697c75f04451,9ec06a62-12e4-4bb0-9fe9-56bced3c8bc2,https://awrznjnofgmlqjiayhoi.supabase.co/storage/v1/object/public/yacht-images/new-yachts/9ec06a62-12e4-4bb0-9fe9-56bced3c8bc2/9ec06a62-12e4-4bb0-9fe9-56bced3c8bc2-7.jpg,new-yachts/9ec06a62-12e4-4bb0-9fe9-56bced3c8bc2/9ec06a62-12e4-4bb0-9fe9-56bced3c8bc2-7.jpg,7,2026-04-24 22:46:58.584315+00
ca61bdae-9565-4aa5-9946-51d2cb2caaea,9bf75611-5d76-4f52-96a2-cb8dee0efffd,https://awrznjnofgmlqjiayhoi.supabase.co/storage/v1/object/public/yacht-images/new-yachts/9bf75611-5d76-4f52-96a2-cb8dee0efffd/9bf75611-5d76-4f52-96a2-cb8dee0efffd-1.webp,new-yachts/9bf75611-5d76-4f52-96a2-cb8dee0efffd/9bf75611-5d76-4f52-96a2-cb8dee0efffd-1.webp,1,2026-03-12 20:48:22.657054+00
ca6fe7c2-4a4c-4b06-8634-7fe35b7c8c1c,8f11f960-eb3e-464e-a6be-48f557e1d211,https://awrznjnofgmlqjiayhoi.supabase.co/storage/v1/object/public/yacht-images/new-yachts/8f11f960-eb3e-464e-a6be-48f557e1d211/8f11f960-eb3e-464e-a6be-48f557e1d211-4.jpg,new-yachts/8f11f960-eb3e-464e-a6be-48f557e1d211/8f11f960-eb3e-464e-a6be-48f557e1d211-4.jpg,4,2026-04-22 18:44:51.61053+00
ca843e32-4ec5-49c1-8e02-764ffb0f74df,d49fd6fe-849a-4007-937a-516892a4cdb9,https://awrznjnofgmlqjiayhoi.supabase.co/storage/v1/object/public/yacht-images/new-yachts/d49fd6fe-849a-4007-937a-516892a4cdb9/d49fd6fe-849a-4007-937a-516892a4cdb9-3.jpg,new-yachts/d49fd6fe-849a-4007-937a-516892a4cdb9/d49fd6fe-849a-4007-937a-516892a4cdb9-3.jpg,3,2026-04-23 08:33:17.309149+00
ca8e73ef-00ea-4a42-b4de-c975df5b4244,15b49175-2c23-45b4-ae75-868c180ffcb1,https://awrznjnofgmlqjiayhoi.supabase.co/storage/v1/object/public/yacht-images/new-yachts/15b49175-2c23-45b4-ae75-868c180ffcb1/15b49175-2c23-45b4-ae75-868c180ffcb1-9.jpg,new-yachts/15b49175-2c23-45b4-ae75-868c180ffcb1/15b49175-2c23-45b4-ae75-868c180ffcb1-9.jpg,9,2026-04-08 12:51:02.072933+00
ca8e7e01-dac4-4d4b-b1f3-4031792711bf,8f6ead2d-9e5a-4952-89a3-fa782ef6db82,https://awrznjnofgmlqjiayhoi.supabase.co/storage/v1/object/public/yacht-images/new-yachts/8f6ead2d-9e5a-4952-89a3-fa782ef6db82/8f6ead2d-9e5a-4952-89a3-fa782ef6db82-3.jpg,new-yachts/8f6ead2d-9e5a-4952-89a3-fa782ef6db82/8f6ead2d-9e5a-4952-89a3-fa782ef6db82-3.jpg,3,2026-04-22 15:19:54.528099+00
caa46c59-e2be-4131-a955-90754a6f1d94,5ce670e1-2f6e-4855-ab51-e64f92813135,https://awrznjnofgmlqjiayhoi.supabase.co/storage/v1/object/public/yacht-images/new-yachts/5ce670e1-2f6e-4855-ab51-e64f92813135/5ce670e1-2f6e-4855-ab51-e64f92813135-3.jpg,new-yachts/5ce670e1-2f6e-4855-ab51-e64f92813135/5ce670e1-2f6e-4855-ab51-e64f92813135-3.jpg,3,2026-04-24 00:53:04.524263+00
cac3e794-17e4-4c7b-b425-c91b11330e4b,7003a6dc-f1a6-4109-a0e2-854d49db77fc,https://awrznjnofgmlqjiayhoi.supabase.co/storage/v1/object/public/yacht-images/new-yachts/7003a6dc-f1a6-4109-a0e2-854d49db77fc/7003a6dc-f1a6-4109-a0e2-854d49db77fc-7.jpg,new-yachts/7003a6dc-f1a6-4109-a0e2-854d49db77fc/7003a6dc-f1a6-4109-a0e2-854d49db77fc-7.jpg,7,2026-04-23 08:56:25.91055+00
cb12591f-4110-4f23-bd43-e782e562eb3c,7003d27f-6b57-46b0-a81b-704b45d99e4b,https://awrznjnofgmlqjiayhoi.supabase.co/storage/v1/object/public/yacht-images/new-yachts/7003d27f-6b57-46b0-a81b-704b45d99e4b/7003d27f-6b57-46b0-a81b-704b45d99e4b-10.jpg,new-yachts/7003d27f-6b57-46b0-a81b-704b45d99e4b/7003d27f-6b57-46b0-a81b-704b45d99e4b-10.jpg,10,2026-04-23 23:58:02.316323+00
cb32b0c1-6f04-490e-924a-9881db312154,9f57ec42-db09-4ed6-b8a0-17af63e10f17,https://awrznjnofgmlqjiayhoi.supabase.co/storage/v1/object/public/yacht-images/new-yachts/9f57ec42-db09-4ed6-b8a0-17af63e10f17/9f57ec42-db09-4ed6-b8a0-17af63e10f17-7.jpg,new-yachts/9f57ec42-db09-4ed6-b8a0-17af63e10f17/9f57ec42-db09-4ed6-b8a0-17af63e10f17-7.jpg,7,2026-04-22 18:48:13.661539+00
cb6e0b9a-130f-4307-83eb-4f2bbd3cb0b2,8e78c2bb-81da-4ae6-b09a-264a4e7f76ad,https://awrznjnofgmlqjiayhoi.supabase.co/storage/v1/object/public/yacht-images/new-yachts/8e78c2bb-81da-4ae6-b09a-264a4e7f76ad/8e78c2bb-81da-4ae6-b09a-264a4e7f76ad-4.jpg,new-yachts/8e78c2bb-81da-4ae6-b09a-264a4e7f76ad/8e78c2bb-81da-4ae6-b09a-264a4e7f76ad-4.jpg,4,2026-04-23 08:30:42.446379+00
cbad9a98-080f-43fd-89b4-6a53c87dcb78,c062ace5-658e-4daa-a8b1-8591a5768de3,https://awrznjnofgmlqjiayhoi.supabase.co/storage/v1/object/public/yacht-images/new-yachts/c062ace5-658e-4daa-a8b1-8591a5768de3/c062ace5-658e-4daa-a8b1-8591a5768de3-9.jpg,new-yachts/c062ace5-658e-4daa-a8b1-8591a5768de3/c062ace5-658e-4daa-a8b1-8591a5768de3-9.jpg,9,2026-04-22 18:02:18.960297+00
cbd0b54a-8c4b-4d9d-9f2f-c4af37173ec5,8d1b8b54-130f-4654-920d-13055151518e,https://awrznjnofgmlqjiayhoi.supabase.co/storage/v1/object/public/yacht-images/new-yachts/8d1b8b54-130f-4654-920d-13055151518e/8d1b8b54-130f-4654-920d-13055151518e-1.png,new-yachts/8d1b8b54-130f-4654-920d-13055151518e/8d1b8b54-130f-4654-920d-13055151518e-1.png,1,2026-02-28 19:46:49.009475+00
cbd767a9-685c-4907-b792-3f1bfdff57c9,482d1927-5b7c-44d1-87a8-1cb33053bf9a,https://awrznjnofgmlqjiayhoi.supabase.co/storage/v1/object/public/yacht-images/new-yachts/482d1927-5b7c-44d1-87a8-1cb33053bf9a/482d1927-5b7c-44d1-87a8-1cb33053bf9a-9.jpg,new-yachts/482d1927-5b7c-44d1-87a8-1cb33053bf9a/482d1927-5b7c-44d1-87a8-1cb33053bf9a-9.jpg,9,2026-04-22 13:31:28.510116+00
cbd9ef78-699f-412e-a528-849901478ab2,bd97e6ce-9abe-4bb5-8ee3-eda9646c6638,https://awrznjnofgmlqjiayhoi.supabase.co/storage/v1/object/public/yacht-images/new-yachts/bd97e6ce-9abe-4bb5-8ee3-eda9646c6638/bd97e6ce-9abe-4bb5-8ee3-eda9646c6638-10.jpg,new-yachts/bd97e6ce-9abe-4bb5-8ee3-eda9646c6638/bd97e6ce-9abe-4bb5-8ee3-eda9646c6638-10.jpg,10,2026-04-22 16:27:20.683656+00
cbe5a7a5-55bb-40b5-ac07-2f94c7636fd1,f5d60854-b6fa-4fc1-b3f2-8e6adb8a393e,https://awrznjnofgmlqjiayhoi.supabase.co/storage/v1/object/public/yacht-images/new-yachts/f5d60854-b6fa-4fc1-b3f2-8e6adb8a393e/f5d60854-b6fa-4fc1-b3f2-8e6adb8a393e-11.jpg,new-yachts/f5d60854-b6fa-4fc1-b3f2-8e6adb8a393e/f5d60854-b6fa-4fc1-b3f2-8e6adb8a393e-11.jpg,11,2026-04-22 18:50:29.074469+00
cc162e29-164e-4f28-9c13-cdcdcbf463c9,ef48375a-8612-4743-87f7-8e1b9bacadce,https://awrznjnofgmlqjiayhoi.supabase.co/storage/v1/object/public/yacht-images/new-yachts/ef48375a-8612-4743-87f7-8e1b9bacadce/ef48375a-8612-4743-87f7-8e1b9bacadce-1.jpg,new-yachts/ef48375a-8612-4743-87f7-8e1b9bacadce/ef48375a-8612-4743-87f7-8e1b9bacadce-1.jpg,1,2026-04-22 14:44:50.229443+00
cc163a17-d8f2-405a-aa73-2b9d01277985,f0238dcf-548b-4271-af4f-cb068b72d462,https://awrznjnofgmlqjiayhoi.supabase.co/storage/v1/object/public/yacht-images/new-yachts/f0238dcf-548b-4271-af4f-cb068b72d462/f0238dcf-548b-4271-af4f-cb068b72d462-5.jpg,new-yachts/f0238dcf-548b-4271-af4f-cb068b72d462/f0238dcf-548b-4271-af4f-cb068b72d462-5.jpg,5,2026-04-22 13:24:08.625982+00
cc3d959b-0769-4382-b250-4ae5fe6b281a,44637863-e1b1-4505-9f38-065853e6693c,https://awrznjnofgmlqjiayhoi.supabase.co/storage/v1/object/public/yacht-images/new-yachts/44637863-e1b1-4505-9f38-065853e6693c/44637863-e1b1-4505-9f38-065853e6693c-5.jpg,new-yachts/44637863-e1b1-4505-9f38-065853e6693c/44637863-e1b1-4505-9f38-065853e6693c-5.jpg,5,2026-04-22 15:15:25.595722+00
cc4dc1df-c7ea-42be-a24b-47be7cb1f020,bc6673af-2cbc-45d6-98bd-04b89297bef3,https://awrznjnofgmlqjiayhoi.supabase.co/storage/v1/object/public/yacht-images/new-yachts/bc6673af-2cbc-45d6-98bd-04b89297bef3/bc6673af-2cbc-45d6-98bd-04b89297bef3-1.jpg,new-yachts/bc6673af-2cbc-45d6-98bd-04b89297bef3/bc6673af-2cbc-45d6-98bd-04b89297bef3-1.jpg,1,2026-04-22 14:39:21.670476+00
cc7158c9-641b-414a-b936-ebd17a956b02,a8d19c2b-a5f4-4fd2-ae34-4b4128a138e3,https://awrznjnofgmlqjiayhoi.supabase.co/storage/v1/object/public/yacht-images/new-yachts/a8d19c2b-a5f4-4fd2-ae34-4b4128a138e3/a8d19c2b-a5f4-4fd2-ae34-4b4128a138e3-2.jpg,new-yachts/a8d19c2b-a5f4-4fd2-ae34-4b4128a138e3/a8d19c2b-a5f4-4fd2-ae34-4b4128a138e3-2.jpg,2,2026-04-22 17:31:32.031416+00
cca4182e-5ad2-4782-bf33-6f9bef2f709b,8f11f960-eb3e-464e-a6be-48f557e1d211,https://awrznjnofgmlqjiayhoi.supabase.co/storage/v1/object/public/yacht-images/new-yachts/8f11f960-eb3e-464e-a6be-48f557e1d211/8f11f960-eb3e-464e-a6be-48f557e1d211-10.jpg,new-yachts/8f11f960-eb3e-464e-a6be-48f557e1d211/8f11f960-eb3e-464e-a6be-48f557e1d211-10.jpg,10,2026-04-22 18:44:56.034577+00
ccce5b77-d118-4788-8671-049147f3de19,2574c261-52de-479f-9ccd-2f833f6ba6d6,https://awrznjnofgmlqjiayhoi.supabase.co/storage/v1/object/public/yacht-images/new-yachts/2574c261-52de-479f-9ccd-2f833f6ba6d6/2574c261-52de-479f-9ccd-2f833f6ba6d6-7.jpg,new-yachts/2574c261-52de-479f-9ccd-2f833f6ba6d6/2574c261-52de-479f-9ccd-2f833f6ba6d6-7.jpg,7,2026-04-22 16:26:11.486917+00
cce03306-287a-4792-ba38-0b560c35dce6,d3b00e8b-5743-46d3-9660-80b6783e38ad,https://awrznjnofgmlqjiayhoi.supabase.co/storage/v1/object/public/yacht-images/new-yachts/d3b00e8b-5743-46d3-9660-80b6783e38ad/d3b00e8b-5743-46d3-9660-80b6783e38ad-7.jpg,new-yachts/d3b00e8b-5743-46d3-9660-80b6783e38ad/d3b00e8b-5743-46d3-9660-80b6783e38ad-7.jpg,7,2026-04-23 23:40:19.996031+00
cd18a710-3739-43e4-af2d-a7f5946e4836,bc6673af-2cbc-45d6-98bd-04b89297bef3,https://awrznjnofgmlqjiayhoi.supabase.co/storage/v1/object/public/yacht-images/new-yachts/bc6673af-2cbc-45d6-98bd-04b89297bef3/bc6673af-2cbc-45d6-98bd-04b89297bef3-3.jpg,new-yachts/bc6673af-2cbc-45d6-98bd-04b89297bef3/bc6673af-2cbc-45d6-98bd-04b89297bef3-3.jpg,3,2026-04-22 14:39:23.042904+00
cd2e147c-3894-499c-bc4f-91d21462f40f,6b302f73-4059-469d-98ee-cd0dbbaa3b4a,https://awrznjnofgmlqjiayhoi.supabase.co/storage/v1/object/public/yacht-images/new-yachts/6b302f73-4059-469d-98ee-cd0dbbaa3b4a/6b302f73-4059-469d-98ee-cd0dbbaa3b4a-9.jpg,new-yachts/6b302f73-4059-469d-98ee-cd0dbbaa3b4a/6b302f73-4059-469d-98ee-cd0dbbaa3b4a-9.jpg,9,2026-04-23 08:21:25.658979+00
cd364a9b-4ceb-49b1-bdef-8033c2bd3108,c26bce67-f8bb-42b4-849a-aa60780a660f,https://awrznjnofgmlqjiayhoi.supabase.co/storage/v1/object/public/yacht-images/new-yachts/c26bce67-f8bb-42b4-849a-aa60780a660f/c26bce67-f8bb-42b4-849a-aa60780a660f-1.jpg,new-yachts/c26bce67-f8bb-42b4-849a-aa60780a660f/c26bce67-f8bb-42b4-849a-aa60780a660f-1.jpg,1,2026-04-24 21:28:00.831743+00
cd38f597-fabe-4c96-bddc-3e1c7d457119,55de1484-a539-4672-b108-3f36fd944eaa,https://awrznjnofgmlqjiayhoi.supabase.co/storage/v1/object/public/yacht-images/new-yachts/55de1484-a539-4672-b108-3f36fd944eaa/55de1484-a539-4672-b108-3f36fd944eaa-5.webp,new-yachts/55de1484-a539-4672-b108-3f36fd944eaa/55de1484-a539-4672-b108-3f36fd944eaa-5.webp,5,2026-03-26 21:45:24.712148+00
cd5449c9-10b2-49d8-969d-728809709cff,5571b971-bc7b-4c6f-ba4e-1b2beef70fe0,https://awrznjnofgmlqjiayhoi.supabase.co/storage/v1/object/public/yacht-images/new-yachts/5571b971-bc7b-4c6f-ba4e-1b2beef70fe0/5571b971-bc7b-4c6f-ba4e-1b2beef70fe0-6.jpg,new-yachts/5571b971-bc7b-4c6f-ba4e-1b2beef70fe0/5571b971-bc7b-4c6f-ba4e-1b2beef70fe0-6.jpg,6,2026-04-23 10:17:02.07982+00
cd55987c-5ab3-44b9-8fcd-ed8381b23565,dc252fdc-3279-49b1-b4bd-e577dc402ce7,https://awrznjnofgmlqjiayhoi.supabase.co/storage/v1/object/public/yacht-images/new-yachts/dc252fdc-3279-49b1-b4bd-e577dc402ce7/dc252fdc-3279-49b1-b4bd-e577dc402ce7-8.jpg,new-yachts/dc252fdc-3279-49b1-b4bd-e577dc402ce7/dc252fdc-3279-49b1-b4bd-e577dc402ce7-8.jpg,8,2026-04-23 10:15:31.189147+00
cd578abc-73e6-46e6-8ce4-7b98cd31a114,245f9376-5d0c-4d01-9edb-8b2357d16aca,https://awrznjnofgmlqjiayhoi.supabase.co/storage/v1/object/public/yacht-images/new-yachts/245f9376-5d0c-4d01-9edb-8b2357d16aca/245f9376-5d0c-4d01-9edb-8b2357d16aca-4.jpg,new-yachts/245f9376-5d0c-4d01-9edb-8b2357d16aca/245f9376-5d0c-4d01-9edb-8b2357d16aca-4.jpg,4,2026-04-24 00:21:20.408689+00
cd8569ff-8dfc-433b-84ab-1b68b329b76d,6b05344c-d84a-40d5-b8a8-c8d00eccfb7d,https://awrznjnofgmlqjiayhoi.supabase.co/storage/v1/object/public/yacht-images/new-yachts/6b05344c-d84a-40d5-b8a8-c8d00eccfb7d/6b05344c-d84a-40d5-b8a8-c8d00eccfb7d-7.jpg,new-yachts/6b05344c-d84a-40d5-b8a8-c8d00eccfb7d/6b05344c-d84a-40d5-b8a8-c8d00eccfb7d-7.jpg,7,2026-04-22 17:22:24.779726+00
cd99bd73-1b05-466a-a566-d2affc7ff14e,181ed202-b6c2-4bd0-ac28-1d1f2115dea3,https://awrznjnofgmlqjiayhoi.supabase.co/storage/v1/object/public/yacht-images/new-yachts/181ed202-b6c2-4bd0-ac28-1d1f2115dea3/181ed202-b6c2-4bd0-ac28-1d1f2115dea3-1.jpg,new-yachts/181ed202-b6c2-4bd0-ac28-1d1f2115dea3/181ed202-b6c2-4bd0-ac28-1d1f2115dea3-1.jpg,1,2026-04-22 17:10:54.566657+00
cd9f3739-fa77-4580-83e8-43c6ea09dfa2,370c34aa-94d0-43d9-8609-7cb172eaa603,https://awrznjnofgmlqjiayhoi.supabase.co/storage/v1/object/public/yacht-images/new-yachts/370c34aa-94d0-43d9-8609-7cb172eaa603/370c34aa-94d0-43d9-8609-7cb172eaa603-2.jpg,new-yachts/370c34aa-94d0-43d9-8609-7cb172eaa603/370c34aa-94d0-43d9-8609-7cb172eaa603-2.jpg,2,2026-04-24 00:19:39.919644+00
cde3fdcd-d57e-4d9e-be4e-b2f028a7fa7b,4b3c7774-3467-46de-8410-9aafc0812957,https://awrznjnofgmlqjiayhoi.supabase.co/storage/v1/object/public/yacht-images/new-yachts/4b3c7774-3467-46de-8410-9aafc0812957/4b3c7774-3467-46de-8410-9aafc0812957-9.jpg,new-yachts/4b3c7774-3467-46de-8410-9aafc0812957/4b3c7774-3467-46de-8410-9aafc0812957-9.jpg,9,2026-04-24 19:59:39.680365+00
ce155021-680d-4e8e-b843-3f870ade1fb3,c5b0d543-c566-43ab-b8a7-1075c0144fa9,https://awrznjnofgmlqjiayhoi.supabase.co/storage/v1/object/public/yacht-images/new-yachts/c5b0d543-c566-43ab-b8a7-1075c0144fa9/c5b0d543-c566-43ab-b8a7-1075c0144fa9-3.jpg,new-yachts/c5b0d543-c566-43ab-b8a7-1075c0144fa9/c5b0d543-c566-43ab-b8a7-1075c0144fa9-3.jpg,3,2026-04-22 18:43:39.924024+00
ce4668eb-471b-40b3-b825-9e426bc516de,b8386205-38db-4b2c-b839-b02eb7dbdb4e,https://awrznjnofgmlqjiayhoi.supabase.co/storage/v1/object/public/yacht-images/new-yachts/b8386205-38db-4b2c-b839-b02eb7dbdb4e/b8386205-38db-4b2c-b839-b02eb7dbdb4e-5.jpg,new-yachts/b8386205-38db-4b2c-b839-b02eb7dbdb4e/b8386205-38db-4b2c-b839-b02eb7dbdb4e-5.jpg,5,2026-04-24 17:54:50.530188+00
ce4eafa4-634c-46a0-9d35-0479e2c2c14c,f651b6e2-9576-490b-a593-877bcb8944e0,https://awrznjnofgmlqjiayhoi.supabase.co/storage/v1/object/public/yacht-images/new-yachts/f651b6e2-9576-490b-a593-877bcb8944e0/f651b6e2-9576-490b-a593-877bcb8944e0-5.jpg,new-yachts/f651b6e2-9576-490b-a593-877bcb8944e0/f651b6e2-9576-490b-a593-877bcb8944e0-5.jpg,5,2026-04-23 12:44:46.359676+00
cea2c9b8-548d-473d-a3bc-a2483e92bee2,b8386205-38db-4b2c-b839-b02eb7dbdb4e,https://awrznjnofgmlqjiayhoi.supabase.co/storage/v1/object/public/yacht-images/new-yachts/b8386205-38db-4b2c-b839-b02eb7dbdb4e/b8386205-38db-4b2c-b839-b02eb7dbdb4e-1.jpg,new-yachts/b8386205-38db-4b2c-b839-b02eb7dbdb4e/b8386205-38db-4b2c-b839-b02eb7dbdb4e-1.jpg,1,2026-04-24 17:54:47.515625+00
ceac3dfc-7fc9-4567-8a5a-5cb8ab8a190c,ab9953cb-da58-43d0-98c1-9c4fb3669d16,https://awrznjnofgmlqjiayhoi.supabase.co/storage/v1/object/public/yacht-images/new-yachts/ab9953cb-da58-43d0-98c1-9c4fb3669d16/ab9953cb-da58-43d0-98c1-9c4fb3669d16-4.webp,new-yachts/ab9953cb-da58-43d0-98c1-9c4fb3669d16/ab9953cb-da58-43d0-98c1-9c4fb3669d16-4.webp,4,2026-03-26 21:44:03.918688+00
ceb6f447-98eb-4e38-8d8c-0df444b61e6f,1073dc8e-89c9-4598-a274-70645e470923,https://awrznjnofgmlqjiayhoi.supabase.co/storage/v1/object/public/yacht-images/new-yachts/1073dc8e-89c9-4598-a274-70645e470923/1073dc8e-89c9-4598-a274-70645e470923-9.jpg,new-yachts/1073dc8e-89c9-4598-a274-70645e470923/1073dc8e-89c9-4598-a274-70645e470923-9.jpg,9,2026-04-24 00:10:47.536109+00
cefa9443-c3ce-4109-9eb9-977bb8078d4a,dc252fdc-3279-49b1-b4bd-e577dc402ce7,https://awrznjnofgmlqjiayhoi.supabase.co/storage/v1/object/public/yacht-images/new-yachts/dc252fdc-3279-49b1-b4bd-e577dc402ce7/dc252fdc-3279-49b1-b4bd-e577dc402ce7-7.jpg,new-yachts/dc252fdc-3279-49b1-b4bd-e577dc402ce7/dc252fdc-3279-49b1-b4bd-e577dc402ce7-7.jpg,7,2026-04-23 10:15:30.556579+00
cf1b9d51-9065-485e-a826-c555b23a80e1,102e63a3-5829-440b-91c7-fbbb909decf6,https://awrznjnofgmlqjiayhoi.supabase.co/storage/v1/object/public/yacht-images/new-yachts/102e63a3-5829-440b-91c7-fbbb909decf6/102e63a3-5829-440b-91c7-fbbb909decf6-2.jpg,new-yachts/102e63a3-5829-440b-91c7-fbbb909decf6/102e63a3-5829-440b-91c7-fbbb909decf6-2.jpg,2,2026-04-22 18:19:21.404067+00
cf241cdd-ac8d-4120-8270-8bb0a62ce11d,aa8c6101-eb69-4a45-94b2-eb80dc49a261,https://awrznjnofgmlqjiayhoi.supabase.co/storage/v1/object/public/yacht-images/new-yachts/aa8c6101-eb69-4a45-94b2-eb80dc49a261/aa8c6101-eb69-4a45-94b2-eb80dc49a261-9.jpg,new-yachts/aa8c6101-eb69-4a45-94b2-eb80dc49a261/aa8c6101-eb69-4a45-94b2-eb80dc49a261-9.jpg,9,2026-04-24 17:50:38.137487+00
cf28e0b1-0182-4ca3-a3d1-5946fe9209f7,2c1b5d99-994c-4e9d-86d6-bd464d3baa0f,https://awrznjnofgmlqjiayhoi.supabase.co/storage/v1/object/public/yacht-images/new-yachts/2c1b5d99-994c-4e9d-86d6-bd464d3baa0f/2c1b5d99-994c-4e9d-86d6-bd464d3baa0f-1.jpg,new-yachts/2c1b5d99-994c-4e9d-86d6-bd464d3baa0f/2c1b5d99-994c-4e9d-86d6-bd464d3baa0f-1.jpg,1,2026-03-27 20:28:24.885819+00
cf2bebbb-48b3-4472-b272-58ed29fbd837,181ed202-b6c2-4bd0-ac28-1d1f2115dea3,https://awrznjnofgmlqjiayhoi.supabase.co/storage/v1/object/public/yacht-images/new-yachts/181ed202-b6c2-4bd0-ac28-1d1f2115dea3/181ed202-b6c2-4bd0-ac28-1d1f2115dea3-10.jpg,new-yachts/181ed202-b6c2-4bd0-ac28-1d1f2115dea3/181ed202-b6c2-4bd0-ac28-1d1f2115dea3-10.jpg,10,2026-04-22 17:11:01.310822+00
cf363dc7-3800-4c5d-97e1-9c413295b833,671a273a-9c01-40cb-ba3a-a05127d28885,https://awrznjnofgmlqjiayhoi.supabase.co/storage/v1/object/public/yacht-images/new-yachts/671a273a-9c01-40cb-ba3a-a05127d28885/671a273a-9c01-40cb-ba3a-a05127d28885-11.jpg,new-yachts/671a273a-9c01-40cb-ba3a-a05127d28885/671a273a-9c01-40cb-ba3a-a05127d28885-11.jpg,11,2026-04-22 17:04:57.859721+00
cf77f116-a1f4-4dd3-ac7b-f25323bbc940,102e63a3-5829-440b-91c7-fbbb909decf6,https://awrznjnofgmlqjiayhoi.supabase.co/storage/v1/object/public/yacht-images/new-yachts/102e63a3-5829-440b-91c7-fbbb909decf6/102e63a3-5829-440b-91c7-fbbb909decf6-10.jpg,new-yachts/102e63a3-5829-440b-91c7-fbbb909decf6/102e63a3-5829-440b-91c7-fbbb909decf6-10.jpg,10,2026-04-22 18:19:27.341711+00
cfdb5bfc-1bcb-4d3c-9b48-235d96a65659,032e6c07-1353-4bf5-8770-311b7c1e4d9e,https://awrznjnofgmlqjiayhoi.supabase.co/storage/v1/object/public/yacht-images/new-yachts/032e6c07-1353-4bf5-8770-311b7c1e4d9e/032e6c07-1353-4bf5-8770-311b7c1e4d9e-1.jpg,new-yachts/032e6c07-1353-4bf5-8770-311b7c1e4d9e/032e6c07-1353-4bf5-8770-311b7c1e4d9e-1.jpg,1,2026-04-24 22:18:50.204838+00
cfde857e-3950-4fb8-8047-84b49db25def,7a218c13-b279-49d9-8ee4-bec942046f18,https://awrznjnofgmlqjiayhoi.supabase.co/storage/v1/object/public/yacht-images/new-yachts/7a218c13-b279-49d9-8ee4-bec942046f18/7a218c13-b279-49d9-8ee4-bec942046f18-6.jpg,new-yachts/7a218c13-b279-49d9-8ee4-bec942046f18/7a218c13-b279-49d9-8ee4-bec942046f18-6.jpg,6,2026-04-23 13:00:03.40668+00
d03d493c-92ca-4fa8-9cff-e4ebf912c4bf,46dec82f-7d34-4f29-939d-9fcfb5d011cd,https://awrznjnofgmlqjiayhoi.supabase.co/storage/v1/object/public/yacht-images/new-yachts/46dec82f-7d34-4f29-939d-9fcfb5d011cd/46dec82f-7d34-4f29-939d-9fcfb5d011cd-7.jpg,new-yachts/46dec82f-7d34-4f29-939d-9fcfb5d011cd/46dec82f-7d34-4f29-939d-9fcfb5d011cd-7.jpg,7,2026-04-23 10:16:19.652239+00
d06b16c6-6b51-454a-99ea-037b8e461961,b91a48c7-b650-4d3e-8163-342f849e50a2,https://awrznjnofgmlqjiayhoi.supabase.co/storage/v1/object/public/yacht-images/new-yachts/b91a48c7-b650-4d3e-8163-342f849e50a2/b91a48c7-b650-4d3e-8163-342f849e50a2-8.jpg,new-yachts/b91a48c7-b650-4d3e-8163-342f849e50a2/b91a48c7-b650-4d3e-8163-342f849e50a2-8.jpg,8,2026-04-22 17:00:24.961902+00
d06d05d8-f210-4f9b-bbac-145d87bf3703,3c3b41d1-6a5d-4bff-9ac4-74151a516eb2,https://awrznjnofgmlqjiayhoi.supabase.co/storage/v1/object/public/yacht-images/new-yachts/3c3b41d1-6a5d-4bff-9ac4-74151a516eb2/3c3b41d1-6a5d-4bff-9ac4-74151a516eb2-11.jpg,new-yachts/3c3b41d1-6a5d-4bff-9ac4-74151a516eb2/3c3b41d1-6a5d-4bff-9ac4-74151a516eb2-11.jpg,11,2026-04-22 17:43:08.975744+00
d074a181-0fd1-47a4-9232-4a1afc2c2718,42444d77-7aaa-4f43-a408-c57aedf79d13,https://awrznjnofgmlqjiayhoi.supabase.co/storage/v1/object/public/yacht-images/new-yachts/42444d77-7aaa-4f43-a408-c57aedf79d13/42444d77-7aaa-4f43-a408-c57aedf79d13-7.jpg,new-yachts/42444d77-7aaa-4f43-a408-c57aedf79d13/42444d77-7aaa-4f43-a408-c57aedf79d13-7.jpg,7,2026-04-23 19:09:18.859879+00
d0a44f06-2c00-4eab-a42b-5ca3d1e72f56,6eb971f0-6cf7-451c-abf5-4cc2727165fc,https://awrznjnofgmlqjiayhoi.supabase.co/storage/v1/object/public/yacht-images/new-yachts/6eb971f0-6cf7-451c-abf5-4cc2727165fc/6eb971f0-6cf7-451c-abf5-4cc2727165fc-2.webp,new-yachts/6eb971f0-6cf7-451c-abf5-4cc2727165fc/6eb971f0-6cf7-451c-abf5-4cc2727165fc-2.webp,2,2026-03-26 21:12:21.743134+00
d0a67ce6-c54c-4112-a2bf-52f1bc7c1c21,c04837c6-f2a3-4118-a6b3-0acd537b2841,https://awrznjnofgmlqjiayhoi.supabase.co/storage/v1/object/public/yacht-images/new-yachts/c04837c6-f2a3-4118-a6b3-0acd537b2841/c04837c6-f2a3-4118-a6b3-0acd537b2841-5.jpg,new-yachts/c04837c6-f2a3-4118-a6b3-0acd537b2841/c04837c6-f2a3-4118-a6b3-0acd537b2841-5.jpg,5,2026-04-22 18:40:36.839505+00
d0a839f4-cef6-4a75-a278-f39f32d3be0b,25707908-8308-40b0-8a69-b0900e65d602,https://awrznjnofgmlqjiayhoi.supabase.co/storage/v1/object/public/yacht-images/new-yachts/25707908-8308-40b0-8a69-b0900e65d602/25707908-8308-40b0-8a69-b0900e65d602-6.jpg,new-yachts/25707908-8308-40b0-8a69-b0900e65d602/25707908-8308-40b0-8a69-b0900e65d602-6.jpg,6,2026-04-24 00:40:10.916174+00
d107e8a1-54a4-42d0-b28b-b00a38f4f5ec,68c062bb-e891-4c5a-8aa5-c2f096bff908,https://awrznjnofgmlqjiayhoi.supabase.co/storage/v1/object/public/yacht-images/new-yachts/68c062bb-e891-4c5a-8aa5-c2f096bff908/68c062bb-e891-4c5a-8aa5-c2f096bff908-10.jpg,new-yachts/68c062bb-e891-4c5a-8aa5-c2f096bff908/68c062bb-e891-4c5a-8aa5-c2f096bff908-10.jpg,10,2026-04-22 16:11:22.923422+00
d10a7574-fc43-4425-983e-83e13ea53be8,e47fa1f8-0cfa-49ec-a8ad-ba2c0b17417c,https://awrznjnofgmlqjiayhoi.supabase.co/storage/v1/object/public/yacht-images/new-yachts/e47fa1f8-0cfa-49ec-a8ad-ba2c0b17417c/e47fa1f8-0cfa-49ec-a8ad-ba2c0b17417c-11.jpg,new-yachts/e47fa1f8-0cfa-49ec-a8ad-ba2c0b17417c/e47fa1f8-0cfa-49ec-a8ad-ba2c0b17417c-11.jpg,11,2026-04-08 15:05:40.373478+00
d12aa0fb-b4e2-42b4-851b-a36c94ebfdf9,173fb8d6-c365-471d-aa65-ae65f21664a3,https://awrznjnofgmlqjiayhoi.supabase.co/storage/v1/object/public/yacht-images/new-yachts/173fb8d6-c365-471d-aa65-ae65f21664a3/173fb8d6-c365-471d-aa65-ae65f21664a3-6.jpg,new-yachts/173fb8d6-c365-471d-aa65-ae65f21664a3/173fb8d6-c365-471d-aa65-ae65f21664a3-6.jpg,6,2026-04-22 18:36:16.191296+00
d1397c7d-65e9-4465-86d5-bc05d8a7a5c8,24bfce86-bd6a-49a2-8c6d-f3defd842949,https://awrznjnofgmlqjiayhoi.supabase.co/storage/v1/object/public/yacht-images/new-yachts/24bfce86-bd6a-49a2-8c6d-f3defd842949/24bfce86-bd6a-49a2-8c6d-f3defd842949-11.jpg,new-yachts/24bfce86-bd6a-49a2-8c6d-f3defd842949/24bfce86-bd6a-49a2-8c6d-f3defd842949-11.jpg,11,2026-04-24 00:48:58.52432+00
d15a01f7-86b9-4c3c-aeb3-cca6559233f1,02943908-9ea0-4048-8f13-5a2e9e8aa180,https://awrznjnofgmlqjiayhoi.supabase.co/storage/v1/object/public/yacht-images/new-yachts/02943908-9ea0-4048-8f13-5a2e9e8aa180/02943908-9ea0-4048-8f13-5a2e9e8aa180-7.jpg,new-yachts/02943908-9ea0-4048-8f13-5a2e9e8aa180/02943908-9ea0-4048-8f13-5a2e9e8aa180-7.jpg,7,2026-04-22 18:49:19.445237+00
d162fb01-a47d-49ee-b1d2-fa1432e5d235,dad3e31e-782b-4453-8084-835e82cb6131,https://awrznjnofgmlqjiayhoi.supabase.co/storage/v1/object/public/yacht-images/new-yachts/dad3e31e-782b-4453-8084-835e82cb6131/dad3e31e-782b-4453-8084-835e82cb6131-3.jpg,new-yachts/dad3e31e-782b-4453-8084-835e82cb6131/dad3e31e-782b-4453-8084-835e82cb6131-3.jpg,3,2026-04-23 23:38:02.430319+00
d171fcc9-45e9-494a-8183-1e866b37ba7e,34140b13-e5f4-4042-8f03-49390da36148,https://awrznjnofgmlqjiayhoi.supabase.co/storage/v1/object/public/yacht-images/new-yachts/34140b13-e5f4-4042-8f03-49390da36148/34140b13-e5f4-4042-8f03-49390da36148-3.jpg,new-yachts/34140b13-e5f4-4042-8f03-49390da36148/34140b13-e5f4-4042-8f03-49390da36148-3.jpg,3,2026-04-23 19:12:02.969793+00
d18847b1-0e14-41f6-96eb-cdd9d37e9f70,1cddd9eb-4fd6-4f55-a3f8-8744a301fa2d,https://awrznjnofgmlqjiayhoi.supabase.co/storage/v1/object/public/yacht-images/new-yachts/1cddd9eb-4fd6-4f55-a3f8-8744a301fa2d/1cddd9eb-4fd6-4f55-a3f8-8744a301fa2d-9.jpg,new-yachts/1cddd9eb-4fd6-4f55-a3f8-8744a301fa2d/1cddd9eb-4fd6-4f55-a3f8-8744a301fa2d-9.jpg,9,2026-04-24 19:58:23.771963+00
d19c6a41-41c5-4488-b9f6-66ab64d320e1,0e381fe0-3d2f-401e-a912-3660d72aa7b2,https://awrznjnofgmlqjiayhoi.supabase.co/storage/v1/object/public/yacht-images/new-yachts/0e381fe0-3d2f-401e-a912-3660d72aa7b2/0e381fe0-3d2f-401e-a912-3660d72aa7b2-9.jpg,new-yachts/0e381fe0-3d2f-401e-a912-3660d72aa7b2/0e381fe0-3d2f-401e-a912-3660d72aa7b2-9.jpg,9,2026-04-22 18:11:17.222791+00
d1d7a486-f0f3-4e37-9ff1-2561736cc655,cbd5ddc7-f07d-46a1-98b7-663b7e4c9432,https://awrznjnofgmlqjiayhoi.supabase.co/storage/v1/object/public/yacht-images/new-yachts/cbd5ddc7-f07d-46a1-98b7-663b7e4c9432/cbd5ddc7-f07d-46a1-98b7-663b7e4c9432-10.jpg,new-yachts/cbd5ddc7-f07d-46a1-98b7-663b7e4c9432/cbd5ddc7-f07d-46a1-98b7-663b7e4c9432-10.jpg,10,2026-04-23 12:57:25.826186+00
d1f1d178-fe41-42c9-a332-f7967526f311,044f0cd0-401b-4f8f-b83f-727774222f6e,https://awrznjnofgmlqjiayhoi.supabase.co/storage/v1/object/public/yacht-images/new-yachts/044f0cd0-401b-4f8f-b83f-727774222f6e/044f0cd0-401b-4f8f-b83f-727774222f6e-11.jpg,new-yachts/044f0cd0-401b-4f8f-b83f-727774222f6e/044f0cd0-401b-4f8f-b83f-727774222f6e-11.jpg,11,2026-04-23 09:20:34.054062+00
d22b70b2-17a6-4a1d-a455-b2d2b597997e,8e78c2bb-81da-4ae6-b09a-264a4e7f76ad,https://awrznjnofgmlqjiayhoi.supabase.co/storage/v1/object/public/yacht-images/new-yachts/8e78c2bb-81da-4ae6-b09a-264a4e7f76ad/8e78c2bb-81da-4ae6-b09a-264a4e7f76ad-3.jpg,new-yachts/8e78c2bb-81da-4ae6-b09a-264a4e7f76ad/8e78c2bb-81da-4ae6-b09a-264a4e7f76ad-3.jpg,3,2026-04-23 08:30:41.812555+00
d22bed87-c582-498a-946c-171be08181ef,58b73dc9-e3f7-45b6-b6bb-05639d77e162,https://awrznjnofgmlqjiayhoi.supabase.co/storage/v1/object/public/yacht-images/new-yachts/58b73dc9-e3f7-45b6-b6bb-05639d77e162/58b73dc9-e3f7-45b6-b6bb-05639d77e162-8.jpg,new-yachts/58b73dc9-e3f7-45b6-b6bb-05639d77e162/58b73dc9-e3f7-45b6-b6bb-05639d77e162-8.jpg,8,2026-04-22 14:37:42.650435+00
d2401e06-1737-4139-b923-45114203628e,edbf3b89-880d-42df-9940-7c851dd8c73a,https://awrznjnofgmlqjiayhoi.supabase.co/storage/v1/object/public/yacht-images/new-yachts/edbf3b89-880d-42df-9940-7c851dd8c73a/edbf3b89-880d-42df-9940-7c851dd8c73a-6.jpg,new-yachts/edbf3b89-880d-42df-9940-7c851dd8c73a/edbf3b89-880d-42df-9940-7c851dd8c73a-6.jpg,6,2026-04-22 18:39:20.106166+00
d2549a87-cb9b-4e4f-af9c-2cb17d8b050a,efab5d6c-7ff4-4641-8abb-e8196d7a9f3d,https://awrznjnofgmlqjiayhoi.supabase.co/storage/v1/object/public/yacht-images/new-yachts/efab5d6c-7ff4-4641-8abb-e8196d7a9f3d/efab5d6c-7ff4-4641-8abb-e8196d7a9f3d-9.jpg,new-yachts/efab5d6c-7ff4-4641-8abb-e8196d7a9f3d/efab5d6c-7ff4-4641-8abb-e8196d7a9f3d-9.jpg,9,2026-04-22 15:11:50.241543+00
d25af3d9-d955-440e-8251-8a31b3dde8e9,09b2328a-b514-4c89-abe8-41c332218a64,https://awrznjnofgmlqjiayhoi.supabase.co/storage/v1/object/public/yacht-images/new-yachts/09b2328a-b514-4c89-abe8-41c332218a64/09b2328a-b514-4c89-abe8-41c332218a64-3.jpg,new-yachts/09b2328a-b514-4c89-abe8-41c332218a64/09b2328a-b514-4c89-abe8-41c332218a64-3.jpg,3,2026-04-22 18:29:28.999602+00
d27fd27a-947e-4722-a786-82b5e9d23d67,34140b13-e5f4-4042-8f03-49390da36148,https://awrznjnofgmlqjiayhoi.supabase.co/storage/v1/object/public/yacht-images/new-yachts/34140b13-e5f4-4042-8f03-49390da36148/34140b13-e5f4-4042-8f03-49390da36148-5.jpg,new-yachts/34140b13-e5f4-4042-8f03-49390da36148/34140b13-e5f4-4042-8f03-49390da36148-5.jpg,5,2026-04-23 19:12:04.374526+00
d296e489-dc1b-41e1-9876-0657f18e6635,062adaff-6e68-4667-aa06-21653f05ee5e,https://awrznjnofgmlqjiayhoi.supabase.co/storage/v1/object/public/yacht-images/new-yachts/062adaff-6e68-4667-aa06-21653f05ee5e/062adaff-6e68-4667-aa06-21653f05ee5e-3.jpg,new-yachts/062adaff-6e68-4667-aa06-21653f05ee5e/062adaff-6e68-4667-aa06-21653f05ee5e-3.jpg,3,2026-04-10 12:15:37.341362+00
d2a19a2e-3fd4-4f99-bb4f-0b4234264f5c,d42486ba-023e-4f5b-a7fe-6e39dc51969d,https://awrznjnofgmlqjiayhoi.supabase.co/storage/v1/object/public/yacht-images/new-yachts/d42486ba-023e-4f5b-a7fe-6e39dc51969d/d42486ba-023e-4f5b-a7fe-6e39dc51969d-5.webp,new-yachts/d42486ba-023e-4f5b-a7fe-6e39dc51969d/d42486ba-023e-4f5b-a7fe-6e39dc51969d-5.webp,5,2026-03-26 21:28:36.315039+00
d2cda2f1-9fa9-48ce-b57e-8bd847efe09a,da0d8573-24f0-46e0-80ec-c1436985d90e,https://awrznjnofgmlqjiayhoi.supabase.co/storage/v1/object/public/yacht-images/new-yachts/da0d8573-24f0-46e0-80ec-c1436985d90e/da0d8573-24f0-46e0-80ec-c1436985d90e-4.webp,new-yachts/da0d8573-24f0-46e0-80ec-c1436985d90e/da0d8573-24f0-46e0-80ec-c1436985d90e-4.webp,4,2026-03-26 21:42:21.750901+00
d2d7108c-8835-427d-af1a-e7a7cbcd2665,ec89419e-3baa-4164-b5d4-feb08873daa2,https://awrznjnofgmlqjiayhoi.supabase.co/storage/v1/object/public/yacht-images/new-yachts/ec89419e-3baa-4164-b5d4-feb08873daa2/ec89419e-3baa-4164-b5d4-feb08873daa2-7.webp,new-yachts/ec89419e-3baa-4164-b5d4-feb08873daa2/ec89419e-3baa-4164-b5d4-feb08873daa2-7.webp,7,2026-03-26 22:02:29.168731+00
d2ed1375-1acd-4dd2-9dc5-f753561c9ddd,b8449191-5116-4c89-a6fe-00bd80345381,https://awrznjnofgmlqjiayhoi.supabase.co/storage/v1/object/public/yacht-images/new-yachts/b8449191-5116-4c89-a6fe-00bd80345381/b8449191-5116-4c89-a6fe-00bd80345381-2.jpg,new-yachts/b8449191-5116-4c89-a6fe-00bd80345381/b8449191-5116-4c89-a6fe-00bd80345381-2.jpg,2,2026-04-22 14:36:33.829727+00
d2f37961-85bd-47cd-a7fb-4de93098e765,9e400cb1-773d-4639-9b83-cb70cecf164c,https://awrznjnofgmlqjiayhoi.supabase.co/storage/v1/object/public/yacht-images/new-yachts/9e400cb1-773d-4639-9b83-cb70cecf164c/9e400cb1-773d-4639-9b83-cb70cecf164c-2.jpg,new-yachts/9e400cb1-773d-4639-9b83-cb70cecf164c/9e400cb1-773d-4639-9b83-cb70cecf164c-2.jpg,2,2026-04-24 19:55:56.446586+00
d326fab1-b95e-4933-bc55-46af6c677f29,5ce670e1-2f6e-4855-ab51-e64f92813135,https://awrznjnofgmlqjiayhoi.supabase.co/storage/v1/object/public/yacht-images/new-yachts/5ce670e1-2f6e-4855-ab51-e64f92813135/5ce670e1-2f6e-4855-ab51-e64f92813135-8.jpg,new-yachts/5ce670e1-2f6e-4855-ab51-e64f92813135/5ce670e1-2f6e-4855-ab51-e64f92813135-8.jpg,8,2026-04-24 00:53:08.396359+00
d32ff422-c8b5-4bfe-b4ce-4e11f8efc3e6,d3716531-df17-4b01-9d18-993b87404a0e,https://awrznjnofgmlqjiayhoi.supabase.co/storage/v1/object/public/yacht-images/new-yachts/d3716531-df17-4b01-9d18-993b87404a0e/d3716531-df17-4b01-9d18-993b87404a0e-2.jpg,new-yachts/d3716531-df17-4b01-9d18-993b87404a0e/d3716531-df17-4b01-9d18-993b87404a0e-2.jpg,2,2026-04-10 12:55:59.908621+00
d389c984-b4e8-4d54-b749-0a3f808ebd63,7db06b92-897d-47e6-a070-0b270a5b6d03,https://awrznjnofgmlqjiayhoi.supabase.co/storage/v1/object/public/yacht-images/new-yachts/7db06b92-897d-47e6-a070-0b270a5b6d03/7db06b92-897d-47e6-a070-0b270a5b6d03-11.jpg,new-yachts/7db06b92-897d-47e6-a070-0b270a5b6d03/7db06b92-897d-47e6-a070-0b270a5b6d03-11.jpg,11,2026-04-22 18:46:01.75369+00
d3b91ddc-796c-40b6-8b6f-2553db0c0c1f,fcf426c3-3c17-432e-a047-296441911089,https://awrznjnofgmlqjiayhoi.supabase.co/storage/v1/object/public/yacht-images/new-yachts/fcf426c3-3c17-432e-a047-296441911089/fcf426c3-3c17-432e-a047-296441911089-2.jpg,new-yachts/fcf426c3-3c17-432e-a047-296441911089/fcf426c3-3c17-432e-a047-296441911089-2.jpg,2,2026-04-24 00:35:28.745674+00
d3c57bcc-5e98-40b2-b573-427660cdb7a8,1073dc8e-89c9-4598-a274-70645e470923,https://awrznjnofgmlqjiayhoi.supabase.co/storage/v1/object/public/yacht-images/new-yachts/1073dc8e-89c9-4598-a274-70645e470923/1073dc8e-89c9-4598-a274-70645e470923-10.jpg,new-yachts/1073dc8e-89c9-4598-a274-70645e470923/1073dc8e-89c9-4598-a274-70645e470923-10.jpg,10,2026-04-24 00:10:48.15574+00
d3c99080-6b06-4fa4-baa6-3498fade53b3,dc252fdc-3279-49b1-b4bd-e577dc402ce7,https://awrznjnofgmlqjiayhoi.supabase.co/storage/v1/object/public/yacht-images/new-yachts/dc252fdc-3279-49b1-b4bd-e577dc402ce7/dc252fdc-3279-49b1-b4bd-e577dc402ce7-2.jpg,new-yachts/dc252fdc-3279-49b1-b4bd-e577dc402ce7/dc252fdc-3279-49b1-b4bd-e577dc402ce7-2.jpg,2,2026-04-23 10:15:26.557151+00
d3cf3be9-073b-4aa6-8365-fa2e93df6729,d4d051c3-8265-40c7-a211-75a07354158f,https://awrznjnofgmlqjiayhoi.supabase.co/storage/v1/object/public/yacht-images/new-yachts/d4d051c3-8265-40c7-a211-75a07354158f/d4d051c3-8265-40c7-a211-75a07354158f-11.jpg,new-yachts/d4d051c3-8265-40c7-a211-75a07354158f/d4d051c3-8265-40c7-a211-75a07354158f-11.jpg,11,2026-04-23 09:15:34.862922+00
d42c6d46-2bfe-4fda-b908-17908f23abb9,d16d9367-4755-45dc-be09-d6072850e312,https://awrznjnofgmlqjiayhoi.supabase.co/storage/v1/object/public/yacht-images/new-yachts/d16d9367-4755-45dc-be09-d6072850e312/d16d9367-4755-45dc-be09-d6072850e312-2.webp,new-yachts/d16d9367-4755-45dc-be09-d6072850e312/d16d9367-4755-45dc-be09-d6072850e312-2.webp,2,2026-03-27 20:08:43.901059+00
d45c988f-a955-4d08-8599-985892b4f39b,4f898d95-3ae9-42eb-ae5c-640dae133de1,https://awrznjnofgmlqjiayhoi.supabase.co/storage/v1/object/public/yacht-images/new-yachts/4f898d95-3ae9-42eb-ae5c-640dae133de1/4f898d95-3ae9-42eb-ae5c-640dae133de1-1.png,new-yachts/4f898d95-3ae9-42eb-ae5c-640dae133de1/4f898d95-3ae9-42eb-ae5c-640dae133de1-1.png,1,2026-03-10 18:59:14.300826+00
d4849302-f6b1-4134-9401-68c6083c0fd9,f0238dcf-548b-4271-af4f-cb068b72d462,https://awrznjnofgmlqjiayhoi.supabase.co/storage/v1/object/public/yacht-images/new-yachts/f0238dcf-548b-4271-af4f-cb068b72d462/f0238dcf-548b-4271-af4f-cb068b72d462-9.jpg,new-yachts/f0238dcf-548b-4271-af4f-cb068b72d462/f0238dcf-548b-4271-af4f-cb068b72d462-9.jpg,9,2026-04-22 13:24:11.920596+00
d4863511-2462-4b10-bca3-20748b8f8474,3be4e810-053d-4854-b2ae-708b86082bac,https://awrznjnofgmlqjiayhoi.supabase.co/storage/v1/object/public/yacht-images/new-yachts/3be4e810-053d-4854-b2ae-708b86082bac/3be4e810-053d-4854-b2ae-708b86082bac-3.jpg,new-yachts/3be4e810-053d-4854-b2ae-708b86082bac/3be4e810-053d-4854-b2ae-708b86082bac-3.jpg,3,2026-04-24 00:26:49.854013+00
d490d940-d7ec-4c13-9e0b-08fa52cbf2fe,5ce670e1-2f6e-4855-ab51-e64f92813135,https://awrznjnofgmlqjiayhoi.supabase.co/storage/v1/object/public/yacht-images/new-yachts/5ce670e1-2f6e-4855-ab51-e64f92813135/5ce670e1-2f6e-4855-ab51-e64f92813135-9.jpg,new-yachts/5ce670e1-2f6e-4855-ab51-e64f92813135/5ce670e1-2f6e-4855-ab51-e64f92813135-9.jpg,9,2026-04-24 00:53:09.055431+00
d490e4f9-c8e8-445c-86cd-c55e3e72f710,2376d7ee-cfbb-49e5-85fe-46552893c082,https://awrznjnofgmlqjiayhoi.supabase.co/storage/v1/object/public/yacht-images/new-yachts/2376d7ee-cfbb-49e5-85fe-46552893c082/2376d7ee-cfbb-49e5-85fe-46552893c082-10.jpg,new-yachts/2376d7ee-cfbb-49e5-85fe-46552893c082/2376d7ee-cfbb-49e5-85fe-46552893c082-10.jpg,10,2026-04-22 18:13:26.640784+00
d4ab2b05-5258-4086-a24f-ca8687908c19,bd97e6ce-9abe-4bb5-8ee3-eda9646c6638,https://awrznjnofgmlqjiayhoi.supabase.co/storage/v1/object/public/yacht-images/new-yachts/bd97e6ce-9abe-4bb5-8ee3-eda9646c6638/bd97e6ce-9abe-4bb5-8ee3-eda9646c6638-8.jpg,new-yachts/bd97e6ce-9abe-4bb5-8ee3-eda9646c6638/bd97e6ce-9abe-4bb5-8ee3-eda9646c6638-8.jpg,8,2026-04-22 16:27:19.429791+00
d4b0201c-69d1-4f40-8b70-cea41eb76422,a54bba97-e7af-453a-bfaf-6fa33d98faba,https://awrznjnofgmlqjiayhoi.supabase.co/storage/v1/object/public/yacht-images/new-yachts/a54bba97-e7af-453a-bfaf-6fa33d98faba/a54bba97-e7af-453a-bfaf-6fa33d98faba-5.jpg,new-yachts/a54bba97-e7af-453a-bfaf-6fa33d98faba/a54bba97-e7af-453a-bfaf-6fa33d98faba-5.jpg,5,2026-04-22 18:31:31.845733+00
d4d21a64-8f7e-4e0a-a2d8-73006743ef48,b94a5341-8ff1-4cc3-bd0a-1c4c657e071a,https://awrznjnofgmlqjiayhoi.supabase.co/storage/v1/object/public/yacht-images/new-yachts/b94a5341-8ff1-4cc3-bd0a-1c4c657e071a/b94a5341-8ff1-4cc3-bd0a-1c4c657e071a-7.jpg,new-yachts/b94a5341-8ff1-4cc3-bd0a-1c4c657e071a/b94a5341-8ff1-4cc3-bd0a-1c4c657e071a-7.jpg,8,2026-04-24 18:51:03.131602+00
d4d5b621-c214-4715-b766-547bf5c7a883,09a650f0-cd9d-4633-b0d5-cf777d3c2b64,https://awrznjnofgmlqjiayhoi.supabase.co/storage/v1/object/public/yacht-images/new-yachts/09a650f0-cd9d-4633-b0d5-cf777d3c2b64/09a650f0-cd9d-4633-b0d5-cf777d3c2b64-11.jpg,new-yachts/09a650f0-cd9d-4633-b0d5-cf777d3c2b64/09a650f0-cd9d-4633-b0d5-cf777d3c2b64-11.jpg,11,2026-04-22 18:30:42.383744+00
d4e29259-5d47-4e4f-bb5d-30dfac58289a,a333914a-50aa-4524-8f4c-1583fcdc0ade,https://awrznjnofgmlqjiayhoi.supabase.co/storage/v1/object/public/yacht-images/new-yachts/a333914a-50aa-4524-8f4c-1583fcdc0ade/a333914a-50aa-4524-8f4c-1583fcdc0ade-10.jpg,new-yachts/a333914a-50aa-4524-8f4c-1583fcdc0ade/a333914a-50aa-4524-8f4c-1583fcdc0ade-10.jpg,10,2026-04-22 17:12:30.196171+00
d5236301-fc58-46c9-87d4-a3b4d6d5ea0d,3011de4f-421b-4c6e-9433-a9f0417d7d89,https://awrznjnofgmlqjiayhoi.supabase.co/storage/v1/object/public/yacht-images/new-yachts/3011de4f-421b-4c6e-9433-a9f0417d7d89/3011de4f-421b-4c6e-9433-a9f0417d7d89-8.jpg,new-yachts/3011de4f-421b-4c6e-9433-a9f0417d7d89/3011de4f-421b-4c6e-9433-a9f0417d7d89-8.jpg,8,2026-04-22 14:51:03.28853+00
d5347395-bfe2-459c-9e3c-b22c7eac25bd,63ad6431-db18-41ce-b5fe-09ecb9205943,https://awrznjnofgmlqjiayhoi.supabase.co/storage/v1/object/public/yacht-images/new-yachts/63ad6431-db18-41ce-b5fe-09ecb9205943/63ad6431-db18-41ce-b5fe-09ecb9205943-7.jpg,new-yachts/63ad6431-db18-41ce-b5fe-09ecb9205943/63ad6431-db18-41ce-b5fe-09ecb9205943-7.jpg,7,2026-04-23 13:47:22.733194+00
d5397c9c-b66f-49e2-8caa-c40d15b7924c,b05aa56a-a6ba-4e1f-b64c-722a554ef536,https://awrznjnofgmlqjiayhoi.supabase.co/storage/v1/object/public/yacht-images/new-yachts/b05aa56a-a6ba-4e1f-b64c-722a554ef536/b05aa56a-a6ba-4e1f-b64c-722a554ef536-2.jpg,new-yachts/b05aa56a-a6ba-4e1f-b64c-722a554ef536/b05aa56a-a6ba-4e1f-b64c-722a554ef536-2.jpg,2,2026-04-22 16:58:34.099013+00
d54bfcec-4a75-4de0-9b51-45d61230e045,e9027657-7dcb-4ff3-993b-ee589e17b607,https://awrznjnofgmlqjiayhoi.supabase.co/storage/v1/object/public/yacht-images/new-yachts/e9027657-7dcb-4ff3-993b-ee589e17b607/e9027657-7dcb-4ff3-993b-ee589e17b607-7.jpg,new-yachts/e9027657-7dcb-4ff3-993b-ee589e17b607/e9027657-7dcb-4ff3-993b-ee589e17b607-7.jpg,7,2026-04-23 09:00:17.610416+00
d58c02cd-c2b1-4a84-a778-b6b7d74aae93,d8c10543-eae9-4f8a-a3f8-738173fb7578,https://awrznjnofgmlqjiayhoi.supabase.co/storage/v1/object/public/yacht-images/new-yachts/d8c10543-eae9-4f8a-a3f8-738173fb7578/d8c10543-eae9-4f8a-a3f8-738173fb7578-2.webp,new-yachts/d8c10543-eae9-4f8a-a3f8-738173fb7578/d8c10543-eae9-4f8a-a3f8-738173fb7578-2.webp,2,2026-03-27 20:25:02.428432+00
d5adbfac-d88e-4599-abeb-dce935847522,000dcfdc-eec1-4fd8-90e3-fe9a6e37721b,https://awrznjnofgmlqjiayhoi.supabase.co/storage/v1/object/public/yacht-images/new-yachts/000dcfdc-eec1-4fd8-90e3-fe9a6e37721b/000dcfdc-eec1-4fd8-90e3-fe9a6e37721b-5.webp,new-yachts/000dcfdc-eec1-4fd8-90e3-fe9a6e37721b/000dcfdc-eec1-4fd8-90e3-fe9a6e37721b-5.webp,5,2026-03-26 21:48:01.514337+00
d5e1885a-d1da-41c4-a11b-a0396c90421e,102e63a3-5829-440b-91c7-fbbb909decf6,https://awrznjnofgmlqjiayhoi.supabase.co/storage/v1/object/public/yacht-images/new-yachts/102e63a3-5829-440b-91c7-fbbb909decf6/102e63a3-5829-440b-91c7-fbbb909decf6-9.jpg,new-yachts/102e63a3-5829-440b-91c7-fbbb909decf6/102e63a3-5829-440b-91c7-fbbb909decf6-9.jpg,9,2026-04-22 18:19:26.616286+00
d5e7864a-3b1f-468b-8822-3961008f0864,b8386205-38db-4b2c-b839-b02eb7dbdb4e,https://awrznjnofgmlqjiayhoi.supabase.co/storage/v1/object/public/yacht-images/new-yachts/b8386205-38db-4b2c-b839-b02eb7dbdb4e/b8386205-38db-4b2c-b839-b02eb7dbdb4e-6.jpg,new-yachts/b8386205-38db-4b2c-b839-b02eb7dbdb4e/b8386205-38db-4b2c-b839-b02eb7dbdb4e-6.jpg,6,2026-04-24 17:54:51.452576+00
d5ed6088-c18c-4568-8d1b-3783847cbb5f,58b73dc9-e3f7-45b6-b6bb-05639d77e162,https://awrznjnofgmlqjiayhoi.supabase.co/storage/v1/object/public/yacht-images/new-yachts/58b73dc9-e3f7-45b6-b6bb-05639d77e162/58b73dc9-e3f7-45b6-b6bb-05639d77e162-7.jpg,new-yachts/58b73dc9-e3f7-45b6-b6bb-05639d77e162/58b73dc9-e3f7-45b6-b6bb-05639d77e162-7.jpg,7,2026-04-22 14:37:42.033716+00
d5edd69b-1efe-4d8e-a3f9-7011103c3447,b91a48c7-b650-4d3e-8163-342f849e50a2,https://awrznjnofgmlqjiayhoi.supabase.co/storage/v1/object/public/yacht-images/new-yachts/b91a48c7-b650-4d3e-8163-342f849e50a2/b91a48c7-b650-4d3e-8163-342f849e50a2-10.jpg,new-yachts/b91a48c7-b650-4d3e-8163-342f849e50a2/b91a48c7-b650-4d3e-8163-342f849e50a2-10.jpg,10,2026-04-22 17:00:26.474228+00
d5f766cc-5546-42c0-9971-affec6051107,c13001b5-b41b-42b5-8fd7-5ad93c449ca5,https://awrznjnofgmlqjiayhoi.supabase.co/storage/v1/object/public/yacht-images/new-yachts/c13001b5-b41b-42b5-8fd7-5ad93c449ca5/c13001b5-b41b-42b5-8fd7-5ad93c449ca5-1.jpg,new-yachts/c13001b5-b41b-42b5-8fd7-5ad93c449ca5/c13001b5-b41b-42b5-8fd7-5ad93c449ca5-1.jpg,1,2026-03-27 19:28:31.411439+00
d6105e94-5300-4940-b1c9-86135cf02bc7,237c6c51-03ca-4beb-9c4a-7ff0afb95627,https://awrznjnofgmlqjiayhoi.supabase.co/storage/v1/object/public/yacht-images/new-yachts/237c6c51-03ca-4beb-9c4a-7ff0afb95627/237c6c51-03ca-4beb-9c4a-7ff0afb95627-10.jpg,new-yachts/237c6c51-03ca-4beb-9c4a-7ff0afb95627/237c6c51-03ca-4beb-9c4a-7ff0afb95627-10.jpg,10,2026-04-22 14:48:15.186098+00
d64770dd-d41f-425f-a916-d7fb9770b651,d15f9400-57d7-4e7e-8194-b1c06fe5f250,https://awrznjnofgmlqjiayhoi.supabase.co/storage/v1/object/public/yacht-images/new-yachts/d15f9400-57d7-4e7e-8194-b1c06fe5f250/d15f9400-57d7-4e7e-8194-b1c06fe5f250-1.jpg,new-yachts/d15f9400-57d7-4e7e-8194-b1c06fe5f250/d15f9400-57d7-4e7e-8194-b1c06fe5f250-1.jpg,1,2026-04-24 15:52:59.994597+00
d64cba81-5138-4917-9d75-05e1cd5cd68c,1cddd9eb-4fd6-4f55-a3f8-8744a301fa2d,https://awrznjnofgmlqjiayhoi.supabase.co/storage/v1/object/public/yacht-images/new-yachts/1cddd9eb-4fd6-4f55-a3f8-8744a301fa2d/1cddd9eb-4fd6-4f55-a3f8-8744a301fa2d-7.jpg,new-yachts/1cddd9eb-4fd6-4f55-a3f8-8744a301fa2d/1cddd9eb-4fd6-4f55-a3f8-8744a301fa2d-7.jpg,7,2026-04-24 19:58:22.294612+00
d659d09a-670b-47f3-9711-867a4f62e768,81905b1b-c4c4-4345-aaf6-8e7152bfae48,https://awrznjnofgmlqjiayhoi.supabase.co/storage/v1/object/public/yacht-images/new-yachts/81905b1b-c4c4-4345-aaf6-8e7152bfae48/81905b1b-c4c4-4345-aaf6-8e7152bfae48-5.jpg,new-yachts/81905b1b-c4c4-4345-aaf6-8e7152bfae48/81905b1b-c4c4-4345-aaf6-8e7152bfae48-5.jpg,5,2026-04-22 17:09:04.914739+00
d65e0820-c338-4c6d-b289-8592eed08673,62d68832-feb4-47c4-abf4-5ed5ac0ab054,https://awrznjnofgmlqjiayhoi.supabase.co/storage/v1/object/public/yacht-images/new-yachts/62d68832-feb4-47c4-abf4-5ed5ac0ab054/62d68832-feb4-47c4-abf4-5ed5ac0ab054-8.jpg,new-yachts/62d68832-feb4-47c4-abf4-5ed5ac0ab054/62d68832-feb4-47c4-abf4-5ed5ac0ab054-8.jpg,8,2026-04-22 18:16:34.531868+00
d6749205-297c-4df9-825e-877d872671b9,3c394ac5-a52c-4c8d-b431-0eff672003b3,https://awrznjnofgmlqjiayhoi.supabase.co/storage/v1/object/public/yacht-images/new-yachts/3c394ac5-a52c-4c8d-b431-0eff672003b3/3c394ac5-a52c-4c8d-b431-0eff672003b3-11.jpg,new-yachts/3c394ac5-a52c-4c8d-b431-0eff672003b3/3c394ac5-a52c-4c8d-b431-0eff672003b3-11.jpg,11,2026-04-24 22:17:50.429059+00
d6882c55-8618-44be-946a-fbaf5fc1e902,f9904641-715e-47d0-a6b0-3b971b5da052,https://awrznjnofgmlqjiayhoi.supabase.co/storage/v1/object/public/yacht-images/new-yachts/f9904641-715e-47d0-a6b0-3b971b5da052/f9904641-715e-47d0-a6b0-3b971b5da052-8.jpg,new-yachts/f9904641-715e-47d0-a6b0-3b971b5da052/f9904641-715e-47d0-a6b0-3b971b5da052-8.jpg,8,2026-04-22 17:58:04.518115+00
d693d596-29be-4973-8b3e-8d61ebc10c4f,d42486ba-023e-4f5b-a7fe-6e39dc51969d,https://awrznjnofgmlqjiayhoi.supabase.co/storage/v1/object/public/yacht-images/new-yachts/d42486ba-023e-4f5b-a7fe-6e39dc51969d/d42486ba-023e-4f5b-a7fe-6e39dc51969d-2.webp,new-yachts/d42486ba-023e-4f5b-a7fe-6e39dc51969d/d42486ba-023e-4f5b-a7fe-6e39dc51969d-2.webp,2,2026-03-26 21:28:35.147052+00
d6a9e988-bd54-4577-a63a-0470cbb196cd,21859cb0-f9b1-4ed4-a0b7-3478d96a10e3,https://awrznjnofgmlqjiayhoi.supabase.co/storage/v1/object/public/yacht-images/new-yachts/21859cb0-f9b1-4ed4-a0b7-3478d96a10e3/21859cb0-f9b1-4ed4-a0b7-3478d96a10e3-5.webp,new-yachts/21859cb0-f9b1-4ed4-a0b7-3478d96a10e3/21859cb0-f9b1-4ed4-a0b7-3478d96a10e3-5.webp,5,2026-03-27 20:00:48.314354+00
d6b85c27-5530-4ca1-81d3-50e6f3848625,b05aa56a-a6ba-4e1f-b64c-722a554ef536,https://awrznjnofgmlqjiayhoi.supabase.co/storage/v1/object/public/yacht-images/new-yachts/b05aa56a-a6ba-4e1f-b64c-722a554ef536/b05aa56a-a6ba-4e1f-b64c-722a554ef536-10.jpg,new-yachts/b05aa56a-a6ba-4e1f-b64c-722a554ef536/b05aa56a-a6ba-4e1f-b64c-722a554ef536-10.jpg,10,2026-04-22 16:58:39.406817+00
d6bae6de-ac3e-431d-b5d5-59c8d9e68102,72968c30-468e-475b-9c74-a6afb74ff62e,https://awrznjnofgmlqjiayhoi.supabase.co/storage/v1/object/public/yacht-images/new-yachts/72968c30-468e-475b-9c74-a6afb74ff62e/72968c30-468e-475b-9c74-a6afb74ff62e-5.jpg,new-yachts/72968c30-468e-475b-9c74-a6afb74ff62e/72968c30-468e-475b-9c74-a6afb74ff62e-5.jpg,5,2026-04-24 22:13:20.402416+00
d6d2a743-5d01-4e00-a7d2-2aab5758dedf,4c428a0f-213e-4899-b826-1f110b9fee53,https://awrznjnofgmlqjiayhoi.supabase.co/storage/v1/object/public/yacht-images/new-yachts/4c428a0f-213e-4899-b826-1f110b9fee53/4c428a0f-213e-4899-b826-1f110b9fee53-6.jpg,new-yachts/4c428a0f-213e-4899-b826-1f110b9fee53/4c428a0f-213e-4899-b826-1f110b9fee53-6.jpg,6,2026-04-23 09:23:15.852627+00
d6fcd5ec-81f7-4469-b699-4f14a8b0e14b,df67c4de-872b-425c-8adc-b85469ae16dd,https://awrznjnofgmlqjiayhoi.supabase.co/storage/v1/object/public/yacht-images/new-yachts/df67c4de-872b-425c-8adc-b85469ae16dd/df67c4de-872b-425c-8adc-b85469ae16dd-11.jpg,new-yachts/df67c4de-872b-425c-8adc-b85469ae16dd/df67c4de-872b-425c-8adc-b85469ae16dd-11.jpg,11,2026-04-24 21:59:23.056734+00
d70032fb-d29d-4b26-a242-c68d9bdac47b,c04837c6-f2a3-4118-a6b3-0acd537b2841,https://awrznjnofgmlqjiayhoi.supabase.co/storage/v1/object/public/yacht-images/new-yachts/c04837c6-f2a3-4118-a6b3-0acd537b2841/c04837c6-f2a3-4118-a6b3-0acd537b2841-7.jpg,new-yachts/c04837c6-f2a3-4118-a6b3-0acd537b2841/c04837c6-f2a3-4118-a6b3-0acd537b2841-7.jpg,7,2026-04-22 18:40:38.168062+00
d71d8c25-7bde-49a7-945e-de2e90456872,a54bba97-e7af-453a-bfaf-6fa33d98faba,https://awrznjnofgmlqjiayhoi.supabase.co/storage/v1/object/public/yacht-images/new-yachts/a54bba97-e7af-453a-bfaf-6fa33d98faba/a54bba97-e7af-453a-bfaf-6fa33d98faba-6.jpg,new-yachts/a54bba97-e7af-453a-bfaf-6fa33d98faba/a54bba97-e7af-453a-bfaf-6fa33d98faba-6.jpg,6,2026-04-22 18:31:32.495972+00
d7551237-205b-4abc-8487-b5ceaebdb3cf,2376d7ee-cfbb-49e5-85fe-46552893c082,https://awrznjnofgmlqjiayhoi.supabase.co/storage/v1/object/public/yacht-images/new-yachts/2376d7ee-cfbb-49e5-85fe-46552893c082/2376d7ee-cfbb-49e5-85fe-46552893c082-4.jpg,new-yachts/2376d7ee-cfbb-49e5-85fe-46552893c082/2376d7ee-cfbb-49e5-85fe-46552893c082-4.jpg,4,2026-04-22 18:13:22.110159+00
d767d14a-6bc2-4441-a253-7a84fe93e74e,9bb11399-c9d0-426a-b423-506c3373bf26,https://awrznjnofgmlqjiayhoi.supabase.co/storage/v1/object/public/yacht-images/new-yachts/9bb11399-c9d0-426a-b423-506c3373bf26/9bb11399-c9d0-426a-b423-506c3373bf26-3.jpg,new-yachts/9bb11399-c9d0-426a-b423-506c3373bf26/9bb11399-c9d0-426a-b423-506c3373bf26-3.jpg,3,2026-04-22 18:33:42.273056+00
d7752405-7969-428b-96ee-65a87cc9024a,c7ebbc0c-5644-4a96-b655-4d364326373e,https://awrznjnofgmlqjiayhoi.supabase.co/storage/v1/object/public/yacht-images/new-yachts/c7ebbc0c-5644-4a96-b655-4d364326373e/c7ebbc0c-5644-4a96-b655-4d364326373e-7.jpg,new-yachts/c7ebbc0c-5644-4a96-b655-4d364326373e/c7ebbc0c-5644-4a96-b655-4d364326373e-7.jpg,7,2026-04-22 18:03:52.606009+00
d79eecef-a32a-4b89-bf28-c22ff875c2ac,24bfce86-bd6a-49a2-8c6d-f3defd842949,https://awrznjnofgmlqjiayhoi.supabase.co/storage/v1/object/public/yacht-images/new-yachts/24bfce86-bd6a-49a2-8c6d-f3defd842949/24bfce86-bd6a-49a2-8c6d-f3defd842949-3.jpg,new-yachts/24bfce86-bd6a-49a2-8c6d-f3defd842949/24bfce86-bd6a-49a2-8c6d-f3defd842949-3.jpg,3,2026-04-24 00:48:53.534355+00
d7af8f39-2379-401c-9a4f-76ac64c61c7b,55de1484-a539-4672-b108-3f36fd944eaa,https://awrznjnofgmlqjiayhoi.supabase.co/storage/v1/object/public/yacht-images/new-yachts/55de1484-a539-4672-b108-3f36fd944eaa/55de1484-a539-4672-b108-3f36fd944eaa-2.webp,new-yachts/55de1484-a539-4672-b108-3f36fd944eaa/55de1484-a539-4672-b108-3f36fd944eaa-2.webp,2,2026-03-26 21:45:23.353885+00
d7c05bb5-34bd-47dc-a32f-ecbd88e0abc1,625d8ba4-c145-4673-affb-3de4e2f03886,https://awrznjnofgmlqjiayhoi.supabase.co/storage/v1/object/public/yacht-images/new-yachts/625d8ba4-c145-4673-affb-3de4e2f03886/625d8ba4-c145-4673-affb-3de4e2f03886-4.webp,new-yachts/625d8ba4-c145-4673-affb-3de4e2f03886/625d8ba4-c145-4673-affb-3de4e2f03886-4.webp,4,2026-03-26 21:21:04.778432+00
d7ecf1b7-234e-4a3f-ada6-9ebb6c7bdb36,431072c2-81c2-46f5-a089-5bf802cc7fb6,https://awrznjnofgmlqjiayhoi.supabase.co/storage/v1/object/public/yacht-images/new-yachts/431072c2-81c2-46f5-a089-5bf802cc7fb6/431072c2-81c2-46f5-a089-5bf802cc7fb6-8.jpg,new-yachts/431072c2-81c2-46f5-a089-5bf802cc7fb6/431072c2-81c2-46f5-a089-5bf802cc7fb6-8.jpg,8,2026-04-22 18:18:39.519761+00
d7f0f954-a645-4da4-994a-09c0fe28c119,f651b6e2-9576-490b-a593-877bcb8944e0,https://awrznjnofgmlqjiayhoi.supabase.co/storage/v1/object/public/yacht-images/new-yachts/f651b6e2-9576-490b-a593-877bcb8944e0/f651b6e2-9576-490b-a593-877bcb8944e0-3.jpg,new-yachts/f651b6e2-9576-490b-a593-877bcb8944e0/f651b6e2-9576-490b-a593-877bcb8944e0-3.jpg,3,2026-04-23 12:44:44.995218+00
d7fc6ad0-f228-4339-9e27-7edfad0a1d41,d49fd6fe-849a-4007-937a-516892a4cdb9,https://awrznjnofgmlqjiayhoi.supabase.co/storage/v1/object/public/yacht-images/new-yachts/d49fd6fe-849a-4007-937a-516892a4cdb9/d49fd6fe-849a-4007-937a-516892a4cdb9-11.jpg,new-yachts/d49fd6fe-849a-4007-937a-516892a4cdb9/d49fd6fe-849a-4007-937a-516892a4cdb9-11.jpg,11,2026-04-23 08:33:22.603057+00
d7ff6d76-99bd-4732-9a0c-c99407bd320a,46478d58-042a-4ac5-85df-9be0f1f1040e,https://awrznjnofgmlqjiayhoi.supabase.co/storage/v1/object/public/yacht-images/new-yachts/46478d58-042a-4ac5-85df-9be0f1f1040e/46478d58-042a-4ac5-85df-9be0f1f1040e-10.jpg,new-yachts/46478d58-042a-4ac5-85df-9be0f1f1040e/46478d58-042a-4ac5-85df-9be0f1f1040e-10.jpg,10,2026-04-24 18:49:13.396867+00
d83c21a6-034b-4d1b-a641-43fa39605475,2a59a9b9-e70a-4dd8-ba20-4d4eb7384cbc,https://awrznjnofgmlqjiayhoi.supabase.co/storage/v1/object/public/yacht-images/new-yachts/2a59a9b9-e70a-4dd8-ba20-4d4eb7384cbc/2a59a9b9-e70a-4dd8-ba20-4d4eb7384cbc-10.jpg,new-yachts/2a59a9b9-e70a-4dd8-ba20-4d4eb7384cbc/2a59a9b9-e70a-4dd8-ba20-4d4eb7384cbc-10.jpg,10,2026-04-23 08:58:07.266589+00
d858b6ae-2707-433a-965b-ddbb361b6574,0c015923-44a5-4de2-8d0c-532e76fc17c7,https://awrznjnofgmlqjiayhoi.supabase.co/storage/v1/object/public/yacht-images/new-yachts/0c015923-44a5-4de2-8d0c-532e76fc17c7/0c015923-44a5-4de2-8d0c-532e76fc17c7-1.jpg,new-yachts/0c015923-44a5-4de2-8d0c-532e76fc17c7/0c015923-44a5-4de2-8d0c-532e76fc17c7-1.jpg,1,2026-04-22 16:25:11.639838+00
d861615d-2334-44a1-bf21-c59776de1752,237c6c51-03ca-4beb-9c4a-7ff0afb95627,https://awrznjnofgmlqjiayhoi.supabase.co/storage/v1/object/public/yacht-images/new-yachts/237c6c51-03ca-4beb-9c4a-7ff0afb95627/237c6c51-03ca-4beb-9c4a-7ff0afb95627-2.jpg,new-yachts/237c6c51-03ca-4beb-9c4a-7ff0afb95627/237c6c51-03ca-4beb-9c4a-7ff0afb95627-2.jpg,2,2026-04-22 14:48:11.668567+00
d8664598-8073-45ba-a88b-b5847239a9b0,6d1a9522-b4b9-4c89-8023-eb1a453d89d8,https://awrznjnofgmlqjiayhoi.supabase.co/storage/v1/object/public/yacht-images/new-yachts/6d1a9522-b4b9-4c89-8023-eb1a453d89d8/6d1a9522-b4b9-4c89-8023-eb1a453d89d8-5.jpg,new-yachts/6d1a9522-b4b9-4c89-8023-eb1a453d89d8/6d1a9522-b4b9-4c89-8023-eb1a453d89d8-5.jpg,5,2026-04-23 08:53:35.841871+00
d86abc0b-62a6-470f-92cc-5082a9c3a93c,7003a6dc-f1a6-4109-a0e2-854d49db77fc,https://awrznjnofgmlqjiayhoi.supabase.co/storage/v1/object/public/yacht-images/new-yachts/7003a6dc-f1a6-4109-a0e2-854d49db77fc/7003a6dc-f1a6-4109-a0e2-854d49db77fc-9.jpg,new-yachts/7003a6dc-f1a6-4109-a0e2-854d49db77fc/7003a6dc-f1a6-4109-a0e2-854d49db77fc-9.jpg,9,2026-04-23 08:56:27.184622+00
d8ee43d6-62ee-4d5c-87ac-a4bf24a80ff3,00f407c0-a7b1-4072-8165-acc95c322bae,https://awrznjnofgmlqjiayhoi.supabase.co/storage/v1/object/public/yacht-images/new-yachts/00f407c0-a7b1-4072-8165-acc95c322bae/00f407c0-a7b1-4072-8165-acc95c322bae-8.jpg,new-yachts/00f407c0-a7b1-4072-8165-acc95c322bae/00f407c0-a7b1-4072-8165-acc95c322bae-8.jpg,8,2026-04-24 21:47:03.397279+00
d900dbd1-8763-49d2-8df0-5b535b600cc9,9bb11399-c9d0-426a-b423-506c3373bf26,https://awrznjnofgmlqjiayhoi.supabase.co/storage/v1/object/public/yacht-images/new-yachts/9bb11399-c9d0-426a-b423-506c3373bf26/9bb11399-c9d0-426a-b423-506c3373bf26-7.jpg,new-yachts/9bb11399-c9d0-426a-b423-506c3373bf26/9bb11399-c9d0-426a-b423-506c3373bf26-7.jpg,7,2026-04-22 18:33:46.523992+00
d90b5ac0-cbdf-45a8-afa8-4e3b91608b4a,d15f9400-57d7-4e7e-8194-b1c06fe5f250,https://awrznjnofgmlqjiayhoi.supabase.co/storage/v1/object/public/yacht-images/new-yachts/d15f9400-57d7-4e7e-8194-b1c06fe5f250/d15f9400-57d7-4e7e-8194-b1c06fe5f250-10.jpg,new-yachts/d15f9400-57d7-4e7e-8194-b1c06fe5f250/d15f9400-57d7-4e7e-8194-b1c06fe5f250-10.jpg,10,2026-04-24 15:53:05.494219+00
d9a12d7f-dbc2-4c20-85ef-a6c75dad4d14,e9027657-7dcb-4ff3-993b-ee589e17b607,https://awrznjnofgmlqjiayhoi.supabase.co/storage/v1/object/public/yacht-images/new-yachts/e9027657-7dcb-4ff3-993b-ee589e17b607/e9027657-7dcb-4ff3-993b-ee589e17b607-5.jpg,new-yachts/e9027657-7dcb-4ff3-993b-ee589e17b607/e9027657-7dcb-4ff3-993b-ee589e17b607-5.jpg,5,2026-04-23 09:00:16.152641+00
d9ac622d-8eef-4ac1-868c-20dd2bdd51d6,e3ed0b65-11ce-434b-b654-3450349c0ac2,https://awrznjnofgmlqjiayhoi.supabase.co/storage/v1/object/public/yacht-images/new-yachts/e3ed0b65-11ce-434b-b654-3450349c0ac2/e3ed0b65-11ce-434b-b654-3450349c0ac2-1.jpg,new-yachts/e3ed0b65-11ce-434b-b654-3450349c0ac2/e3ed0b65-11ce-434b-b654-3450349c0ac2-1.jpg,1,2026-04-22 17:28:14.734049+00
d9c92ade-f494-4ece-9c14-a4b12cb8c42f,048be10f-7f58-4426-858b-64c0cb21305c,https://awrznjnofgmlqjiayhoi.supabase.co/storage/v1/object/public/yacht-images/new-yachts/048be10f-7f58-4426-858b-64c0cb21305c/048be10f-7f58-4426-858b-64c0cb21305c-1.jpg,new-yachts/048be10f-7f58-4426-858b-64c0cb21305c/048be10f-7f58-4426-858b-64c0cb21305c-1.jpg,1,2026-03-27 20:01:56.024771+00
d9ca095b-63a5-4eab-896b-8065e5d1b2b9,3be4e810-053d-4854-b2ae-708b86082bac,https://awrznjnofgmlqjiayhoi.supabase.co/storage/v1/object/public/yacht-images/new-yachts/3be4e810-053d-4854-b2ae-708b86082bac/3be4e810-053d-4854-b2ae-708b86082bac-8.jpg,new-yachts/3be4e810-053d-4854-b2ae-708b86082bac/3be4e810-053d-4854-b2ae-708b86082bac-8.jpg,8,2026-04-24 00:26:53.296349+00
da06650b-5936-4b7d-8561-e3c186588fac,062adaff-6e68-4667-aa06-21653f05ee5e,https://awrznjnofgmlqjiayhoi.supabase.co/storage/v1/object/public/yacht-images/new-yachts/062adaff-6e68-4667-aa06-21653f05ee5e/062adaff-6e68-4667-aa06-21653f05ee5e-4.jpg,new-yachts/062adaff-6e68-4667-aa06-21653f05ee5e/062adaff-6e68-4667-aa06-21653f05ee5e-4.jpg,4,2026-04-10 12:15:37.95304+00
da6c8cac-2631-40e8-a4c8-6db4cc06d94f,245f9376-5d0c-4d01-9edb-8b2357d16aca,https://awrznjnofgmlqjiayhoi.supabase.co/storage/v1/object/public/yacht-images/new-yachts/245f9376-5d0c-4d01-9edb-8b2357d16aca/245f9376-5d0c-4d01-9edb-8b2357d16aca-2.jpg,new-yachts/245f9376-5d0c-4d01-9edb-8b2357d16aca/245f9376-5d0c-4d01-9edb-8b2357d16aca-2.jpg,2,2026-04-24 00:21:18.525415+00
da8882d2-31ad-4dd0-879f-3a109d25c70d,8f6ead2d-9e5a-4952-89a3-fa782ef6db82,https://awrznjnofgmlqjiayhoi.supabase.co/storage/v1/object/public/yacht-images/new-yachts/8f6ead2d-9e5a-4952-89a3-fa782ef6db82/8f6ead2d-9e5a-4952-89a3-fa782ef6db82-1.jpg,new-yachts/8f6ead2d-9e5a-4952-89a3-fa782ef6db82/8f6ead2d-9e5a-4952-89a3-fa782ef6db82-1.jpg,1,2026-04-22 15:19:52.55925+00
dafd5290-95bc-4e54-a8aa-fb7e02df884e,8e5f6ed1-f9a8-43a4-b959-76c71e39942e,https://awrznjnofgmlqjiayhoi.supabase.co/storage/v1/object/public/yacht-images/new-yachts/8e5f6ed1-f9a8-43a4-b959-76c71e39942e/8e5f6ed1-f9a8-43a4-b959-76c71e39942e-8.jpg,new-yachts/8e5f6ed1-f9a8-43a4-b959-76c71e39942e/8e5f6ed1-f9a8-43a4-b959-76c71e39942e-8.jpg,8,2026-04-22 16:28:47.430026+00
db16de52-ea01-4322-afc3-c9d821108862,2574c261-52de-479f-9ccd-2f833f6ba6d6,https://awrznjnofgmlqjiayhoi.supabase.co/storage/v1/object/public/yacht-images/new-yachts/2574c261-52de-479f-9ccd-2f833f6ba6d6/2574c261-52de-479f-9ccd-2f833f6ba6d6-10.jpg,new-yachts/2574c261-52de-479f-9ccd-2f833f6ba6d6/2574c261-52de-479f-9ccd-2f833f6ba6d6-10.jpg,10,2026-04-22 16:26:13.637085+00
db21d71c-9e1c-4b84-8ab9-1378f26ff9c5,d0075994-96ea-41d7-99b0-7e2f908da0bc,https://awrznjnofgmlqjiayhoi.supabase.co/storage/v1/object/public/yacht-images/new-yachts/d0075994-96ea-41d7-99b0-7e2f908da0bc/d0075994-96ea-41d7-99b0-7e2f908da0bc-1.jpg,new-yachts/d0075994-96ea-41d7-99b0-7e2f908da0bc/d0075994-96ea-41d7-99b0-7e2f908da0bc-1.jpg,1,2026-04-24 00:25:49.622717+00
db2fcc86-ef54-4f9b-a0bd-12f9a4a85b82,bd97e6ce-9abe-4bb5-8ee3-eda9646c6638,https://awrznjnofgmlqjiayhoi.supabase.co/storage/v1/object/public/yacht-images/new-yachts/bd97e6ce-9abe-4bb5-8ee3-eda9646c6638/bd97e6ce-9abe-4bb5-8ee3-eda9646c6638-4.jpg,new-yachts/bd97e6ce-9abe-4bb5-8ee3-eda9646c6638/bd97e6ce-9abe-4bb5-8ee3-eda9646c6638-4.jpg,4,2026-04-22 16:27:16.394495+00
db353aef-e518-44a2-851e-396b489e1218,e4eb87fe-d17d-4379-af62-8d6512a61ca2,https://awrznjnofgmlqjiayhoi.supabase.co/storage/v1/object/public/yacht-images/new-yachts/e4eb87fe-d17d-4379-af62-8d6512a61ca2/e4eb87fe-d17d-4379-af62-8d6512a61ca2-2.jpg,new-yachts/e4eb87fe-d17d-4379-af62-8d6512a61ca2/e4eb87fe-d17d-4379-af62-8d6512a61ca2-2.jpg,2,2026-04-24 22:06:05.64096+00
db6bbee7-663d-4779-969e-295b7e91a4f2,3c394ac5-a52c-4c8d-b431-0eff672003b3,https://awrznjnofgmlqjiayhoi.supabase.co/storage/v1/object/public/yacht-images/new-yachts/3c394ac5-a52c-4c8d-b431-0eff672003b3/3c394ac5-a52c-4c8d-b431-0eff672003b3-1.jpg,new-yachts/3c394ac5-a52c-4c8d-b431-0eff672003b3/3c394ac5-a52c-4c8d-b431-0eff672003b3-1.jpg,1,2026-04-24 22:17:43.585512+00
db87ef0b-284b-42ed-9076-718a6fa56649,8077c30c-b54a-4554-9574-20b30ac55af9,https://awrznjnofgmlqjiayhoi.supabase.co/storage/v1/object/public/yacht-images/new-yachts/8077c30c-b54a-4554-9574-20b30ac55af9/8077c30c-b54a-4554-9574-20b30ac55af9-4.jpg,new-yachts/8077c30c-b54a-4554-9574-20b30ac55af9/8077c30c-b54a-4554-9574-20b30ac55af9-4.jpg,4,2026-04-22 18:14:20.437197+00
dbd987bb-37c8-4b34-bd86-a1303a0b083e,09b2328a-b514-4c89-abe8-41c332218a64,https://awrznjnofgmlqjiayhoi.supabase.co/storage/v1/object/public/yacht-images/new-yachts/09b2328a-b514-4c89-abe8-41c332218a64/09b2328a-b514-4c89-abe8-41c332218a64-5.jpg,new-yachts/09b2328a-b514-4c89-abe8-41c332218a64/09b2328a-b514-4c89-abe8-41c332218a64-5.jpg,5,2026-04-22 18:29:30.35855+00
dbf2a57d-7607-461a-ba4f-1c9d0109bb98,e77f9842-d7df-4821-aaea-022f37c657ab,https://awrznjnofgmlqjiayhoi.supabase.co/storage/v1/object/public/yacht-images/new-yachts/e77f9842-d7df-4821-aaea-022f37c657ab/e77f9842-d7df-4821-aaea-022f37c657ab-2.jpg,new-yachts/e77f9842-d7df-4821-aaea-022f37c657ab/e77f9842-d7df-4821-aaea-022f37c657ab-2.jpg,2,2026-04-22 15:02:32.902214+00
dbf5a4ee-b90b-4a9a-a565-9cfa57f51e62,c3661269-98db-4434-968d-fcc49da5955d,https://awrznjnofgmlqjiayhoi.supabase.co/storage/v1/object/public/yacht-images/new-yachts/c3661269-98db-4434-968d-fcc49da5955d/c3661269-98db-4434-968d-fcc49da5955d-3.jpg,new-yachts/c3661269-98db-4434-968d-fcc49da5955d/c3661269-98db-4434-968d-fcc49da5955d-3.jpg,3,2026-04-24 00:37:21.516977+00
dc00025d-81c1-4e0d-a534-91acd840042e,bc6673af-2cbc-45d6-98bd-04b89297bef3,https://awrznjnofgmlqjiayhoi.supabase.co/storage/v1/object/public/yacht-images/new-yachts/bc6673af-2cbc-45d6-98bd-04b89297bef3/bc6673af-2cbc-45d6-98bd-04b89297bef3-8.jpg,new-yachts/bc6673af-2cbc-45d6-98bd-04b89297bef3/bc6673af-2cbc-45d6-98bd-04b89297bef3-8.jpg,8,2026-04-22 14:39:25.945581+00
dc0508b4-8a82-4534-8057-80df12fc5444,96f0c491-d2d6-4d18-9673-195e14005b8b,https://awrznjnofgmlqjiayhoi.supabase.co/storage/v1/object/public/yacht-images/new-yachts/96f0c491-d2d6-4d18-9673-195e14005b8b/96f0c491-d2d6-4d18-9673-195e14005b8b-3.jpg,new-yachts/96f0c491-d2d6-4d18-9673-195e14005b8b/96f0c491-d2d6-4d18-9673-195e14005b8b-3.jpg,3,2026-04-24 22:12:09.679608+00
dc1ba0e1-2001-4343-9d85-bf22dd9bd113,5571b971-bc7b-4c6f-ba4e-1b2beef70fe0,https://awrznjnofgmlqjiayhoi.supabase.co/storage/v1/object/public/yacht-images/new-yachts/5571b971-bc7b-4c6f-ba4e-1b2beef70fe0/5571b971-bc7b-4c6f-ba4e-1b2beef70fe0-9.jpg,new-yachts/5571b971-bc7b-4c6f-ba4e-1b2beef70fe0/5571b971-bc7b-4c6f-ba4e-1b2beef70fe0-9.jpg,9,2026-04-23 10:17:03.850735+00
dc8495f3-3f8f-49b3-a0a7-4d2bb58aa330,7db06b92-897d-47e6-a070-0b270a5b6d03,https://awrznjnofgmlqjiayhoi.supabase.co/storage/v1/object/public/yacht-images/new-yachts/7db06b92-897d-47e6-a070-0b270a5b6d03/7db06b92-897d-47e6-a070-0b270a5b6d03-7.jpg,new-yachts/7db06b92-897d-47e6-a070-0b270a5b6d03/7db06b92-897d-47e6-a070-0b270a5b6d03-7.jpg,7,2026-04-22 18:45:58.680588+00
dca877f5-aa4d-4f6e-9bfb-3d663ad123d7,5d02ef55-1f86-4529-b012-e26a73e30363,https://awrznjnofgmlqjiayhoi.supabase.co/storage/v1/object/public/yacht-images/new-yachts/5d02ef55-1f86-4529-b012-e26a73e30363/5d02ef55-1f86-4529-b012-e26a73e30363-10.jpg,new-yachts/5d02ef55-1f86-4529-b012-e26a73e30363/5d02ef55-1f86-4529-b012-e26a73e30363-10.jpg,10,2026-04-24 00:15:19.764437+00
dcdd978d-e56f-4fc3-b577-901a34b439fa,2e3af2b6-03f7-42bd-8d22-8722bd67c21e,https://awrznjnofgmlqjiayhoi.supabase.co/storage/v1/object/public/yacht-images/new-yachts/2e3af2b6-03f7-42bd-8d22-8722bd67c21e/2e3af2b6-03f7-42bd-8d22-8722bd67c21e-1.jpg,new-yachts/2e3af2b6-03f7-42bd-8d22-8722bd67c21e/2e3af2b6-03f7-42bd-8d22-8722bd67c21e-1.jpg,1,2026-03-27 20:03:57.707795+00
dd015d47-d35c-4a6f-8994-5eeaa15a2519,3011de4f-421b-4c6e-9433-a9f0417d7d89,https://awrznjnofgmlqjiayhoi.supabase.co/storage/v1/object/public/yacht-images/new-yachts/3011de4f-421b-4c6e-9433-a9f0417d7d89/3011de4f-421b-4c6e-9433-a9f0417d7d89-6.jpg,new-yachts/3011de4f-421b-4c6e-9433-a9f0417d7d89/3011de4f-421b-4c6e-9433-a9f0417d7d89-6.jpg,6,2026-04-22 14:51:02.469073+00
dd20c2cb-2e17-4b88-9fc2-3c091b0d423a,b79617e8-78f0-4a13-a5df-9c00dfd10d41,https://awrznjnofgmlqjiayhoi.supabase.co/storage/v1/object/public/yacht-images/new-yachts/b79617e8-78f0-4a13-a5df-9c00dfd10d41/b79617e8-78f0-4a13-a5df-9c00dfd10d41-6.jpg,new-yachts/b79617e8-78f0-4a13-a5df-9c00dfd10d41/b79617e8-78f0-4a13-a5df-9c00dfd10d41-6.jpg,6,2026-04-22 14:49:43.116161+00
dd71fbc1-d7c1-4e95-93db-8349889d6c50,f0238dcf-548b-4271-af4f-cb068b72d462,https://awrznjnofgmlqjiayhoi.supabase.co/storage/v1/object/public/yacht-images/new-yachts/f0238dcf-548b-4271-af4f-cb068b72d462/f0238dcf-548b-4271-af4f-cb068b72d462-10.jpg,new-yachts/f0238dcf-548b-4271-af4f-cb068b72d462/f0238dcf-548b-4271-af4f-cb068b72d462-10.jpg,10,2026-04-22 13:24:12.41982+00
dd790f7c-96cc-437c-a83a-2625810247fe,99ef150a-4436-478c-9d40-05c7ebf085b4,https://awrznjnofgmlqjiayhoi.supabase.co/storage/v1/object/public/yacht-images/new-yachts/99ef150a-4436-478c-9d40-05c7ebf085b4/99ef150a-4436-478c-9d40-05c7ebf085b4-2.jpg,new-yachts/99ef150a-4436-478c-9d40-05c7ebf085b4/99ef150a-4436-478c-9d40-05c7ebf085b4-2.jpg,2,2026-04-22 18:27:12.485292+00
dd9f19a3-f1ab-41f0-985d-c23c35f677fb,1b2adf4e-a2b8-4797-b6d4-f17c62016e14,https://awrznjnofgmlqjiayhoi.supabase.co/storage/v1/object/public/yacht-images/new-yachts/1b2adf4e-a2b8-4797-b6d4-f17c62016e14/1b2adf4e-a2b8-4797-b6d4-f17c62016e14-2.webp,new-yachts/1b2adf4e-a2b8-4797-b6d4-f17c62016e14/1b2adf4e-a2b8-4797-b6d4-f17c62016e14-2.webp,2,2026-03-26 22:00:51.975784+00
ddc842d3-4491-4384-9e99-f9b2eb5b895b,bc6673af-2cbc-45d6-98bd-04b89297bef3,https://awrznjnofgmlqjiayhoi.supabase.co/storage/v1/object/public/yacht-images/new-yachts/bc6673af-2cbc-45d6-98bd-04b89297bef3/bc6673af-2cbc-45d6-98bd-04b89297bef3-11.jpg,new-yachts/bc6673af-2cbc-45d6-98bd-04b89297bef3/bc6673af-2cbc-45d6-98bd-04b89297bef3-11.jpg,11,2026-04-22 14:39:27.806413+00
ddccc87c-a3de-41cc-987f-3393c5e510a8,67178f72-eeb2-453d-a891-16e6e75edbff,https://awrznjnofgmlqjiayhoi.supabase.co/storage/v1/object/public/yacht-images/new-yachts/67178f72-eeb2-453d-a891-16e6e75edbff/67178f72-eeb2-453d-a891-16e6e75edbff-5.jpg,new-yachts/67178f72-eeb2-453d-a891-16e6e75edbff/67178f72-eeb2-453d-a891-16e6e75edbff-5.jpg,5,2026-04-22 14:31:01.809668+00
ddf661e3-c1fb-4fdb-b080-df20a6e98cf1,d498bf47-d0e2-4d72-b4e2-cfed8ea1e453,https://awrznjnofgmlqjiayhoi.supabase.co/storage/v1/object/public/yacht-images/new-yachts/d498bf47-d0e2-4d72-b4e2-cfed8ea1e453/d498bf47-d0e2-4d72-b4e2-cfed8ea1e453-8.jpg,new-yachts/d498bf47-d0e2-4d72-b4e2-cfed8ea1e453/d498bf47-d0e2-4d72-b4e2-cfed8ea1e453-8.jpg,8,2026-04-22 15:18:19.890363+00
de0c4a68-40fc-41f8-9cdc-327cadec1499,58b73dc9-e3f7-45b6-b6bb-05639d77e162,https://awrznjnofgmlqjiayhoi.supabase.co/storage/v1/object/public/yacht-images/new-yachts/58b73dc9-e3f7-45b6-b6bb-05639d77e162/58b73dc9-e3f7-45b6-b6bb-05639d77e162-9.jpg,new-yachts/58b73dc9-e3f7-45b6-b6bb-05639d77e162/58b73dc9-e3f7-45b6-b6bb-05639d77e162-9.jpg,9,2026-04-22 14:37:43.847676+00
de40ca75-c0d8-4278-9ac1-55e168d70229,5b8bf348-8319-4418-ad3e-0166da6ea16c,https://awrznjnofgmlqjiayhoi.supabase.co/storage/v1/object/public/yacht-images/new-yachts/5b8bf348-8319-4418-ad3e-0166da6ea16c/5b8bf348-8319-4418-ad3e-0166da6ea16c-4.webp,new-yachts/5b8bf348-8319-4418-ad3e-0166da6ea16c/5b8bf348-8319-4418-ad3e-0166da6ea16c-4.webp,4,2026-03-26 19:39:06.018902+00
de770084-5906-4db4-a29c-d4cc096c0492,2376d7ee-cfbb-49e5-85fe-46552893c082,https://awrznjnofgmlqjiayhoi.supabase.co/storage/v1/object/public/yacht-images/new-yachts/2376d7ee-cfbb-49e5-85fe-46552893c082/2376d7ee-cfbb-49e5-85fe-46552893c082-7.jpg,new-yachts/2376d7ee-cfbb-49e5-85fe-46552893c082/2376d7ee-cfbb-49e5-85fe-46552893c082-7.jpg,7,2026-04-22 18:13:24.47974+00
de7ee0a0-989c-438c-8a39-aacc77c60786,649ce45c-bd0c-4bb4-97e7-fa5da64e4a18,https://awrznjnofgmlqjiayhoi.supabase.co/storage/v1/object/public/yacht-images/new-yachts/649ce45c-bd0c-4bb4-97e7-fa5da64e4a18/649ce45c-bd0c-4bb4-97e7-fa5da64e4a18-6.jpg,new-yachts/649ce45c-bd0c-4bb4-97e7-fa5da64e4a18/649ce45c-bd0c-4bb4-97e7-fa5da64e4a18-6.jpg,6,2026-04-10 12:17:02.063712+00
de9441b3-7e1f-45a7-a4db-3013832d94be,34140b13-e5f4-4042-8f03-49390da36148,https://awrznjnofgmlqjiayhoi.supabase.co/storage/v1/object/public/yacht-images/new-yachts/34140b13-e5f4-4042-8f03-49390da36148/34140b13-e5f4-4042-8f03-49390da36148-4.jpg,new-yachts/34140b13-e5f4-4042-8f03-49390da36148/34140b13-e5f4-4042-8f03-49390da36148-4.jpg,4,2026-04-23 19:12:03.652132+00
de98225f-f13c-4ce2-b890-027148edd73b,d74ccc10-d2f6-4021-b1c7-1a75d3f1b2b6,https://awrznjnofgmlqjiayhoi.supabase.co/storage/v1/object/public/yacht-images/new-yachts/d74ccc10-d2f6-4021-b1c7-1a75d3f1b2b6/d74ccc10-d2f6-4021-b1c7-1a75d3f1b2b6-4.jpg,new-yachts/d74ccc10-d2f6-4021-b1c7-1a75d3f1b2b6/d74ccc10-d2f6-4021-b1c7-1a75d3f1b2b6-4.jpg,4,2026-04-22 17:01:39.522733+00
def710bd-5237-444d-910e-1be771aef28a,8f6ead2d-9e5a-4952-89a3-fa782ef6db82,https://awrznjnofgmlqjiayhoi.supabase.co/storage/v1/object/public/yacht-images/new-yachts/8f6ead2d-9e5a-4952-89a3-fa782ef6db82/8f6ead2d-9e5a-4952-89a3-fa782ef6db82-2.jpg,new-yachts/8f6ead2d-9e5a-4952-89a3-fa782ef6db82/8f6ead2d-9e5a-4952-89a3-fa782ef6db82-2.jpg,2,2026-04-22 15:19:53.384044+00
deface63-e3e3-4f69-9f51-d45a66b2e4a3,b71e779a-40eb-4110-b871-8d24a227e42f,https://awrznjnofgmlqjiayhoi.supabase.co/storage/v1/object/public/yacht-images/new-yachts/b71e779a-40eb-4110-b871-8d24a227e42f/b71e779a-40eb-4110-b871-8d24a227e42f-3.jpg,new-yachts/b71e779a-40eb-4110-b871-8d24a227e42f/b71e779a-40eb-4110-b871-8d24a227e42f-3.jpg,3,2026-04-24 18:50:22.486062+00
df109a50-058f-4b23-88a8-9ee55f955dfb,b8386205-38db-4b2c-b839-b02eb7dbdb4e,https://awrznjnofgmlqjiayhoi.supabase.co/storage/v1/object/public/yacht-images/new-yachts/b8386205-38db-4b2c-b839-b02eb7dbdb4e/b8386205-38db-4b2c-b839-b02eb7dbdb4e-10.jpg,new-yachts/b8386205-38db-4b2c-b839-b02eb7dbdb4e/b8386205-38db-4b2c-b839-b02eb7dbdb4e-10.jpg,10,2026-04-24 17:54:54.809974+00
df116323-5345-477d-aef0-f3d9744e27df,a4759571-4e3b-46b6-a622-05cfe4987629,https://awrznjnofgmlqjiayhoi.supabase.co/storage/v1/object/public/yacht-images/new-yachts/a4759571-4e3b-46b6-a622-05cfe4987629/a4759571-4e3b-46b6-a622-05cfe4987629-5.jpg,new-yachts/a4759571-4e3b-46b6-a622-05cfe4987629/a4759571-4e3b-46b6-a622-05cfe4987629-5.jpg,5,2026-04-24 22:50:20.883099+00
df3b2dc9-cab8-46a4-95e4-d58cb0073c72,c96d4ad4-068c-4543-8548-9bee6a9e902f,https://awrznjnofgmlqjiayhoi.supabase.co/storage/v1/object/public/yacht-images/new-yachts/c96d4ad4-068c-4543-8548-9bee6a9e902f/c96d4ad4-068c-4543-8548-9bee6a9e902f-9.jpg,new-yachts/c96d4ad4-068c-4543-8548-9bee6a9e902f/c96d4ad4-068c-4543-8548-9bee6a9e902f-9.jpg,9,2026-04-23 10:17:55.839684+00
df6a6758-72da-49c1-bca9-b3eaeaa36bc5,bab48513-ac52-49e5-b77f-754867d91fee,https://awrznjnofgmlqjiayhoi.supabase.co/storage/v1/object/public/yacht-images/new-yachts/bab48513-ac52-49e5-b77f-754867d91fee/bab48513-ac52-49e5-b77f-754867d91fee-1.jpg,new-yachts/bab48513-ac52-49e5-b77f-754867d91fee/bab48513-ac52-49e5-b77f-754867d91fee-1.jpg,1,2026-04-24 15:54:06.870024+00
dfe1eef3-23c1-4f04-8804-e19021a3b124,40ad641d-8678-4762-ae92-ed4a9b0cb3b9,https://awrznjnofgmlqjiayhoi.supabase.co/storage/v1/object/public/yacht-images/new-yachts/40ad641d-8678-4762-ae92-ed4a9b0cb3b9/40ad641d-8678-4762-ae92-ed4a9b0cb3b9-10.jpg,new-yachts/40ad641d-8678-4762-ae92-ed4a9b0cb3b9/40ad641d-8678-4762-ae92-ed4a9b0cb3b9-10.jpg,10,2026-04-23 09:17:40.337316+00
dffe9a14-9b8e-4bb2-b051-b21543fea04d,fcaae122-813b-4b13-8d0d-14fff587e85a,https://awrznjnofgmlqjiayhoi.supabase.co/storage/v1/object/public/yacht-images/new-yachts/fcaae122-813b-4b13-8d0d-14fff587e85a/fcaae122-813b-4b13-8d0d-14fff587e85a-5.webp,new-yachts/fcaae122-813b-4b13-8d0d-14fff587e85a/fcaae122-813b-4b13-8d0d-14fff587e85a-5.webp,5,2026-03-26 19:32:36.710139+00
e008fabc-d31d-4694-ae43-c9232c25f2da,d7a436a7-e4ac-4cc0-8f1c-52374949f9ec,https://awrznjnofgmlqjiayhoi.supabase.co/storage/v1/object/public/yacht-images/new-yachts/d7a436a7-e4ac-4cc0-8f1c-52374949f9ec/d7a436a7-e4ac-4cc0-8f1c-52374949f9ec-4.webp,new-yachts/d7a436a7-e4ac-4cc0-8f1c-52374949f9ec/d7a436a7-e4ac-4cc0-8f1c-52374949f9ec-4.webp,4,2026-03-27 20:29:32.139449+00
e04b1197-2927-49b6-9c4d-8c5e21747bf2,1646a0a5-5fa5-410b-8b32-7ade84fab230,https://awrznjnofgmlqjiayhoi.supabase.co/storage/v1/object/public/yacht-images/new-yachts/1646a0a5-5fa5-410b-8b32-7ade84fab230/1646a0a5-5fa5-410b-8b32-7ade84fab230-4.jpg,new-yachts/1646a0a5-5fa5-410b-8b32-7ade84fab230/1646a0a5-5fa5-410b-8b32-7ade84fab230-4.jpg,4,2026-04-24 00:44:38.455704+00
e04e5f5d-3fc1-40d1-94e3-5ccea363fbad,e77f9842-d7df-4821-aaea-022f37c657ab,https://awrznjnofgmlqjiayhoi.supabase.co/storage/v1/object/public/yacht-images/new-yachts/e77f9842-d7df-4821-aaea-022f37c657ab/e77f9842-d7df-4821-aaea-022f37c657ab-3.jpg,new-yachts/e77f9842-d7df-4821-aaea-022f37c657ab/e77f9842-d7df-4821-aaea-022f37c657ab-3.jpg,3,2026-04-22 15:02:34.221102+00
e05768e6-c2fc-4295-a8e2-244bf67f6504,c8de990e-7e4a-4ad6-8e58-490752e3cfab,https://awrznjnofgmlqjiayhoi.supabase.co/storage/v1/object/public/yacht-images/new-yachts/c8de990e-7e4a-4ad6-8e58-490752e3cfab/c8de990e-7e4a-4ad6-8e58-490752e3cfab-10.jpg,new-yachts/c8de990e-7e4a-4ad6-8e58-490752e3cfab/c8de990e-7e4a-4ad6-8e58-490752e3cfab-10.jpg,10,2026-04-22 18:20:38.301343+00
e06d6712-8c4f-498c-98ac-79fadfd2e675,96f0c491-d2d6-4d18-9673-195e14005b8b,https://awrznjnofgmlqjiayhoi.supabase.co/storage/v1/object/public/yacht-images/new-yachts/96f0c491-d2d6-4d18-9673-195e14005b8b/96f0c491-d2d6-4d18-9673-195e14005b8b-4.jpg,new-yachts/96f0c491-d2d6-4d18-9673-195e14005b8b/96f0c491-d2d6-4d18-9673-195e14005b8b-4.jpg,4,2026-04-24 22:12:10.240911+00
e06e1776-d320-4d20-9d8e-c52390e6035f,edbf3b89-880d-42df-9940-7c851dd8c73a,https://awrznjnofgmlqjiayhoi.supabase.co/storage/v1/object/public/yacht-images/new-yachts/edbf3b89-880d-42df-9940-7c851dd8c73a/edbf3b89-880d-42df-9940-7c851dd8c73a-1.jpg,new-yachts/edbf3b89-880d-42df-9940-7c851dd8c73a/edbf3b89-880d-42df-9940-7c851dd8c73a-1.jpg,1,2026-04-22 18:39:16.748962+00
e0bd53c4-9c94-4274-9abb-511590f6e70e,80158340-3d11-4af8-948d-23fa3fd26828,https://awrznjnofgmlqjiayhoi.supabase.co/storage/v1/object/public/yacht-images/new-yachts/80158340-3d11-4af8-948d-23fa3fd26828/80158340-3d11-4af8-948d-23fa3fd26828-2.webp,new-yachts/80158340-3d11-4af8-948d-23fa3fd26828/80158340-3d11-4af8-948d-23fa3fd26828-2.webp,2,2026-03-26 21:38:35.131291+00
e0f3ae36-72d3-4cfe-980f-9403d65c4dc8,ca11d0bc-19db-4d7f-965d-da4a896b189a,https://awrznjnofgmlqjiayhoi.supabase.co/storage/v1/object/public/yacht-images/new-yachts/ca11d0bc-19db-4d7f-965d-da4a896b189a/ca11d0bc-19db-4d7f-965d-da4a896b189a-4.webp,new-yachts/ca11d0bc-19db-4d7f-965d-da4a896b189a/ca11d0bc-19db-4d7f-965d-da4a896b189a-4.webp,4,2026-03-01 09:48:13.304503+00
e1009819-a0d6-4862-9ba7-f51e5b0f3126,a6a12e4a-1f13-40ae-a2d3-5fcc38532e12,https://awrznjnofgmlqjiayhoi.supabase.co/storage/v1/object/public/yacht-images/new-yachts/a6a12e4a-1f13-40ae-a2d3-5fcc38532e12/a6a12e4a-1f13-40ae-a2d3-5fcc38532e12-9.jpg,new-yachts/a6a12e4a-1f13-40ae-a2d3-5fcc38532e12/a6a12e4a-1f13-40ae-a2d3-5fcc38532e12-9.jpg,9,2026-04-22 14:43:18.874071+00
e107c089-5e70-434d-bf9e-8f5e76db5c29,75597bbd-243f-42fd-a534-fdeca57e3c9c,https://awrznjnofgmlqjiayhoi.supabase.co/storage/v1/object/public/yacht-images/new-yachts/75597bbd-243f-42fd-a534-fdeca57e3c9c/75597bbd-243f-42fd-a534-fdeca57e3c9c-10.jpg,new-yachts/75597bbd-243f-42fd-a534-fdeca57e3c9c/75597bbd-243f-42fd-a534-fdeca57e3c9c-10.jpg,10,2026-04-24 00:18:13.968252+00
e1276186-cee9-4bbf-a945-aa0fcb499198,fcaae122-813b-4b13-8d0d-14fff587e85a,https://awrznjnofgmlqjiayhoi.supabase.co/storage/v1/object/public/yacht-images/new-yachts/fcaae122-813b-4b13-8d0d-14fff587e85a/fcaae122-813b-4b13-8d0d-14fff587e85a-3.webp,new-yachts/fcaae122-813b-4b13-8d0d-14fff587e85a/fcaae122-813b-4b13-8d0d-14fff587e85a-3.webp,3,2026-03-26 19:32:35.685897+00
e12e3d3c-99b8-4e18-a9e0-8d780156e34a,0e381fe0-3d2f-401e-a912-3660d72aa7b2,https://awrznjnofgmlqjiayhoi.supabase.co/storage/v1/object/public/yacht-images/new-yachts/0e381fe0-3d2f-401e-a912-3660d72aa7b2/0e381fe0-3d2f-401e-a912-3660d72aa7b2-7.jpg,new-yachts/0e381fe0-3d2f-401e-a912-3660d72aa7b2/0e381fe0-3d2f-401e-a912-3660d72aa7b2-7.jpg,7,2026-04-22 18:11:15.16611+00
e154b66a-0e53-4bdc-bc98-e9c3fa4d0017,e3ed0b65-11ce-434b-b654-3450349c0ac2,https://awrznjnofgmlqjiayhoi.supabase.co/storage/v1/object/public/yacht-images/new-yachts/e3ed0b65-11ce-434b-b654-3450349c0ac2/e3ed0b65-11ce-434b-b654-3450349c0ac2-10.jpg,new-yachts/e3ed0b65-11ce-434b-b654-3450349c0ac2/e3ed0b65-11ce-434b-b654-3450349c0ac2-10.jpg,10,2026-04-22 17:28:21.504217+00
e173cbb6-d443-412e-9bc9-46f3326a3520,c7824eeb-5781-49ee-b923-aa636e73cb36,https://awrznjnofgmlqjiayhoi.supabase.co/storage/v1/object/public/yacht-images/new-yachts/c7824eeb-5781-49ee-b923-aa636e73cb36/c7824eeb-5781-49ee-b923-aa636e73cb36-1.jpg,new-yachts/c7824eeb-5781-49ee-b923-aa636e73cb36/c7824eeb-5781-49ee-b923-aa636e73cb36-1.jpg,1,2026-04-24 00:24:28.395745+00
e174d1ee-4485-44ce-a821-d810377a8601,647bdc13-c53c-4374-a928-cf538f64b487,https://awrznjnofgmlqjiayhoi.supabase.co/storage/v1/object/public/yacht-images/new-yachts/647bdc13-c53c-4374-a928-cf538f64b487/647bdc13-c53c-4374-a928-cf538f64b487-1.webp,new-yachts/647bdc13-c53c-4374-a928-cf538f64b487/647bdc13-c53c-4374-a928-cf538f64b487-1.webp,1,2026-05-14 14:12:35.299959+00
e18e3849-715a-4f53-83fb-7250007254c5,5491dfd2-b60d-460f-a1c5-d20b54a68599,https://awrznjnofgmlqjiayhoi.supabase.co/storage/v1/object/public/yacht-images/new-yachts/5491dfd2-b60d-460f-a1c5-d20b54a68599/5491dfd2-b60d-460f-a1c5-d20b54a68599-1.jpg,new-yachts/5491dfd2-b60d-460f-a1c5-d20b54a68599/5491dfd2-b60d-460f-a1c5-d20b54a68599-1.jpg,1,2026-04-22 17:33:36.617872+00
e1b42b37-15b6-453f-9af4-e18e0477a13b,63ad6431-db18-41ce-b5fe-09ecb9205943,https://awrznjnofgmlqjiayhoi.supabase.co/storage/v1/object/public/yacht-images/new-yachts/63ad6431-db18-41ce-b5fe-09ecb9205943/63ad6431-db18-41ce-b5fe-09ecb9205943-1.jpg,new-yachts/63ad6431-db18-41ce-b5fe-09ecb9205943/63ad6431-db18-41ce-b5fe-09ecb9205943-1.jpg,1,2026-04-23 13:47:18.079704+00
e1bde5a3-8d26-466e-9c05-2aa4ec5bfd88,f0238dcf-548b-4271-af4f-cb068b72d462,https://awrznjnofgmlqjiayhoi.supabase.co/storage/v1/object/public/yacht-images/new-yachts/f0238dcf-548b-4271-af4f-cb068b72d462/f0238dcf-548b-4271-af4f-cb068b72d462-1.jpg,new-yachts/f0238dcf-548b-4271-af4f-cb068b72d462/f0238dcf-548b-4271-af4f-cb068b72d462-1.jpg,1,2026-04-22 13:24:05.845815+00
e1df126e-899b-4525-96ef-29ab7a4f664d,a69e6979-5e73-4103-bb42-941d87b3fb36,https://awrznjnofgmlqjiayhoi.supabase.co/storage/v1/object/public/yacht-images/new-yachts/a69e6979-5e73-4103-bb42-941d87b3fb36/a69e6979-5e73-4103-bb42-941d87b3fb36-1.webp,new-yachts/a69e6979-5e73-4103-bb42-941d87b3fb36/a69e6979-5e73-4103-bb42-941d87b3fb36-1.webp,1,2026-03-26 21:18:09.396401+00
e1e297f8-a928-4206-830d-7f19476604f6,2a59a9b9-e70a-4dd8-ba20-4d4eb7384cbc,https://awrznjnofgmlqjiayhoi.supabase.co/storage/v1/object/public/yacht-images/new-yachts/2a59a9b9-e70a-4dd8-ba20-4d4eb7384cbc/2a59a9b9-e70a-4dd8-ba20-4d4eb7384cbc-7.jpg,new-yachts/2a59a9b9-e70a-4dd8-ba20-4d4eb7384cbc/2a59a9b9-e70a-4dd8-ba20-4d4eb7384cbc-7.jpg,7,2026-04-23 08:58:05.42255+00
e22b965a-2759-4306-a904-8e4501275194,6b05344c-d84a-40d5-b8a8-c8d00eccfb7d,https://awrznjnofgmlqjiayhoi.supabase.co/storage/v1/object/public/yacht-images/new-yachts/6b05344c-d84a-40d5-b8a8-c8d00eccfb7d/6b05344c-d84a-40d5-b8a8-c8d00eccfb7d-6.jpg,new-yachts/6b05344c-d84a-40d5-b8a8-c8d00eccfb7d/6b05344c-d84a-40d5-b8a8-c8d00eccfb7d-6.jpg,6,2026-04-22 17:22:24.1794+00
e259c9c0-1708-4a41-a889-03f894ca6e63,f9904641-715e-47d0-a6b0-3b971b5da052,https://awrznjnofgmlqjiayhoi.supabase.co/storage/v1/object/public/yacht-images/new-yachts/f9904641-715e-47d0-a6b0-3b971b5da052/f9904641-715e-47d0-a6b0-3b971b5da052-10.jpg,new-yachts/f9904641-715e-47d0-a6b0-3b971b5da052/f9904641-715e-47d0-a6b0-3b971b5da052-10.jpg,10,2026-04-22 17:58:06.17061+00
e2aebab1-5ad9-4c5d-8196-67b4ac819209,fd6e9af7-14f4-4d1a-86f9-d0d49f46fbc5,https://awrznjnofgmlqjiayhoi.supabase.co/storage/v1/object/public/yacht-images/new-yachts/fd6e9af7-14f4-4d1a-86f9-d0d49f46fbc5/fd6e9af7-14f4-4d1a-86f9-d0d49f46fbc5-5.webp,new-yachts/fd6e9af7-14f4-4d1a-86f9-d0d49f46fbc5/fd6e9af7-14f4-4d1a-86f9-d0d49f46fbc5-5.webp,5,2026-03-26 21:23:49.049575+00
e2e2f5f4-c308-43e6-ba1a-58fb46be8b8a,3be4e810-053d-4854-b2ae-708b86082bac,https://awrznjnofgmlqjiayhoi.supabase.co/storage/v1/object/public/yacht-images/new-yachts/3be4e810-053d-4854-b2ae-708b86082bac/3be4e810-053d-4854-b2ae-708b86082bac-9.jpg,new-yachts/3be4e810-053d-4854-b2ae-708b86082bac/3be4e810-053d-4854-b2ae-708b86082bac-9.jpg,9,2026-04-24 00:26:53.898154+00
e3127c3f-0393-4108-af70-ffe1900c6d6d,20d0e3b6-8f8c-442c-84b9-d6b0ec964c8d,https://awrznjnofgmlqjiayhoi.supabase.co/storage/v1/object/public/yacht-images/new-yachts/20d0e3b6-8f8c-442c-84b9-d6b0ec964c8d/20d0e3b6-8f8c-442c-84b9-d6b0ec964c8d-7.jpg,new-yachts/20d0e3b6-8f8c-442c-84b9-d6b0ec964c8d/20d0e3b6-8f8c-442c-84b9-d6b0ec964c8d-7.jpg,7,2026-04-22 16:23:06.185792+00
e3157d62-07f2-4dc5-9eab-13a3da78a4cc,39b52f16-b578-4028-8bae-27a9af3df2ae,https://awrznjnofgmlqjiayhoi.supabase.co/storage/v1/object/public/yacht-images/new-yachts/39b52f16-b578-4028-8bae-27a9af3df2ae/39b52f16-b578-4028-8bae-27a9af3df2ae-1.jpg,new-yachts/39b52f16-b578-4028-8bae-27a9af3df2ae/39b52f16-b578-4028-8bae-27a9af3df2ae-1.jpg,1,2026-04-22 17:18:02.429898+00
e32c4b68-bcdf-4fe4-8d52-57cdf1fa84f0,bd97e6ce-9abe-4bb5-8ee3-eda9646c6638,https://awrznjnofgmlqjiayhoi.supabase.co/storage/v1/object/public/yacht-images/new-yachts/bd97e6ce-9abe-4bb5-8ee3-eda9646c6638/bd97e6ce-9abe-4bb5-8ee3-eda9646c6638-11.jpg,new-yachts/bd97e6ce-9abe-4bb5-8ee3-eda9646c6638/bd97e6ce-9abe-4bb5-8ee3-eda9646c6638-11.jpg,11,2026-04-22 16:27:21.342329+00
e3414b96-2961-43a0-9758-1b70548220fb,efab5d6c-7ff4-4641-8abb-e8196d7a9f3d,https://awrznjnofgmlqjiayhoi.supabase.co/storage/v1/object/public/yacht-images/new-yachts/efab5d6c-7ff4-4641-8abb-e8196d7a9f3d/efab5d6c-7ff4-4641-8abb-e8196d7a9f3d-6.jpg,new-yachts/efab5d6c-7ff4-4641-8abb-e8196d7a9f3d/efab5d6c-7ff4-4641-8abb-e8196d7a9f3d-6.jpg,6,2026-04-22 15:11:48.610182+00
e35347d9-97b6-4e25-9395-12220c382f86,572bec71-8a15-4844-8cd3-1f9a6e016810,https://awrznjnofgmlqjiayhoi.supabase.co/storage/v1/object/public/yacht-images/new-yachts/572bec71-8a15-4844-8cd3-1f9a6e016810/572bec71-8a15-4844-8cd3-1f9a6e016810-5.jpg,new-yachts/572bec71-8a15-4844-8cd3-1f9a6e016810/572bec71-8a15-4844-8cd3-1f9a6e016810-5.jpg,5,2026-04-22 14:32:33.013947+00
e375e074-24ab-45b2-8ea1-42a2fe3adedb,c7ebbc0c-5644-4a96-b655-4d364326373e,https://awrznjnofgmlqjiayhoi.supabase.co/storage/v1/object/public/yacht-images/new-yachts/c7ebbc0c-5644-4a96-b655-4d364326373e/c7ebbc0c-5644-4a96-b655-4d364326373e-2.jpg,new-yachts/c7ebbc0c-5644-4a96-b655-4d364326373e/c7ebbc0c-5644-4a96-b655-4d364326373e-2.jpg,2,2026-04-22 18:03:49.013979+00
e38aa1c5-3a47-4c2a-9c64-a46f5d551bf1,482d1927-5b7c-44d1-87a8-1cb33053bf9a,https://awrznjnofgmlqjiayhoi.supabase.co/storage/v1/object/public/yacht-images/new-yachts/482d1927-5b7c-44d1-87a8-1cb33053bf9a/482d1927-5b7c-44d1-87a8-1cb33053bf9a-10.jpg,new-yachts/482d1927-5b7c-44d1-87a8-1cb33053bf9a/482d1927-5b7c-44d1-87a8-1cb33053bf9a-10.jpg,10,2026-04-22 13:31:29.379139+00
e3b840af-0531-4900-aa0b-e2eb1507e7c5,8d7a0fc8-4b08-4d64-8427-2d433e120720,https://awrznjnofgmlqjiayhoi.supabase.co/storage/v1/object/public/yacht-images/new-yachts/8d7a0fc8-4b08-4d64-8427-2d433e120720/8d7a0fc8-4b08-4d64-8427-2d433e120720-10.jpg,new-yachts/8d7a0fc8-4b08-4d64-8427-2d433e120720/8d7a0fc8-4b08-4d64-8427-2d433e120720-10.jpg,10,2026-04-23 10:14:04.943903+00
e3c209b2-b5f5-4996-a6aa-195d9191c3c8,3c3b41d1-6a5d-4bff-9ac4-74151a516eb2,https://awrznjnofgmlqjiayhoi.supabase.co/storage/v1/object/public/yacht-images/new-yachts/3c3b41d1-6a5d-4bff-9ac4-74151a516eb2/3c3b41d1-6a5d-4bff-9ac4-74151a516eb2-9.jpg,new-yachts/3c3b41d1-6a5d-4bff-9ac4-74151a516eb2/3c3b41d1-6a5d-4bff-9ac4-74151a516eb2-9.jpg,9,2026-04-22 17:43:07.524061+00
e3d3f579-d158-4703-a066-e238651283d3,46dec82f-7d34-4f29-939d-9fcfb5d011cd,https://awrznjnofgmlqjiayhoi.supabase.co/storage/v1/object/public/yacht-images/new-yachts/46dec82f-7d34-4f29-939d-9fcfb5d011cd/46dec82f-7d34-4f29-939d-9fcfb5d011cd-5.jpg,new-yachts/46dec82f-7d34-4f29-939d-9fcfb5d011cd/46dec82f-7d34-4f29-939d-9fcfb5d011cd-5.jpg,5,2026-04-23 10:16:18.464811+00
e3d5f0b8-4910-4b19-a9fb-3824063f50a8,2574c261-52de-479f-9ccd-2f833f6ba6d6,https://awrznjnofgmlqjiayhoi.supabase.co/storage/v1/object/public/yacht-images/new-yachts/2574c261-52de-479f-9ccd-2f833f6ba6d6/2574c261-52de-479f-9ccd-2f833f6ba6d6-6.jpg,new-yachts/2574c261-52de-479f-9ccd-2f833f6ba6d6/2574c261-52de-479f-9ccd-2f833f6ba6d6-6.jpg,6,2026-04-22 16:26:10.788821+00
e416e317-ec6b-4f0d-8a43-61f5bcd87a9c,a333914a-50aa-4524-8f4c-1583fcdc0ade,https://awrznjnofgmlqjiayhoi.supabase.co/storage/v1/object/public/yacht-images/new-yachts/a333914a-50aa-4524-8f4c-1583fcdc0ade/a333914a-50aa-4524-8f4c-1583fcdc0ade-6.jpg,new-yachts/a333914a-50aa-4524-8f4c-1583fcdc0ade/a333914a-50aa-4524-8f4c-1583fcdc0ade-6.jpg,6,2026-04-22 17:12:27.566131+00
e4477c54-b6fd-48db-adb9-e9b10e3d1f97,d16d9367-4755-45dc-be09-d6072850e312,https://awrznjnofgmlqjiayhoi.supabase.co/storage/v1/object/public/yacht-images/new-yachts/d16d9367-4755-45dc-be09-d6072850e312/d16d9367-4755-45dc-be09-d6072850e312-1.jpg,new-yachts/d16d9367-4755-45dc-be09-d6072850e312/d16d9367-4755-45dc-be09-d6072850e312-1.jpg,1,2026-03-27 20:08:43.134237+00
e47f8f7b-f011-4242-8170-03accc97abeb,a2c55eee-14f8-4dff-b884-6560c5a26f0b,https://awrznjnofgmlqjiayhoi.supabase.co/storage/v1/object/public/yacht-images/new-yachts/a2c55eee-14f8-4dff-b884-6560c5a26f0b/a2c55eee-14f8-4dff-b884-6560c5a26f0b-5.webp,new-yachts/a2c55eee-14f8-4dff-b884-6560c5a26f0b/a2c55eee-14f8-4dff-b884-6560c5a26f0b-5.webp,5,2026-03-26 21:01:29.642991+00
e49d8f6f-d777-4f33-961f-25bd185efaf2,0e541ad4-8295-4b8e-87e1-847060de50a8,https://awrznjnofgmlqjiayhoi.supabase.co/storage/v1/object/public/yacht-images/new-yachts/0e541ad4-8295-4b8e-87e1-847060de50a8/0e541ad4-8295-4b8e-87e1-847060de50a8-7.jpg,new-yachts/0e541ad4-8295-4b8e-87e1-847060de50a8/0e541ad4-8295-4b8e-87e1-847060de50a8-7.jpg,7,2026-04-22 16:29:48.581154+00
e4db516c-1548-4170-afb2-a1e4e1be23ae,9e400cb1-773d-4639-9b83-cb70cecf164c,https://awrznjnofgmlqjiayhoi.supabase.co/storage/v1/object/public/yacht-images/new-yachts/9e400cb1-773d-4639-9b83-cb70cecf164c/9e400cb1-773d-4639-9b83-cb70cecf164c-1.jpg,new-yachts/9e400cb1-773d-4639-9b83-cb70cecf164c/9e400cb1-773d-4639-9b83-cb70cecf164c-1.jpg,1,2026-04-24 19:55:55.708906+00
e4e97282-7109-4541-92d0-7794ec4a9edf,6b302f73-4059-469d-98ee-cd0dbbaa3b4a,https://awrznjnofgmlqjiayhoi.supabase.co/storage/v1/object/public/yacht-images/new-yachts/6b302f73-4059-469d-98ee-cd0dbbaa3b4a/6b302f73-4059-469d-98ee-cd0dbbaa3b4a-6.jpg,new-yachts/6b302f73-4059-469d-98ee-cd0dbbaa3b4a/6b302f73-4059-469d-98ee-cd0dbbaa3b4a-6.jpg,6,2026-04-23 08:21:23.467313+00
e55e1108-6886-4b8d-84b3-b3a78631615e,09a650f0-cd9d-4633-b0d5-cf777d3c2b64,https://awrznjnofgmlqjiayhoi.supabase.co/storage/v1/object/public/yacht-images/new-yachts/09a650f0-cd9d-4633-b0d5-cf777d3c2b64/09a650f0-cd9d-4633-b0d5-cf777d3c2b64-2.jpg,new-yachts/09a650f0-cd9d-4633-b0d5-cf777d3c2b64/09a650f0-cd9d-4633-b0d5-cf777d3c2b64-2.jpg,2,2026-04-22 18:30:35.280999+00
e5c5c368-bc6b-4db3-8301-aa0b6f6731af,ec89419e-3baa-4164-b5d4-feb08873daa2,https://awrznjnofgmlqjiayhoi.supabase.co/storage/v1/object/public/yacht-images/new-yachts/ec89419e-3baa-4164-b5d4-feb08873daa2/ec89419e-3baa-4164-b5d4-feb08873daa2-5.webp,new-yachts/ec89419e-3baa-4164-b5d4-feb08873daa2/ec89419e-3baa-4164-b5d4-feb08873daa2-5.webp,5,2026-03-26 22:02:28.153802+00
e5c6b7eb-52a3-48ab-a6ed-0f548a4278da,245f9376-5d0c-4d01-9edb-8b2357d16aca,https://awrznjnofgmlqjiayhoi.supabase.co/storage/v1/object/public/yacht-images/new-yachts/245f9376-5d0c-4d01-9edb-8b2357d16aca/245f9376-5d0c-4d01-9edb-8b2357d16aca-8.jpg,new-yachts/245f9376-5d0c-4d01-9edb-8b2357d16aca/245f9376-5d0c-4d01-9edb-8b2357d16aca-8.jpg,8,2026-04-24 00:21:23.325773+00
e5e0d518-daf0-42de-a421-e8f85925f255,7003a6dc-f1a6-4109-a0e2-854d49db77fc,https://awrznjnofgmlqjiayhoi.supabase.co/storage/v1/object/public/yacht-images/new-yachts/7003a6dc-f1a6-4109-a0e2-854d49db77fc/7003a6dc-f1a6-4109-a0e2-854d49db77fc-11.jpg,new-yachts/7003a6dc-f1a6-4109-a0e2-854d49db77fc/7003a6dc-f1a6-4109-a0e2-854d49db77fc-11.jpg,11,2026-04-23 08:56:28.428795+00
e5f0fdbb-0ba6-496c-a8b5-5c3ee3ac54ad,34a9704a-6e5d-48ab-9f0d-7b4fa78fb240,https://awrznjnofgmlqjiayhoi.supabase.co/storage/v1/object/public/yacht-images/new-yachts/34a9704a-6e5d-48ab-9f0d-7b4fa78fb240/34a9704a-6e5d-48ab-9f0d-7b4fa78fb240-3.jpg,new-yachts/34a9704a-6e5d-48ab-9f0d-7b4fa78fb240/34a9704a-6e5d-48ab-9f0d-7b4fa78fb240-3.jpg,3,2026-04-22 18:17:46.635171+00
e5f4fbb8-5bfd-4127-9e89-a45ad5164e77,044f0cd0-401b-4f8f-b83f-727774222f6e,https://awrznjnofgmlqjiayhoi.supabase.co/storage/v1/object/public/yacht-images/new-yachts/044f0cd0-401b-4f8f-b83f-727774222f6e/044f0cd0-401b-4f8f-b83f-727774222f6e-8.jpg,new-yachts/044f0cd0-401b-4f8f-b83f-727774222f6e/044f0cd0-401b-4f8f-b83f-727774222f6e-8.jpg,8,2026-04-23 09:20:32.298964+00
e5f6db69-9ea6-4149-a35c-a0bb8b42dc36,71152f00-7193-453c-9187-3cac259a9afe,https://awrznjnofgmlqjiayhoi.supabase.co/storage/v1/object/public/yacht-images/new-yachts/71152f00-7193-453c-9187-3cac259a9afe/71152f00-7193-453c-9187-3cac259a9afe-1.jpg,new-yachts/71152f00-7193-453c-9187-3cac259a9afe/71152f00-7193-453c-9187-3cac259a9afe-1.jpg,1,2026-04-22 16:20:44.251007+00
e608aedb-579f-4e42-9c42-0accf4d0576a,bc6673af-2cbc-45d6-98bd-04b89297bef3,https://awrznjnofgmlqjiayhoi.supabase.co/storage/v1/object/public/yacht-images/new-yachts/bc6673af-2cbc-45d6-98bd-04b89297bef3/bc6673af-2cbc-45d6-98bd-04b89297bef3-2.jpg,new-yachts/bc6673af-2cbc-45d6-98bd-04b89297bef3/bc6673af-2cbc-45d6-98bd-04b89297bef3-2.jpg,2,2026-04-22 14:39:22.082721+00
e60902b8-5af7-4cf0-93a2-da4f187d2c90,5d1d0fd5-44d0-434f-a273-fcfaa436c374,https://awrznjnofgmlqjiayhoi.supabase.co/storage/v1/object/public/yacht-images/new-yachts/5d1d0fd5-44d0-434f-a273-fcfaa436c374/5d1d0fd5-44d0-434f-a273-fcfaa436c374-update-1773151932489-3.jpg,new-yachts/5d1d0fd5-44d0-434f-a273-fcfaa436c374/5d1d0fd5-44d0-434f-a273-fcfaa436c374-update-1773151932489-3.jpg,3,2026-03-10 14:12:13.340833+00
e60f5f3c-f9f9-4078-8dab-78581c094138,55de1484-a539-4672-b108-3f36fd944eaa,https://awrznjnofgmlqjiayhoi.supabase.co/storage/v1/object/public/yacht-images/new-yachts/55de1484-a539-4672-b108-3f36fd944eaa/55de1484-a539-4672-b108-3f36fd944eaa-4.webp,new-yachts/55de1484-a539-4672-b108-3f36fd944eaa/55de1484-a539-4672-b108-3f36fd944eaa-4.webp,4,2026-03-26 21:45:24.352194+00
e638cf56-2102-401f-b90e-6075c44552e1,ba50d6c9-16f8-4617-ae3b-e2e962467098,https://awrznjnofgmlqjiayhoi.supabase.co/storage/v1/object/public/yacht-images/new-yachts/ba50d6c9-16f8-4617-ae3b-e2e962467098/ba50d6c9-16f8-4617-ae3b-e2e962467098-11.jpg,new-yachts/ba50d6c9-16f8-4617-ae3b-e2e962467098/ba50d6c9-16f8-4617-ae3b-e2e962467098-11.jpg,11,2026-04-23 12:58:53.713414+00
e63e61f3-bc58-4d16-b7f3-fab0e8579013,1c9c5021-243c-4924-8493-30151cb88f63,https://awrznjnofgmlqjiayhoi.supabase.co/storage/v1/object/public/yacht-images/new-yachts/1c9c5021-243c-4924-8493-30151cb88f63/1c9c5021-243c-4924-8493-30151cb88f63-11.jpg,new-yachts/1c9c5021-243c-4924-8493-30151cb88f63/1c9c5021-243c-4924-8493-30151cb88f63-11.jpg,11,2026-04-22 18:05:21.000783+00
e67b149c-aee7-4ad4-9825-cb5cbe8033c3,d3716531-df17-4b01-9d18-993b87404a0e,https://awrznjnofgmlqjiayhoi.supabase.co/storage/v1/object/public/yacht-images/new-yachts/d3716531-df17-4b01-9d18-993b87404a0e/d3716531-df17-4b01-9d18-993b87404a0e-4.jpg,new-yachts/d3716531-df17-4b01-9d18-993b87404a0e/d3716531-df17-4b01-9d18-993b87404a0e-4.jpg,4,2026-04-10 12:56:02.089923+00
e6800992-aa93-46d4-93f2-6103b112aa9b,77df49d2-ba0a-41af-930e-563752714ead,https://awrznjnofgmlqjiayhoi.supabase.co/storage/v1/object/public/yacht-images/new-yachts/77df49d2-ba0a-41af-930e-563752714ead/77df49d2-ba0a-41af-930e-563752714ead-1.jpg,new-yachts/77df49d2-ba0a-41af-930e-563752714ead/77df49d2-ba0a-41af-930e-563752714ead-1.jpg,1,2026-04-22 18:28:25.739658+00
e683b4fe-b571-499a-9378-576fc8741d12,649ce45c-bd0c-4bb4-97e7-fa5da64e4a18,https://awrznjnofgmlqjiayhoi.supabase.co/storage/v1/object/public/yacht-images/new-yachts/649ce45c-bd0c-4bb4-97e7-fa5da64e4a18/649ce45c-bd0c-4bb4-97e7-fa5da64e4a18-8.jpg,new-yachts/649ce45c-bd0c-4bb4-97e7-fa5da64e4a18/649ce45c-bd0c-4bb4-97e7-fa5da64e4a18-8.jpg,8,2026-04-10 12:17:03.453654+00
e6b9d7c0-e6b7-433d-b532-ca0d8a4593f2,c04837c6-f2a3-4118-a6b3-0acd537b2841,https://awrznjnofgmlqjiayhoi.supabase.co/storage/v1/object/public/yacht-images/new-yachts/c04837c6-f2a3-4118-a6b3-0acd537b2841/c04837c6-f2a3-4118-a6b3-0acd537b2841-6.jpg,new-yachts/c04837c6-f2a3-4118-a6b3-0acd537b2841/c04837c6-f2a3-4118-a6b3-0acd537b2841-6.jpg,6,2026-04-22 18:40:37.514325+00
e6e59313-0e5f-40ee-b7e3-76892ecb76c1,9f57ec42-db09-4ed6-b8a0-17af63e10f17,https://awrznjnofgmlqjiayhoi.supabase.co/storage/v1/object/public/yacht-images/new-yachts/9f57ec42-db09-4ed6-b8a0-17af63e10f17/9f57ec42-db09-4ed6-b8a0-17af63e10f17-10.jpg,new-yachts/9f57ec42-db09-4ed6-b8a0-17af63e10f17/9f57ec42-db09-4ed6-b8a0-17af63e10f17-10.jpg,10,2026-04-22 18:48:15.696729+00
e6e658f1-e207-4f48-97d0-f3bf3426be80,093e8300-40b1-41b7-ab55-f8d53889c761,https://awrznjnofgmlqjiayhoi.supabase.co/storage/v1/object/public/yacht-images/new-yachts/093e8300-40b1-41b7-ab55-f8d53889c761/093e8300-40b1-41b7-ab55-f8d53889c761-update-1774380815495-3.webp,new-yachts/093e8300-40b1-41b7-ab55-f8d53889c761/093e8300-40b1-41b7-ab55-f8d53889c761-update-1774380815495-3.webp,5,2026-03-24 19:33:35.889263+00
e70877fa-5071-4e8d-bf09-2213d6cf62e2,5491dfd2-b60d-460f-a1c5-d20b54a68599,https://awrznjnofgmlqjiayhoi.supabase.co/storage/v1/object/public/yacht-images/new-yachts/5491dfd2-b60d-460f-a1c5-d20b54a68599/5491dfd2-b60d-460f-a1c5-d20b54a68599-11.jpg,new-yachts/5491dfd2-b60d-460f-a1c5-d20b54a68599/5491dfd2-b60d-460f-a1c5-d20b54a68599-11.jpg,11,2026-04-22 17:33:43.514824+00
e7adf7aa-7c7a-4acb-a494-393667fc7beb,2c1b5d99-994c-4e9d-86d6-bd464d3baa0f,https://awrznjnofgmlqjiayhoi.supabase.co/storage/v1/object/public/yacht-images/new-yachts/2c1b5d99-994c-4e9d-86d6-bd464d3baa0f/2c1b5d99-994c-4e9d-86d6-bd464d3baa0f-4.webp,new-yachts/2c1b5d99-994c-4e9d-86d6-bd464d3baa0f/2c1b5d99-994c-4e9d-86d6-bd464d3baa0f-4.webp,4,2026-03-27 20:28:26.038188+00
e7b346c7-ef59-4377-98ae-d77b8a0a3b2f,a69e6979-5e73-4103-bb42-941d87b3fb36,https://awrznjnofgmlqjiayhoi.supabase.co/storage/v1/object/public/yacht-images/new-yachts/a69e6979-5e73-4103-bb42-941d87b3fb36/a69e6979-5e73-4103-bb42-941d87b3fb36-2.webp,new-yachts/a69e6979-5e73-4103-bb42-941d87b3fb36/a69e6979-5e73-4103-bb42-941d87b3fb36-2.webp,2,2026-03-26 21:18:09.840039+00
e7ddfd64-ab24-463c-8734-c4ea08bd1efd,86ad6a35-1f71-464e-8db3-9f7421563471,https://awrznjnofgmlqjiayhoi.supabase.co/storage/v1/object/public/yacht-images/new-yachts/86ad6a35-1f71-464e-8db3-9f7421563471/86ad6a35-1f71-464e-8db3-9f7421563471-1.webp,new-yachts/86ad6a35-1f71-464e-8db3-9f7421563471/86ad6a35-1f71-464e-8db3-9f7421563471-1.webp,1,2026-03-12 20:46:03.940721+00
e7f13db6-1056-4934-b722-4a7648b4c7fc,671a273a-9c01-40cb-ba3a-a05127d28885,https://awrznjnofgmlqjiayhoi.supabase.co/storage/v1/object/public/yacht-images/new-yachts/671a273a-9c01-40cb-ba3a-a05127d28885/671a273a-9c01-40cb-ba3a-a05127d28885-6.jpg,new-yachts/671a273a-9c01-40cb-ba3a-a05127d28885/671a273a-9c01-40cb-ba3a-a05127d28885-6.jpg,6,2026-04-22 17:04:54.334813+00
e8136f4e-2039-41a3-bfa1-2e72becd283c,39b52f16-b578-4028-8bae-27a9af3df2ae,https://awrznjnofgmlqjiayhoi.supabase.co/storage/v1/object/public/yacht-images/new-yachts/39b52f16-b578-4028-8bae-27a9af3df2ae/39b52f16-b578-4028-8bae-27a9af3df2ae-11.jpg,new-yachts/39b52f16-b578-4028-8bae-27a9af3df2ae/39b52f16-b578-4028-8bae-27a9af3df2ae-11.jpg,11,2026-04-22 17:18:09.778627+00
e81a6506-23eb-4603-ae39-7c12c52bd982,8e78c2bb-81da-4ae6-b09a-264a4e7f76ad,https://awrznjnofgmlqjiayhoi.supabase.co/storage/v1/object/public/yacht-images/new-yachts/8e78c2bb-81da-4ae6-b09a-264a4e7f76ad/8e78c2bb-81da-4ae6-b09a-264a4e7f76ad-2.jpg,new-yachts/8e78c2bb-81da-4ae6-b09a-264a4e7f76ad/8e78c2bb-81da-4ae6-b09a-264a4e7f76ad-2.jpg,2,2026-04-23 08:30:40.610909+00
e821742f-bb95-4599-a2d5-1b1e5f3779a5,ba50d6c9-16f8-4617-ae3b-e2e962467098,https://awrznjnofgmlqjiayhoi.supabase.co/storage/v1/object/public/yacht-images/new-yachts/ba50d6c9-16f8-4617-ae3b-e2e962467098/ba50d6c9-16f8-4617-ae3b-e2e962467098-9.jpg,new-yachts/ba50d6c9-16f8-4617-ae3b-e2e962467098/ba50d6c9-16f8-4617-ae3b-e2e962467098-9.jpg,9,2026-04-23 12:58:52.517909+00
e826d470-6cd6-4eac-81bf-49b9909bbeb2,3be4e810-053d-4854-b2ae-708b86082bac,https://awrznjnofgmlqjiayhoi.supabase.co/storage/v1/object/public/yacht-images/new-yachts/3be4e810-053d-4854-b2ae-708b86082bac/3be4e810-053d-4854-b2ae-708b86082bac-7.jpg,new-yachts/3be4e810-053d-4854-b2ae-708b86082bac/3be4e810-053d-4854-b2ae-708b86082bac-7.jpg,7,2026-04-24 00:26:52.664043+00
e8272c12-2259-404f-a6da-1a26a90bd963,a333914a-50aa-4524-8f4c-1583fcdc0ade,https://awrznjnofgmlqjiayhoi.supabase.co/storage/v1/object/public/yacht-images/new-yachts/a333914a-50aa-4524-8f4c-1583fcdc0ade/a333914a-50aa-4524-8f4c-1583fcdc0ade-11.jpg,new-yachts/a333914a-50aa-4524-8f4c-1583fcdc0ade/a333914a-50aa-4524-8f4c-1583fcdc0ade-11.jpg,11,2026-04-22 17:12:30.886751+00
e839ec10-cd79-435c-bc1c-598977a5667c,7003d27f-6b57-46b0-a81b-704b45d99e4b,https://awrznjnofgmlqjiayhoi.supabase.co/storage/v1/object/public/yacht-images/new-yachts/7003d27f-6b57-46b0-a81b-704b45d99e4b/7003d27f-6b57-46b0-a81b-704b45d99e4b-1.jpg,new-yachts/7003d27f-6b57-46b0-a81b-704b45d99e4b/7003d27f-6b57-46b0-a81b-704b45d99e4b-1.jpg,1,2026-04-23 23:57:54.891176+00
e86681f0-346c-494e-b280-537cac7b579d,39b52f16-b578-4028-8bae-27a9af3df2ae,https://awrznjnofgmlqjiayhoi.supabase.co/storage/v1/object/public/yacht-images/new-yachts/39b52f16-b578-4028-8bae-27a9af3df2ae/39b52f16-b578-4028-8bae-27a9af3df2ae-3.jpg,new-yachts/39b52f16-b578-4028-8bae-27a9af3df2ae/39b52f16-b578-4028-8bae-27a9af3df2ae-3.jpg,3,2026-04-22 17:18:03.901627+00
e889150d-1219-4497-81ca-b849a3effe20,b91a48c7-b650-4d3e-8163-342f849e50a2,https://awrznjnofgmlqjiayhoi.supabase.co/storage/v1/object/public/yacht-images/new-yachts/b91a48c7-b650-4d3e-8163-342f849e50a2/b91a48c7-b650-4d3e-8163-342f849e50a2-4.jpg,new-yachts/b91a48c7-b650-4d3e-8163-342f849e50a2/b91a48c7-b650-4d3e-8163-342f849e50a2-4.jpg,4,2026-04-22 17:00:21.7878+00
e8d7784c-eb9d-4085-9577-5caaa45d8d5c,34a9704a-6e5d-48ab-9f0d-7b4fa78fb240,https://awrznjnofgmlqjiayhoi.supabase.co/storage/v1/object/public/yacht-images/new-yachts/34a9704a-6e5d-48ab-9f0d-7b4fa78fb240/34a9704a-6e5d-48ab-9f0d-7b4fa78fb240-4.jpg,new-yachts/34a9704a-6e5d-48ab-9f0d-7b4fa78fb240/34a9704a-6e5d-48ab-9f0d-7b4fa78fb240-4.jpg,4,2026-04-22 18:17:47.307271+00
e8e6786d-bf68-476b-a6f9-89a215201aeb,68193184-66ee-493e-b2f7-72ff5c829416,https://awrznjnofgmlqjiayhoi.supabase.co/storage/v1/object/public/yacht-images/new-yachts/68193184-66ee-493e-b2f7-72ff5c829416/68193184-66ee-493e-b2f7-72ff5c829416-11.jpg,new-yachts/68193184-66ee-493e-b2f7-72ff5c829416/68193184-66ee-493e-b2f7-72ff5c829416-11.jpg,11,2026-04-24 00:34:25.518311+00
e90a87c5-ccdc-409a-b7b4-e6c74148fbbd,c7ebbc0c-5644-4a96-b655-4d364326373e,https://awrznjnofgmlqjiayhoi.supabase.co/storage/v1/object/public/yacht-images/new-yachts/c7ebbc0c-5644-4a96-b655-4d364326373e/c7ebbc0c-5644-4a96-b655-4d364326373e-10.jpg,new-yachts/c7ebbc0c-5644-4a96-b655-4d364326373e/c7ebbc0c-5644-4a96-b655-4d364326373e-10.jpg,10,2026-04-22 18:03:55.075742+00
e9125dd7-43d0-4218-b9cb-9f4843d1a2a7,40ad641d-8678-4762-ae92-ed4a9b0cb3b9,https://awrznjnofgmlqjiayhoi.supabase.co/storage/v1/object/public/yacht-images/new-yachts/40ad641d-8678-4762-ae92-ed4a9b0cb3b9/40ad641d-8678-4762-ae92-ed4a9b0cb3b9-11.jpg,new-yachts/40ad641d-8678-4762-ae92-ed4a9b0cb3b9/40ad641d-8678-4762-ae92-ed4a9b0cb3b9-11.jpg,11,2026-04-23 09:17:41.054392+00
e93f68d8-1be6-4599-9e2e-88a08c05ef6d,044f0cd0-401b-4f8f-b83f-727774222f6e,https://awrznjnofgmlqjiayhoi.supabase.co/storage/v1/object/public/yacht-images/new-yachts/044f0cd0-401b-4f8f-b83f-727774222f6e/044f0cd0-401b-4f8f-b83f-727774222f6e-6.jpg,new-yachts/044f0cd0-401b-4f8f-b83f-727774222f6e/044f0cd0-401b-4f8f-b83f-727774222f6e-6.jpg,6,2026-04-23 09:20:31.069616+00
e9738b30-6dca-480f-8c8b-be214f1118e1,8077c30c-b54a-4554-9574-20b30ac55af9,https://awrznjnofgmlqjiayhoi.supabase.co/storage/v1/object/public/yacht-images/new-yachts/8077c30c-b54a-4554-9574-20b30ac55af9/8077c30c-b54a-4554-9574-20b30ac55af9-3.jpg,new-yachts/8077c30c-b54a-4554-9574-20b30ac55af9/8077c30c-b54a-4554-9574-20b30ac55af9-3.jpg,3,2026-04-22 18:14:19.807901+00
e997a81c-f323-4c1f-bd25-0420613a9fab,b71e779a-40eb-4110-b871-8d24a227e42f,https://awrznjnofgmlqjiayhoi.supabase.co/storage/v1/object/public/yacht-images/new-yachts/b71e779a-40eb-4110-b871-8d24a227e42f/b71e779a-40eb-4110-b871-8d24a227e42f-4.jpg,new-yachts/b71e779a-40eb-4110-b871-8d24a227e42f/b71e779a-40eb-4110-b871-8d24a227e42f-4.jpg,4,2026-04-24 18:50:23.18615+00
e9aaa0d8-482e-4e16-a7d3-87596bc623f2,93ae3cab-4d0d-42fa-a831-0ce80a9366bd,https://awrznjnofgmlqjiayhoi.supabase.co/storage/v1/object/public/yacht-images/new-yachts/93ae3cab-4d0d-42fa-a831-0ce80a9366bd/93ae3cab-4d0d-42fa-a831-0ce80a9366bd-1.webp,new-yachts/93ae3cab-4d0d-42fa-a831-0ce80a9366bd/93ae3cab-4d0d-42fa-a831-0ce80a9366bd-1.webp,1,2026-03-12 20:45:39.572646+00
e9aeb7ca-c741-4df5-9728-81d7e58d76df,eb2fce67-a66b-40a5-94ae-50cceec70566,https://awrznjnofgmlqjiayhoi.supabase.co/storage/v1/object/public/yacht-images/new-yachts/eb2fce67-a66b-40a5-94ae-50cceec70566/eb2fce67-a66b-40a5-94ae-50cceec70566-3.jpg,new-yachts/eb2fce67-a66b-40a5-94ae-50cceec70566/eb2fce67-a66b-40a5-94ae-50cceec70566-3.jpg,3,2026-04-22 17:07:09.016934+00
e9ba406c-3af5-4361-a981-910e45d42085,7eb6611f-b17c-4e0e-87f4-b507cde9a9e2,https://awrznjnofgmlqjiayhoi.supabase.co/storage/v1/object/public/yacht-images/new-yachts/7eb6611f-b17c-4e0e-87f4-b507cde9a9e2/7eb6611f-b17c-4e0e-87f4-b507cde9a9e2-5.webp,new-yachts/7eb6611f-b17c-4e0e-87f4-b507cde9a9e2/7eb6611f-b17c-4e0e-87f4-b507cde9a9e2-5.webp,5,2026-03-26 21:05:02.742402+00
e9d90a8a-c806-443d-ad3c-1f0bffb5cbed,245f9376-5d0c-4d01-9edb-8b2357d16aca,https://awrznjnofgmlqjiayhoi.supabase.co/storage/v1/object/public/yacht-images/new-yachts/245f9376-5d0c-4d01-9edb-8b2357d16aca/245f9376-5d0c-4d01-9edb-8b2357d16aca-3.jpg,new-yachts/245f9376-5d0c-4d01-9edb-8b2357d16aca/245f9376-5d0c-4d01-9edb-8b2357d16aca-3.jpg,3,2026-04-24 00:21:19.362702+00
e9e2c4d7-4d53-4ee1-9e07-b78b83b9c1fc,6ba7e223-391d-4e9a-8228-0001d2b8ad99,https://awrznjnofgmlqjiayhoi.supabase.co/storage/v1/object/public/yacht-images/new-yachts/6ba7e223-391d-4e9a-8228-0001d2b8ad99/6ba7e223-391d-4e9a-8228-0001d2b8ad99-1.jpg,new-yachts/6ba7e223-391d-4e9a-8228-0001d2b8ad99/6ba7e223-391d-4e9a-8228-0001d2b8ad99-1.jpg,1,2026-04-24 00:04:30.338998+00
e9f872aa-4af5-41c1-9676-d3121a9e247c,a2124144-02a4-4ec8-9f73-360dd683aa4d,https://awrznjnofgmlqjiayhoi.supabase.co/storage/v1/object/public/yacht-images/new-yachts/a2124144-02a4-4ec8-9f73-360dd683aa4d/a2124144-02a4-4ec8-9f73-360dd683aa4d-3.jpg,new-yachts/a2124144-02a4-4ec8-9f73-360dd683aa4d/a2124144-02a4-4ec8-9f73-360dd683aa4d-3.jpg,3,2026-04-24 00:50:26.637155+00
ea0cf262-a986-4198-b754-b531d4d98de6,5a7af5a2-016c-456b-9d50-b538f4929c78,https://awrznjnofgmlqjiayhoi.supabase.co/storage/v1/object/public/yacht-images/new-yachts/5a7af5a2-016c-456b-9d50-b538f4929c78/5a7af5a2-016c-456b-9d50-b538f4929c78-3.jpg,new-yachts/5a7af5a2-016c-456b-9d50-b538f4929c78/5a7af5a2-016c-456b-9d50-b538f4929c78-3.jpg,3,2026-04-23 09:19:17.309471+00
ea2dcf03-ecfc-4ddb-b45f-f3567f07d116,3c3b41d1-6a5d-4bff-9ac4-74151a516eb2,https://awrznjnofgmlqjiayhoi.supabase.co/storage/v1/object/public/yacht-images/new-yachts/3c3b41d1-6a5d-4bff-9ac4-74151a516eb2/3c3b41d1-6a5d-4bff-9ac4-74151a516eb2-1.jpg,new-yachts/3c3b41d1-6a5d-4bff-9ac4-74151a516eb2/3c3b41d1-6a5d-4bff-9ac4-74151a516eb2-1.jpg,1,2026-04-22 17:43:01.655629+00
ea3c3e9a-53ce-46fd-ba60-bf590fe1a46c,7c786725-2810-4b6c-ab69-e4001a918ea0,https://awrznjnofgmlqjiayhoi.supabase.co/storage/v1/object/public/yacht-images/new-yachts/7c786725-2810-4b6c-ab69-e4001a918ea0/7c786725-2810-4b6c-ab69-e4001a918ea0-10.jpg,new-yachts/7c786725-2810-4b6c-ab69-e4001a918ea0/7c786725-2810-4b6c-ab69-e4001a918ea0-10.jpg,10,2026-04-24 13:38:07.762846+00
ea87a320-9c5a-4370-9dee-c50080197fe8,efab5d6c-7ff4-4641-8abb-e8196d7a9f3d,https://awrznjnofgmlqjiayhoi.supabase.co/storage/v1/object/public/yacht-images/new-yachts/efab5d6c-7ff4-4641-8abb-e8196d7a9f3d/efab5d6c-7ff4-4641-8abb-e8196d7a9f3d-2.jpg,new-yachts/efab5d6c-7ff4-4641-8abb-e8196d7a9f3d/efab5d6c-7ff4-4641-8abb-e8196d7a9f3d-2.jpg,2,2026-04-22 15:11:46.362087+00
ea8f8b5e-f3b3-435b-879c-d397d19a4ff9,8a77f565-5102-400b-8aa3-31584a24881f,https://awrznjnofgmlqjiayhoi.supabase.co/storage/v1/object/public/yacht-images/new-yachts/8a77f565-5102-400b-8aa3-31584a24881f/8a77f565-5102-400b-8aa3-31584a24881f-1.jpg,new-yachts/8a77f565-5102-400b-8aa3-31584a24881f/8a77f565-5102-400b-8aa3-31584a24881f-1.jpg,1,2026-04-22 18:25:10.694283+00
ea9290f2-2780-4a4e-8c43-a9b315eaf2da,9f881a02-3e82-42c9-aaf8-ee1094be21d6,https://awrznjnofgmlqjiayhoi.supabase.co/storage/v1/object/public/yacht-images/new-yachts/9f881a02-3e82-42c9-aaf8-ee1094be21d6/9f881a02-3e82-42c9-aaf8-ee1094be21d6-2.webp,new-yachts/9f881a02-3e82-42c9-aaf8-ee1094be21d6/9f881a02-3e82-42c9-aaf8-ee1094be21d6-2.webp,2,2026-03-27 20:02:32.522375+00
eacc0e85-d26c-4ceb-bc0e-aa3e72d03733,20d0e3b6-8f8c-442c-84b9-d6b0ec964c8d,https://awrznjnofgmlqjiayhoi.supabase.co/storage/v1/object/public/yacht-images/new-yachts/20d0e3b6-8f8c-442c-84b9-d6b0ec964c8d/20d0e3b6-8f8c-442c-84b9-d6b0ec964c8d-5.jpg,new-yachts/20d0e3b6-8f8c-442c-84b9-d6b0ec964c8d/20d0e3b6-8f8c-442c-84b9-d6b0ec964c8d-5.jpg,5,2026-04-22 16:23:04.788168+00
eaf08fa7-ee5b-4fbe-b112-ecb22bd5dedf,46dec82f-7d34-4f29-939d-9fcfb5d011cd,https://awrznjnofgmlqjiayhoi.supabase.co/storage/v1/object/public/yacht-images/new-yachts/46dec82f-7d34-4f29-939d-9fcfb5d011cd/46dec82f-7d34-4f29-939d-9fcfb5d011cd-2.jpg,new-yachts/46dec82f-7d34-4f29-939d-9fcfb5d011cd/46dec82f-7d34-4f29-939d-9fcfb5d011cd-2.jpg,2,2026-04-23 10:16:16.141829+00
eb0aca6a-480f-4902-8bd0-4ae6654e0e4f,d8ada534-6eb6-4282-b98a-49bf8e72c7df,https://awrznjnofgmlqjiayhoi.supabase.co/storage/v1/object/public/yacht-images/new-yachts/d8ada534-6eb6-4282-b98a-49bf8e72c7df/d8ada534-6eb6-4282-b98a-49bf8e72c7df-10.webp,new-yachts/d8ada534-6eb6-4282-b98a-49bf8e72c7df/d8ada534-6eb6-4282-b98a-49bf8e72c7df-10.webp,10,2026-03-26 19:15:07.212146+00
eb195714-b0b8-49cf-86e0-e5928a8dcfc1,c8de990e-7e4a-4ad6-8e58-490752e3cfab,https://awrznjnofgmlqjiayhoi.supabase.co/storage/v1/object/public/yacht-images/new-yachts/c8de990e-7e4a-4ad6-8e58-490752e3cfab/c8de990e-7e4a-4ad6-8e58-490752e3cfab-1.jpg,new-yachts/c8de990e-7e4a-4ad6-8e58-490752e3cfab/c8de990e-7e4a-4ad6-8e58-490752e3cfab-1.jpg,1,2026-04-22 18:20:32.058216+00
eb246600-9451-48fb-86a9-4977a74cc1ba,ab9953cb-da58-43d0-98c1-9c4fb3669d16,https://awrznjnofgmlqjiayhoi.supabase.co/storage/v1/object/public/yacht-images/new-yachts/ab9953cb-da58-43d0-98c1-9c4fb3669d16/ab9953cb-da58-43d0-98c1-9c4fb3669d16-3.webp,new-yachts/ab9953cb-da58-43d0-98c1-9c4fb3669d16/ab9953cb-da58-43d0-98c1-9c4fb3669d16-3.webp,3,2026-03-26 21:44:03.273492+00
eb96cea1-f7d5-4c84-bc52-9aaa068c37a4,8f11f960-eb3e-464e-a6be-48f557e1d211,https://awrznjnofgmlqjiayhoi.supabase.co/storage/v1/object/public/yacht-images/new-yachts/8f11f960-eb3e-464e-a6be-48f557e1d211/8f11f960-eb3e-464e-a6be-48f557e1d211-2.jpg,new-yachts/8f11f960-eb3e-464e-a6be-48f557e1d211/8f11f960-eb3e-464e-a6be-48f557e1d211-2.jpg,2,2026-04-22 18:44:50.264699+00
ebe51777-ce95-46b4-b801-9fab51c9fef0,34a9704a-6e5d-48ab-9f0d-7b4fa78fb240,https://awrznjnofgmlqjiayhoi.supabase.co/storage/v1/object/public/yacht-images/new-yachts/34a9704a-6e5d-48ab-9f0d-7b4fa78fb240/34a9704a-6e5d-48ab-9f0d-7b4fa78fb240-2.jpg,new-yachts/34a9704a-6e5d-48ab-9f0d-7b4fa78fb240/34a9704a-6e5d-48ab-9f0d-7b4fa78fb240-2.jpg,2,2026-04-22 18:17:45.959058+00
ebe65149-62eb-49ca-b822-39bca8f18372,d0075994-96ea-41d7-99b0-7e2f908da0bc,https://awrznjnofgmlqjiayhoi.supabase.co/storage/v1/object/public/yacht-images/new-yachts/d0075994-96ea-41d7-99b0-7e2f908da0bc/d0075994-96ea-41d7-99b0-7e2f908da0bc-4.jpg,new-yachts/d0075994-96ea-41d7-99b0-7e2f908da0bc/d0075994-96ea-41d7-99b0-7e2f908da0bc-4.jpg,4,2026-04-24 00:25:51.578515+00
ebfbfd12-05fd-4c62-9cc1-76c0b4ef0f4d,370c34aa-94d0-43d9-8609-7cb172eaa603,https://awrznjnofgmlqjiayhoi.supabase.co/storage/v1/object/public/yacht-images/new-yachts/370c34aa-94d0-43d9-8609-7cb172eaa603/370c34aa-94d0-43d9-8609-7cb172eaa603-6.jpg,new-yachts/370c34aa-94d0-43d9-8609-7cb172eaa603/370c34aa-94d0-43d9-8609-7cb172eaa603-6.jpg,6,2026-04-24 00:19:43.471269+00
ec2164ef-93f6-4bd3-b24a-562f7877a6e0,45381c1b-cc44-4567-bac3-ca74940d9098,https://awrznjnofgmlqjiayhoi.supabase.co/storage/v1/object/public/yacht-images/new-yachts/45381c1b-cc44-4567-bac3-ca74940d9098/45381c1b-cc44-4567-bac3-ca74940d9098-1.png,new-yachts/45381c1b-cc44-4567-bac3-ca74940d9098/45381c1b-cc44-4567-bac3-ca74940d9098-1.png,1,2026-02-28 19:38:56.661124+00
ec2ef3bd-5ae2-4e71-9020-21073763bd11,c062ace5-658e-4daa-a8b1-8591a5768de3,https://awrznjnofgmlqjiayhoi.supabase.co/storage/v1/object/public/yacht-images/new-yachts/c062ace5-658e-4daa-a8b1-8591a5768de3/c062ace5-658e-4daa-a8b1-8591a5768de3-3.jpg,new-yachts/c062ace5-658e-4daa-a8b1-8591a5768de3/c062ace5-658e-4daa-a8b1-8591a5768de3-3.jpg,3,2026-04-22 18:02:14.55265+00
ec881445-9de8-4edf-a732-46c2d5b4d7d7,b3f88d6a-810a-498e-b142-070a89081c74,https://awrznjnofgmlqjiayhoi.supabase.co/storage/v1/object/public/yacht-images/new-yachts/b3f88d6a-810a-498e-b142-070a89081c74/b3f88d6a-810a-498e-b142-070a89081c74-3.webp,new-yachts/b3f88d6a-810a-498e-b142-070a89081c74/b3f88d6a-810a-498e-b142-070a89081c74-3.webp,3,2026-03-26 21:54:08.668352+00
ec9cda58-1659-4157-adc5-cef70f31ed5b,b71e779a-40eb-4110-b871-8d24a227e42f,https://awrznjnofgmlqjiayhoi.supabase.co/storage/v1/object/public/yacht-images/new-yachts/b71e779a-40eb-4110-b871-8d24a227e42f/b71e779a-40eb-4110-b871-8d24a227e42f-2.jpg,new-yachts/b71e779a-40eb-4110-b871-8d24a227e42f/b71e779a-40eb-4110-b871-8d24a227e42f-2.jpg,2,2026-04-24 18:50:21.807395+00
eca53dbc-d1c1-4f3c-af99-5bac6cad329f,625d8ba4-c145-4673-affb-3de4e2f03886,https://awrznjnofgmlqjiayhoi.supabase.co/storage/v1/object/public/yacht-images/new-yachts/625d8ba4-c145-4673-affb-3de4e2f03886/625d8ba4-c145-4673-affb-3de4e2f03886-6.webp,new-yachts/625d8ba4-c145-4673-affb-3de4e2f03886/625d8ba4-c145-4673-affb-3de4e2f03886-6.webp,6,2026-03-26 21:21:05.566681+00
ecb77248-a439-4961-b035-f9e3790ac3a2,7c786725-2810-4b6c-ab69-e4001a918ea0,https://awrznjnofgmlqjiayhoi.supabase.co/storage/v1/object/public/yacht-images/new-yachts/7c786725-2810-4b6c-ab69-e4001a918ea0/7c786725-2810-4b6c-ab69-e4001a918ea0-7.jpg,new-yachts/7c786725-2810-4b6c-ab69-e4001a918ea0/7c786725-2810-4b6c-ab69-e4001a918ea0-7.jpg,7,2026-04-24 13:38:05.50235+00
ecc6de88-7961-4b7d-b924-f93f80f51a3b,dc252fdc-3279-49b1-b4bd-e577dc402ce7,https://awrznjnofgmlqjiayhoi.supabase.co/storage/v1/object/public/yacht-images/new-yachts/dc252fdc-3279-49b1-b4bd-e577dc402ce7/dc252fdc-3279-49b1-b4bd-e577dc402ce7-3.jpg,new-yachts/dc252fdc-3279-49b1-b4bd-e577dc402ce7/dc252fdc-3279-49b1-b4bd-e577dc402ce7-3.jpg,3,2026-04-23 10:15:27.193365+00
ecd3f7ea-a449-4c60-a7c6-c7a4ec67f73e,1073dc8e-89c9-4598-a274-70645e470923,https://awrznjnofgmlqjiayhoi.supabase.co/storage/v1/object/public/yacht-images/new-yachts/1073dc8e-89c9-4598-a274-70645e470923/1073dc8e-89c9-4598-a274-70645e470923-3.jpg,new-yachts/1073dc8e-89c9-4598-a274-70645e470923/1073dc8e-89c9-4598-a274-70645e470923-3.jpg,3,2026-04-24 00:10:43.397043+00
ed04c9cd-e984-40bb-b97f-4e424377b9c4,c3661269-98db-4434-968d-fcc49da5955d,https://awrznjnofgmlqjiayhoi.supabase.co/storage/v1/object/public/yacht-images/new-yachts/c3661269-98db-4434-968d-fcc49da5955d/c3661269-98db-4434-968d-fcc49da5955d-1.jpg,new-yachts/c3661269-98db-4434-968d-fcc49da5955d/c3661269-98db-4434-968d-fcc49da5955d-1.jpg,1,2026-04-24 00:37:19.970526+00
ed1b7227-4256-47e0-ba8c-350f95dcf953,7a218c13-b279-49d9-8ee4-bec942046f18,https://awrznjnofgmlqjiayhoi.supabase.co/storage/v1/object/public/yacht-images/new-yachts/7a218c13-b279-49d9-8ee4-bec942046f18/7a218c13-b279-49d9-8ee4-bec942046f18-1.jpg,new-yachts/7a218c13-b279-49d9-8ee4-bec942046f18/7a218c13-b279-49d9-8ee4-bec942046f18-1.jpg,1,2026-04-23 12:59:58.070681+00
ed3cad25-cc66-4b3c-8684-bf7f7592bc28,39b52f16-b578-4028-8bae-27a9af3df2ae,https://awrznjnofgmlqjiayhoi.supabase.co/storage/v1/object/public/yacht-images/new-yachts/39b52f16-b578-4028-8bae-27a9af3df2ae/39b52f16-b578-4028-8bae-27a9af3df2ae-5.jpg,new-yachts/39b52f16-b578-4028-8bae-27a9af3df2ae/39b52f16-b578-4028-8bae-27a9af3df2ae-5.jpg,5,2026-04-22 17:18:05.495216+00
ed4a1605-24e3-42f9-9e16-829bd2432d18,062adaff-6e68-4667-aa06-21653f05ee5e,https://awrznjnofgmlqjiayhoi.supabase.co/storage/v1/object/public/yacht-images/new-yachts/062adaff-6e68-4667-aa06-21653f05ee5e/062adaff-6e68-4667-aa06-21653f05ee5e-7.jpg,new-yachts/062adaff-6e68-4667-aa06-21653f05ee5e/062adaff-6e68-4667-aa06-21653f05ee5e-7.jpg,7,2026-04-10 12:15:40.00606+00
ed59c9f5-650a-40e0-8f7d-16b2bcdc7fa5,e47fa1f8-0cfa-49ec-a8ad-ba2c0b17417c,https://awrznjnofgmlqjiayhoi.supabase.co/storage/v1/object/public/yacht-images/new-yachts/e47fa1f8-0cfa-49ec-a8ad-ba2c0b17417c/e47fa1f8-0cfa-49ec-a8ad-ba2c0b17417c-9.jpg,new-yachts/e47fa1f8-0cfa-49ec-a8ad-ba2c0b17417c/e47fa1f8-0cfa-49ec-a8ad-ba2c0b17417c-9.jpg,9,2026-04-08 15:05:38.765463+00
ed5a063a-6df8-4cbf-a37b-a506d203b6ba,077c9e0d-ef5b-4229-9d5c-42ab6bf99aba,https://awrznjnofgmlqjiayhoi.supabase.co/storage/v1/object/public/yacht-images/new-yachts/077c9e0d-ef5b-4229-9d5c-42ab6bf99aba/077c9e0d-ef5b-4229-9d5c-42ab6bf99aba-5.jpg,new-yachts/077c9e0d-ef5b-4229-9d5c-42ab6bf99aba/077c9e0d-ef5b-4229-9d5c-42ab6bf99aba-5.jpg,5,2026-04-22 18:06:35.730389+00
ed5a6a99-618f-454b-84a2-34b45c5700a6,c062ace5-658e-4daa-a8b1-8591a5768de3,https://awrznjnofgmlqjiayhoi.supabase.co/storage/v1/object/public/yacht-images/new-yachts/c062ace5-658e-4daa-a8b1-8591a5768de3/c062ace5-658e-4daa-a8b1-8591a5768de3-11.jpg,new-yachts/c062ace5-658e-4daa-a8b1-8591a5768de3/c062ace5-658e-4daa-a8b1-8591a5768de3-11.jpg,11,2026-04-22 18:02:21.17603+00
ed67aeec-63a3-464d-b4da-01e4bcc19082,8077c30c-b54a-4554-9574-20b30ac55af9,https://awrznjnofgmlqjiayhoi.supabase.co/storage/v1/object/public/yacht-images/new-yachts/8077c30c-b54a-4554-9574-20b30ac55af9/8077c30c-b54a-4554-9574-20b30ac55af9-6.jpg,new-yachts/8077c30c-b54a-4554-9574-20b30ac55af9/8077c30c-b54a-4554-9574-20b30ac55af9-6.jpg,6,2026-04-22 18:14:21.740321+00
edc2d18e-8737-469b-8cc0-f13a61e9c9c8,cea16079-f9be-45ea-8c75-e7404b006298,https://awrznjnofgmlqjiayhoi.supabase.co/storage/v1/object/public/yacht-images/new-yachts/cea16079-f9be-45ea-8c75-e7404b006298/cea16079-f9be-45ea-8c75-e7404b006298-1.jpg,new-yachts/cea16079-f9be-45ea-8c75-e7404b006298/cea16079-f9be-45ea-8c75-e7404b006298-1.jpg,1,2026-04-22 18:22:51.546121+00
edc87667-fdb1-4981-a5a3-cd22cfe76372,a2c55eee-14f8-4dff-b884-6560c5a26f0b,https://awrznjnofgmlqjiayhoi.supabase.co/storage/v1/object/public/yacht-images/new-yachts/a2c55eee-14f8-4dff-b884-6560c5a26f0b/a2c55eee-14f8-4dff-b884-6560c5a26f0b-1.jpg,new-yachts/a2c55eee-14f8-4dff-b884-6560c5a26f0b/a2c55eee-14f8-4dff-b884-6560c5a26f0b-1.jpg,1,2026-03-26 21:01:27.06822+00
edcb26bb-fb2a-4117-b3ea-1204610bb8ae,077c9e0d-ef5b-4229-9d5c-42ab6bf99aba,https://awrznjnofgmlqjiayhoi.supabase.co/storage/v1/object/public/yacht-images/new-yachts/077c9e0d-ef5b-4229-9d5c-42ab6bf99aba/077c9e0d-ef5b-4229-9d5c-42ab6bf99aba-8.jpg,new-yachts/077c9e0d-ef5b-4229-9d5c-42ab6bf99aba/077c9e0d-ef5b-4229-9d5c-42ab6bf99aba-8.jpg,8,2026-04-22 18:06:37.819628+00
edd6db14-f676-4bdb-85b4-977291fee204,d74ccc10-d2f6-4021-b1c7-1a75d3f1b2b6,https://awrznjnofgmlqjiayhoi.supabase.co/storage/v1/object/public/yacht-images/new-yachts/d74ccc10-d2f6-4021-b1c7-1a75d3f1b2b6/d74ccc10-d2f6-4021-b1c7-1a75d3f1b2b6-10.jpg,new-yachts/d74ccc10-d2f6-4021-b1c7-1a75d3f1b2b6/d74ccc10-d2f6-4021-b1c7-1a75d3f1b2b6-10.jpg,10,2026-04-22 17:01:43.549055+00
ee42fa83-b84a-4cb3-8fb8-95c771d74cda,eb4c00ef-9609-4812-b38a-eb3742333511,https://awrznjnofgmlqjiayhoi.supabase.co/storage/v1/object/public/yacht-images/new-yachts/eb4c00ef-9609-4812-b38a-eb3742333511/eb4c00ef-9609-4812-b38a-eb3742333511-5.jpg,new-yachts/eb4c00ef-9609-4812-b38a-eb3742333511/eb4c00ef-9609-4812-b38a-eb3742333511-5.jpg,5,2026-04-22 17:03:23.125783+00
ee9cf72b-8e6f-426e-950e-335dfba9ec66,d3716531-df17-4b01-9d18-993b87404a0e,https://awrznjnofgmlqjiayhoi.supabase.co/storage/v1/object/public/yacht-images/new-yachts/d3716531-df17-4b01-9d18-993b87404a0e/d3716531-df17-4b01-9d18-993b87404a0e-5.jpg,new-yachts/d3716531-df17-4b01-9d18-993b87404a0e/d3716531-df17-4b01-9d18-993b87404a0e-5.jpg,5,2026-04-10 12:56:02.744885+00
eea74f21-bbf2-4a96-b198-9b2a7d76a3dc,da0d8573-24f0-46e0-80ec-c1436985d90e,https://awrznjnofgmlqjiayhoi.supabase.co/storage/v1/object/public/yacht-images/new-yachts/da0d8573-24f0-46e0-80ec-c1436985d90e/da0d8573-24f0-46e0-80ec-c1436985d90e-8.webp,new-yachts/da0d8573-24f0-46e0-80ec-c1436985d90e/da0d8573-24f0-46e0-80ec-c1436985d90e-8.webp,8,2026-03-26 21:42:23.840899+00
eeaa8a26-778d-474a-89dd-d4dfd050846e,c7824eeb-5781-49ee-b923-aa636e73cb36,https://awrznjnofgmlqjiayhoi.supabase.co/storage/v1/object/public/yacht-images/new-yachts/c7824eeb-5781-49ee-b923-aa636e73cb36/c7824eeb-5781-49ee-b923-aa636e73cb36-8.jpg,new-yachts/c7824eeb-5781-49ee-b923-aa636e73cb36/c7824eeb-5781-49ee-b923-aa636e73cb36-8.jpg,8,2026-04-24 00:24:33.549386+00
eeac525e-ada3-463d-82e7-02ed7d99cccc,c3661269-98db-4434-968d-fcc49da5955d,https://awrznjnofgmlqjiayhoi.supabase.co/storage/v1/object/public/yacht-images/new-yachts/c3661269-98db-4434-968d-fcc49da5955d/c3661269-98db-4434-968d-fcc49da5955d-7.jpg,new-yachts/c3661269-98db-4434-968d-fcc49da5955d/c3661269-98db-4434-968d-fcc49da5955d-7.jpg,7,2026-04-24 00:37:24.215181+00
eebb6283-9bb3-4b53-b870-29f94c68c33b,a6a12e4a-1f13-40ae-a2d3-5fcc38532e12,https://awrznjnofgmlqjiayhoi.supabase.co/storage/v1/object/public/yacht-images/new-yachts/a6a12e4a-1f13-40ae-a2d3-5fcc38532e12/a6a12e4a-1f13-40ae-a2d3-5fcc38532e12-3.jpg,new-yachts/a6a12e4a-1f13-40ae-a2d3-5fcc38532e12/a6a12e4a-1f13-40ae-a2d3-5fcc38532e12-3.jpg,3,2026-04-22 14:43:15.298726+00
eebdb70c-372b-414b-b241-34358e6470bf,1b2adf4e-a2b8-4797-b6d4-f17c62016e14,https://awrznjnofgmlqjiayhoi.supabase.co/storage/v1/object/public/yacht-images/new-yachts/1b2adf4e-a2b8-4797-b6d4-f17c62016e14/1b2adf4e-a2b8-4797-b6d4-f17c62016e14-4.webp,new-yachts/1b2adf4e-a2b8-4797-b6d4-f17c62016e14/1b2adf4e-a2b8-4797-b6d4-f17c62016e14-4.webp,4,2026-03-26 22:00:52.888028+00
eec161e3-3984-440e-8d73-cd5f0a4d455e,c8de990e-7e4a-4ad6-8e58-490752e3cfab,https://awrznjnofgmlqjiayhoi.supabase.co/storage/v1/object/public/yacht-images/new-yachts/c8de990e-7e4a-4ad6-8e58-490752e3cfab/c8de990e-7e4a-4ad6-8e58-490752e3cfab-7.jpg,new-yachts/c8de990e-7e4a-4ad6-8e58-490752e3cfab/c8de990e-7e4a-4ad6-8e58-490752e3cfab-7.jpg,7,2026-04-22 18:20:36.482358+00
eec8e0bd-233a-4d98-b6e6-fafbca0c93ff,a6a12e4a-1f13-40ae-a2d3-5fcc38532e12,https://awrznjnofgmlqjiayhoi.supabase.co/storage/v1/object/public/yacht-images/new-yachts/a6a12e4a-1f13-40ae-a2d3-5fcc38532e12/a6a12e4a-1f13-40ae-a2d3-5fcc38532e12-11.jpg,new-yachts/a6a12e4a-1f13-40ae-a2d3-5fcc38532e12/a6a12e4a-1f13-40ae-a2d3-5fcc38532e12-11.jpg,11,2026-04-22 14:43:20.00625+00
eed9b143-e592-49fd-9dee-9ba14c51e8d3,b71e779a-40eb-4110-b871-8d24a227e42f,https://awrznjnofgmlqjiayhoi.supabase.co/storage/v1/object/public/yacht-images/new-yachts/b71e779a-40eb-4110-b871-8d24a227e42f/b71e779a-40eb-4110-b871-8d24a227e42f-9.jpg,new-yachts/b71e779a-40eb-4110-b871-8d24a227e42f/b71e779a-40eb-4110-b871-8d24a227e42f-9.jpg,9,2026-04-24 18:50:26.896001+00
eee00654-f711-4549-953a-9d2d85d31564,b79617e8-78f0-4a13-a5df-9c00dfd10d41,https://awrznjnofgmlqjiayhoi.supabase.co/storage/v1/object/public/yacht-images/new-yachts/b79617e8-78f0-4a13-a5df-9c00dfd10d41/b79617e8-78f0-4a13-a5df-9c00dfd10d41-10.jpg,new-yachts/b79617e8-78f0-4a13-a5df-9c00dfd10d41/b79617e8-78f0-4a13-a5df-9c00dfd10d41-10.jpg,10,2026-04-22 14:49:45.322892+00
eef04cfe-ffad-4134-bf9f-f0a3e02d51df,077c9e0d-ef5b-4229-9d5c-42ab6bf99aba,https://awrznjnofgmlqjiayhoi.supabase.co/storage/v1/object/public/yacht-images/new-yachts/077c9e0d-ef5b-4229-9d5c-42ab6bf99aba/077c9e0d-ef5b-4229-9d5c-42ab6bf99aba-9.jpg,new-yachts/077c9e0d-ef5b-4229-9d5c-42ab6bf99aba/077c9e0d-ef5b-4229-9d5c-42ab6bf99aba-9.jpg,9,2026-04-22 18:06:38.481691+00
ef0138ce-463a-4299-b04a-76f94813199e,a69e6979-5e73-4103-bb42-941d87b3fb36,https://awrznjnofgmlqjiayhoi.supabase.co/storage/v1/object/public/yacht-images/new-yachts/a69e6979-5e73-4103-bb42-941d87b3fb36/a69e6979-5e73-4103-bb42-941d87b3fb36-3.webp,new-yachts/a69e6979-5e73-4103-bb42-941d87b3fb36/a69e6979-5e73-4103-bb42-941d87b3fb36-3.webp,3,2026-03-26 21:18:10.477673+00
ef195d45-234f-4162-9cc3-935dbba4cd0c,eb4c00ef-9609-4812-b38a-eb3742333511,https://awrznjnofgmlqjiayhoi.supabase.co/storage/v1/object/public/yacht-images/new-yachts/eb4c00ef-9609-4812-b38a-eb3742333511/eb4c00ef-9609-4812-b38a-eb3742333511-9.jpg,new-yachts/eb4c00ef-9609-4812-b38a-eb3742333511/eb4c00ef-9609-4812-b38a-eb3742333511-9.jpg,9,2026-04-22 17:03:26.144539+00
ef27c782-462e-40ff-9af2-beb5ca4246bd,34a9704a-6e5d-48ab-9f0d-7b4fa78fb240,https://awrznjnofgmlqjiayhoi.supabase.co/storage/v1/object/public/yacht-images/new-yachts/34a9704a-6e5d-48ab-9f0d-7b4fa78fb240/34a9704a-6e5d-48ab-9f0d-7b4fa78fb240-8.jpg,new-yachts/34a9704a-6e5d-48ab-9f0d-7b4fa78fb240/34a9704a-6e5d-48ab-9f0d-7b4fa78fb240-8.jpg,8,2026-04-22 18:17:50.041649+00
ef7564ee-5bed-44c1-8a1c-ded817c7665b,6d1a9522-b4b9-4c89-8023-eb1a453d89d8,https://awrznjnofgmlqjiayhoi.supabase.co/storage/v1/object/public/yacht-images/new-yachts/6d1a9522-b4b9-4c89-8023-eb1a453d89d8/6d1a9522-b4b9-4c89-8023-eb1a453d89d8-10.jpg,new-yachts/6d1a9522-b4b9-4c89-8023-eb1a453d89d8/6d1a9522-b4b9-4c89-8023-eb1a453d89d8-10.jpg,10,2026-04-23 08:53:39.015598+00
ef986200-4b47-45d0-99d2-5274b6e6bafe,d3b00e8b-5743-46d3-9660-80b6783e38ad,https://awrznjnofgmlqjiayhoi.supabase.co/storage/v1/object/public/yacht-images/new-yachts/d3b00e8b-5743-46d3-9660-80b6783e38ad/d3b00e8b-5743-46d3-9660-80b6783e38ad-9.jpg,new-yachts/d3b00e8b-5743-46d3-9660-80b6783e38ad/d3b00e8b-5743-46d3-9660-80b6783e38ad-9.jpg,9,2026-04-23 23:40:21.45807+00
efa7c27a-e738-4d7a-b295-17545db8eb81,8d7a0fc8-4b08-4d64-8427-2d433e120720,https://awrznjnofgmlqjiayhoi.supabase.co/storage/v1/object/public/yacht-images/new-yachts/8d7a0fc8-4b08-4d64-8427-2d433e120720/8d7a0fc8-4b08-4d64-8427-2d433e120720-5.jpg,new-yachts/8d7a0fc8-4b08-4d64-8427-2d433e120720/8d7a0fc8-4b08-4d64-8427-2d433e120720-5.jpg,5,2026-04-23 10:14:02.043329+00
efa8b6ef-8053-4a8a-824c-089aa60a6445,edbf3b89-880d-42df-9940-7c851dd8c73a,https://awrznjnofgmlqjiayhoi.supabase.co/storage/v1/object/public/yacht-images/new-yachts/edbf3b89-880d-42df-9940-7c851dd8c73a/edbf3b89-880d-42df-9940-7c851dd8c73a-7.jpg,new-yachts/edbf3b89-880d-42df-9940-7c851dd8c73a/edbf3b89-880d-42df-9940-7c851dd8c73a-7.jpg,7,2026-04-22 18:39:20.760236+00
efb3a432-606d-4644-9c36-f390425d0d33,d4d051c3-8265-40c7-a211-75a07354158f,https://awrznjnofgmlqjiayhoi.supabase.co/storage/v1/object/public/yacht-images/new-yachts/d4d051c3-8265-40c7-a211-75a07354158f/d4d051c3-8265-40c7-a211-75a07354158f-5.jpg,new-yachts/d4d051c3-8265-40c7-a211-75a07354158f/d4d051c3-8265-40c7-a211-75a07354158f-5.jpg,5,2026-04-23 09:15:30.485327+00
efbe3f3f-b8c3-4bf2-8e62-964c6fb14c10,b91a48c7-b650-4d3e-8163-342f849e50a2,https://awrznjnofgmlqjiayhoi.supabase.co/storage/v1/object/public/yacht-images/new-yachts/b91a48c7-b650-4d3e-8163-342f849e50a2/b91a48c7-b650-4d3e-8163-342f849e50a2-11.jpg,new-yachts/b91a48c7-b650-4d3e-8163-342f849e50a2/b91a48c7-b650-4d3e-8163-342f849e50a2-11.jpg,11,2026-04-22 17:00:27.181568+00
efc85467-beb2-41c3-90b3-ea62509f635f,c04837c6-f2a3-4118-a6b3-0acd537b2841,https://awrznjnofgmlqjiayhoi.supabase.co/storage/v1/object/public/yacht-images/new-yachts/c04837c6-f2a3-4118-a6b3-0acd537b2841/c04837c6-f2a3-4118-a6b3-0acd537b2841-11.jpg,new-yachts/c04837c6-f2a3-4118-a6b3-0acd537b2841/c04837c6-f2a3-4118-a6b3-0acd537b2841-11.jpg,11,2026-04-22 18:40:40.905485+00
f02afec1-45db-48aa-9ee8-6191fa646b19,671a273a-9c01-40cb-ba3a-a05127d28885,https://awrznjnofgmlqjiayhoi.supabase.co/storage/v1/object/public/yacht-images/new-yachts/671a273a-9c01-40cb-ba3a-a05127d28885/671a273a-9c01-40cb-ba3a-a05127d28885-10.jpg,new-yachts/671a273a-9c01-40cb-ba3a-a05127d28885/671a273a-9c01-40cb-ba3a-a05127d28885-10.jpg,10,2026-04-22 17:04:56.971982+00
f041b7f6-bdc8-45e2-8c03-e7e6e2557e4c,80158340-3d11-4af8-948d-23fa3fd26828,https://awrznjnofgmlqjiayhoi.supabase.co/storage/v1/object/public/yacht-images/new-yachts/80158340-3d11-4af8-948d-23fa3fd26828/80158340-3d11-4af8-948d-23fa3fd26828-4.webp,new-yachts/80158340-3d11-4af8-948d-23fa3fd26828/80158340-3d11-4af8-948d-23fa3fd26828-4.webp,4,2026-03-26 21:38:36.135613+00
f04d8c96-1ecb-4073-a6ca-9c09545a6501,ec89419e-3baa-4164-b5d4-feb08873daa2,https://awrznjnofgmlqjiayhoi.supabase.co/storage/v1/object/public/yacht-images/new-yachts/ec89419e-3baa-4164-b5d4-feb08873daa2/ec89419e-3baa-4164-b5d4-feb08873daa2-3.webp,new-yachts/ec89419e-3baa-4164-b5d4-feb08873daa2/ec89419e-3baa-4164-b5d4-feb08873daa2-3.webp,3,2026-03-26 22:02:26.66613+00
f053053d-7bf4-497e-88e7-769d7b6db038,8d1b8b54-130f-4654-920d-13055151518e,https://awrznjnofgmlqjiayhoi.supabase.co/storage/v1/object/public/yacht-images/new-yachts/8d1b8b54-130f-4654-920d-13055151518e/8d1b8b54-130f-4654-920d-13055151518e-5.webp,new-yachts/8d1b8b54-130f-4654-920d-13055151518e/8d1b8b54-130f-4654-920d-13055151518e-5.webp,5,2026-02-28 19:46:50.452958+00
f079ecdc-f42f-4b36-a030-18a286ba60e5,dad3e31e-782b-4453-8084-835e82cb6131,https://awrznjnofgmlqjiayhoi.supabase.co/storage/v1/object/public/yacht-images/new-yachts/dad3e31e-782b-4453-8084-835e82cb6131/dad3e31e-782b-4453-8084-835e82cb6131-5.jpg,new-yachts/dad3e31e-782b-4453-8084-835e82cb6131/dad3e31e-782b-4453-8084-835e82cb6131-5.jpg,5,2026-04-23 23:38:04.00455+00
f0904d30-8889-4619-a189-fc5016dbe4a9,cf884b59-eebf-427e-b547-f2bde54c5d89,https://awrznjnofgmlqjiayhoi.supabase.co/storage/v1/object/public/yacht-images/new-yachts/cf884b59-eebf-427e-b547-f2bde54c5d89/cf884b59-eebf-427e-b547-f2bde54c5d89-3.jpg,new-yachts/cf884b59-eebf-427e-b547-f2bde54c5d89/cf884b59-eebf-427e-b547-f2bde54c5d89-3.jpg,3,2026-04-24 22:32:25.95063+00
f0a03175-7499-4b31-9cdc-aaa17e27c56f,032e6c07-1353-4bf5-8770-311b7c1e4d9e,https://awrznjnofgmlqjiayhoi.supabase.co/storage/v1/object/public/yacht-images/new-yachts/032e6c07-1353-4bf5-8770-311b7c1e4d9e/032e6c07-1353-4bf5-8770-311b7c1e4d9e-4.jpg,new-yachts/032e6c07-1353-4bf5-8770-311b7c1e4d9e/032e6c07-1353-4bf5-8770-311b7c1e4d9e-4.jpg,4,2026-04-24 22:18:52.250054+00
f0c2bce0-63ca-418a-a970-8d15022bce55,8a77f565-5102-400b-8aa3-31584a24881f,https://awrznjnofgmlqjiayhoi.supabase.co/storage/v1/object/public/yacht-images/new-yachts/8a77f565-5102-400b-8aa3-31584a24881f/8a77f565-5102-400b-8aa3-31584a24881f-4.jpg,new-yachts/8a77f565-5102-400b-8aa3-31584a24881f/8a77f565-5102-400b-8aa3-31584a24881f-4.jpg,4,2026-04-22 18:25:13.137164+00
f0c2ced2-b10f-46e4-9c92-4b459c0c4970,c8c5aac8-0250-456f-8eae-5c72e98aec4c,https://awrznjnofgmlqjiayhoi.supabase.co/storage/v1/object/public/yacht-images/new-yachts/c8c5aac8-0250-456f-8eae-5c72e98aec4c/c8c5aac8-0250-456f-8eae-5c72e98aec4c-9.jpg,new-yachts/c8c5aac8-0250-456f-8eae-5c72e98aec4c/c8c5aac8-0250-456f-8eae-5c72e98aec4c-9.jpg,9,2026-04-24 00:28:21.573822+00
f0e0c192-f1aa-4408-8582-9904bc9fd210,d3716531-df17-4b01-9d18-993b87404a0e,https://awrznjnofgmlqjiayhoi.supabase.co/storage/v1/object/public/yacht-images/new-yachts/d3716531-df17-4b01-9d18-993b87404a0e/d3716531-df17-4b01-9d18-993b87404a0e-6.jpg,new-yachts/d3716531-df17-4b01-9d18-993b87404a0e/d3716531-df17-4b01-9d18-993b87404a0e-6.jpg,6,2026-04-10 12:56:03.936949+00
f12bd8c6-96cd-4b6d-9625-b7a792f422cc,40ad641d-8678-4762-ae92-ed4a9b0cb3b9,https://awrznjnofgmlqjiayhoi.supabase.co/storage/v1/object/public/yacht-images/new-yachts/40ad641d-8678-4762-ae92-ed4a9b0cb3b9/40ad641d-8678-4762-ae92-ed4a9b0cb3b9-4.jpg,new-yachts/40ad641d-8678-4762-ae92-ed4a9b0cb3b9/40ad641d-8678-4762-ae92-ed4a9b0cb3b9-4.jpg,4,2026-04-23 09:17:36.631708+00
f137e563-128e-40a4-aa54-6cde19f773ce,25707908-8308-40b0-8a69-b0900e65d602,https://awrznjnofgmlqjiayhoi.supabase.co/storage/v1/object/public/yacht-images/new-yachts/25707908-8308-40b0-8a69-b0900e65d602/25707908-8308-40b0-8a69-b0900e65d602-1.jpg,new-yachts/25707908-8308-40b0-8a69-b0900e65d602/25707908-8308-40b0-8a69-b0900e65d602-1.jpg,1,2026-04-24 00:40:07.289347+00
f1775a1c-f7dd-4b5c-b680-d4319f797b03,517672a0-2a18-4955-9e0d-277f206c814b,https://awrznjnofgmlqjiayhoi.supabase.co/storage/v1/object/public/yacht-images/new-yachts/517672a0-2a18-4955-9e0d-277f206c814b/517672a0-2a18-4955-9e0d-277f206c814b-2.webp,new-yachts/517672a0-2a18-4955-9e0d-277f206c814b/517672a0-2a18-4955-9e0d-277f206c814b-2.webp,2,2026-03-13 18:45:57.118392+00
f1974b4f-a869-4561-a92c-71c3fd59c6b2,044f0cd0-401b-4f8f-b83f-727774222f6e,https://awrznjnofgmlqjiayhoi.supabase.co/storage/v1/object/public/yacht-images/new-yachts/044f0cd0-401b-4f8f-b83f-727774222f6e/044f0cd0-401b-4f8f-b83f-727774222f6e-2.jpg,new-yachts/044f0cd0-401b-4f8f-b83f-727774222f6e/044f0cd0-401b-4f8f-b83f-727774222f6e-2.jpg,2,2026-04-23 09:20:28.376358+00
f1a767c5-c521-4d1c-b619-55d993bec7e3,6d1a9522-b4b9-4c89-8023-eb1a453d89d8,https://awrznjnofgmlqjiayhoi.supabase.co/storage/v1/object/public/yacht-images/new-yachts/6d1a9522-b4b9-4c89-8023-eb1a453d89d8/6d1a9522-b4b9-4c89-8023-eb1a453d89d8-8.jpg,new-yachts/6d1a9522-b4b9-4c89-8023-eb1a453d89d8/6d1a9522-b4b9-4c89-8023-eb1a453d89d8-8.jpg,8,2026-04-23 08:53:37.715042+00
f1c6b711-b703-455f-8a33-6fc5bd50feda,6a4ed0f9-5fb9-4acf-b027-dab0d6b648d0,https://awrznjnofgmlqjiayhoi.supabase.co/storage/v1/object/public/yacht-images/new-yachts/6a4ed0f9-5fb9-4acf-b027-dab0d6b648d0/6a4ed0f9-5fb9-4acf-b027-dab0d6b648d0-5.webp,new-yachts/6a4ed0f9-5fb9-4acf-b027-dab0d6b648d0/6a4ed0f9-5fb9-4acf-b027-dab0d6b648d0-5.webp,5,2026-03-26 21:32:29.203819+00
f1d524b4-2ad5-4ba2-bb09-7039f4b55396,1789ce0b-b617-4357-911e-6152f2799f45,https://awrznjnofgmlqjiayhoi.supabase.co/storage/v1/object/public/yacht-images/new-yachts/1789ce0b-b617-4357-911e-6152f2799f45/1789ce0b-b617-4357-911e-6152f2799f45-11.jpg,new-yachts/1789ce0b-b617-4357-911e-6152f2799f45/1789ce0b-b617-4357-911e-6152f2799f45-11.jpg,11,2026-04-24 00:00:56.711069+00
f1e3960b-5dd9-4d87-8adf-36848ea407f9,2dcb8ce7-6e7d-49ec-8c52-067db62ed412,https://awrznjnofgmlqjiayhoi.supabase.co/storage/v1/object/public/yacht-images/new-yachts/2dcb8ce7-6e7d-49ec-8c52-067db62ed412/2dcb8ce7-6e7d-49ec-8c52-067db62ed412-1.jpg,new-yachts/2dcb8ce7-6e7d-49ec-8c52-067db62ed412/2dcb8ce7-6e7d-49ec-8c52-067db62ed412-1.jpg,1,2026-04-24 22:45:07.726069+00
f1e5084d-0190-43fb-afa9-2b94c82e6d16,ab9953cb-da58-43d0-98c1-9c4fb3669d16,https://awrznjnofgmlqjiayhoi.supabase.co/storage/v1/object/public/yacht-images/new-yachts/ab9953cb-da58-43d0-98c1-9c4fb3669d16/ab9953cb-da58-43d0-98c1-9c4fb3669d16-1.jpg,new-yachts/ab9953cb-da58-43d0-98c1-9c4fb3669d16/ab9953cb-da58-43d0-98c1-9c4fb3669d16-1.jpg,1,2026-03-26 21:44:01.717935+00
f1ebec67-fef6-419e-9988-d7208a2d668d,bd97e6ce-9abe-4bb5-8ee3-eda9646c6638,https://awrznjnofgmlqjiayhoi.supabase.co/storage/v1/object/public/yacht-images/new-yachts/bd97e6ce-9abe-4bb5-8ee3-eda9646c6638/bd97e6ce-9abe-4bb5-8ee3-eda9646c6638-5.jpg,new-yachts/bd97e6ce-9abe-4bb5-8ee3-eda9646c6638/bd97e6ce-9abe-4bb5-8ee3-eda9646c6638-5.jpg,5,2026-04-22 16:27:17.036966+00
f1fc0289-6ead-4e83-81f7-03f749c1fe0f,71152f00-7193-453c-9187-3cac259a9afe,https://awrznjnofgmlqjiayhoi.supabase.co/storage/v1/object/public/yacht-images/new-yachts/71152f00-7193-453c-9187-3cac259a9afe/71152f00-7193-453c-9187-3cac259a9afe-10.jpg,new-yachts/71152f00-7193-453c-9187-3cac259a9afe/71152f00-7193-453c-9187-3cac259a9afe-10.jpg,10,2026-04-22 16:20:51.532171+00
f2246892-4fe9-4cf6-be89-ea564035b79e,a4759571-4e3b-46b6-a622-05cfe4987629,https://awrznjnofgmlqjiayhoi.supabase.co/storage/v1/object/public/yacht-images/new-yachts/a4759571-4e3b-46b6-a622-05cfe4987629/a4759571-4e3b-46b6-a622-05cfe4987629-4.jpg,new-yachts/a4759571-4e3b-46b6-a622-05cfe4987629/a4759571-4e3b-46b6-a622-05cfe4987629-4.jpg,4,2026-04-24 22:50:20.251796+00
f22ae233-2495-4eea-99f9-44aec4afb953,c7ebbc0c-5644-4a96-b655-4d364326373e,https://awrznjnofgmlqjiayhoi.supabase.co/storage/v1/object/public/yacht-images/new-yachts/c7ebbc0c-5644-4a96-b655-4d364326373e/c7ebbc0c-5644-4a96-b655-4d364326373e-8.jpg,new-yachts/c7ebbc0c-5644-4a96-b655-4d364326373e/c7ebbc0c-5644-4a96-b655-4d364326373e-8.jpg,8,2026-04-22 18:03:53.689826+00
f22f3828-4f6b-46db-affa-ccaa8e31b673,3c3b41d1-6a5d-4bff-9ac4-74151a516eb2,https://awrznjnofgmlqjiayhoi.supabase.co/storage/v1/object/public/yacht-images/new-yachts/3c3b41d1-6a5d-4bff-9ac4-74151a516eb2/3c3b41d1-6a5d-4bff-9ac4-74151a516eb2-3.jpg,new-yachts/3c3b41d1-6a5d-4bff-9ac4-74151a516eb2/3c3b41d1-6a5d-4bff-9ac4-74151a516eb2-3.jpg,3,2026-04-22 17:43:03.291138+00
f263c2d9-26d0-4549-b643-a3946784a824,42127408-e8a1-40e3-97c2-724abf8041ca,https://awrznjnofgmlqjiayhoi.supabase.co/storage/v1/object/public/yacht-images/new-yachts/42127408-e8a1-40e3-97c2-724abf8041ca/42127408-e8a1-40e3-97c2-724abf8041ca-1.webp,new-yachts/42127408-e8a1-40e3-97c2-724abf8041ca/42127408-e8a1-40e3-97c2-724abf8041ca-1.webp,1,2026-03-12 17:27:28.304695+00
f285e7df-a638-401b-968e-1521e0309fa0,032e6c07-1353-4bf5-8770-311b7c1e4d9e,https://awrznjnofgmlqjiayhoi.supabase.co/storage/v1/object/public/yacht-images/new-yachts/032e6c07-1353-4bf5-8770-311b7c1e4d9e/032e6c07-1353-4bf5-8770-311b7c1e4d9e-8.jpg,new-yachts/032e6c07-1353-4bf5-8770-311b7c1e4d9e/032e6c07-1353-4bf5-8770-311b7c1e4d9e-8.jpg,8,2026-04-24 22:18:54.820182+00
f2888df9-6c57-40ac-b52b-92a8e1c8aab7,9bb11399-c9d0-426a-b423-506c3373bf26,https://awrznjnofgmlqjiayhoi.supabase.co/storage/v1/object/public/yacht-images/new-yachts/9bb11399-c9d0-426a-b423-506c3373bf26/9bb11399-c9d0-426a-b423-506c3373bf26-9.jpg,new-yachts/9bb11399-c9d0-426a-b423-506c3373bf26/9bb11399-c9d0-426a-b423-506c3373bf26-9.jpg,9,2026-04-22 18:33:47.910227+00
f288e60b-f1f6-4959-94a0-ce0853fd8118,5d02ef55-1f86-4529-b012-e26a73e30363,https://awrznjnofgmlqjiayhoi.supabase.co/storage/v1/object/public/yacht-images/new-yachts/5d02ef55-1f86-4529-b012-e26a73e30363/5d02ef55-1f86-4529-b012-e26a73e30363-8.jpg,new-yachts/5d02ef55-1f86-4529-b012-e26a73e30363/5d02ef55-1f86-4529-b012-e26a73e30363-8.jpg,8,2026-04-24 00:15:18.366054+00
f29311dc-4382-473a-b3e8-449deec30cca,e8098cfa-12af-43f8-8f79-66a356ab8eea,https://awrznjnofgmlqjiayhoi.supabase.co/storage/v1/object/public/yacht-images/new-yachts/e8098cfa-12af-43f8-8f79-66a356ab8eea/e8098cfa-12af-43f8-8f79-66a356ab8eea-10.jpg,new-yachts/e8098cfa-12af-43f8-8f79-66a356ab8eea/e8098cfa-12af-43f8-8f79-66a356ab8eea-10.jpg,10,2026-04-22 17:30:38.187513+00
f2f1bc46-91a4-4cab-94ff-7ea913ce8d77,0e381fe0-3d2f-401e-a912-3660d72aa7b2,https://awrznjnofgmlqjiayhoi.supabase.co/storage/v1/object/public/yacht-images/new-yachts/0e381fe0-3d2f-401e-a912-3660d72aa7b2/0e381fe0-3d2f-401e-a912-3660d72aa7b2-3.jpg,new-yachts/0e381fe0-3d2f-401e-a912-3660d72aa7b2/0e381fe0-3d2f-401e-a912-3660d72aa7b2-3.jpg,3,2026-04-22 18:11:12.474344+00
f314bb18-dd6f-4c56-8e5c-b43e49dcea0f,f4b8122c-8b42-473d-bec4-396b5cf3471c,https://awrznjnofgmlqjiayhoi.supabase.co/storage/v1/object/public/yacht-images/new-yachts/f4b8122c-8b42-473d-bec4-396b5cf3471c/f4b8122c-8b42-473d-bec4-396b5cf3471c-14.webp,new-yachts/f4b8122c-8b42-473d-bec4-396b5cf3471c/f4b8122c-8b42-473d-bec4-396b5cf3471c-14.webp,14,2026-03-13 10:29:08.037741+00
f321a03c-b2fa-4318-8520-e21d52b425b2,d49fd6fe-849a-4007-937a-516892a4cdb9,https://awrznjnofgmlqjiayhoi.supabase.co/storage/v1/object/public/yacht-images/new-yachts/d49fd6fe-849a-4007-937a-516892a4cdb9/d49fd6fe-849a-4007-937a-516892a4cdb9-2.jpg,new-yachts/d49fd6fe-849a-4007-937a-516892a4cdb9/d49fd6fe-849a-4007-937a-516892a4cdb9-2.jpg,2,2026-04-23 08:33:16.684704+00
f32c18a7-c9c9-4e59-97fa-481d23555ae7,c26bce67-f8bb-42b4-849a-aa60780a660f,https://awrznjnofgmlqjiayhoi.supabase.co/storage/v1/object/public/yacht-images/new-yachts/c26bce67-f8bb-42b4-849a-aa60780a660f/c26bce67-f8bb-42b4-849a-aa60780a660f-3.jpg,new-yachts/c26bce67-f8bb-42b4-849a-aa60780a660f/c26bce67-f8bb-42b4-849a-aa60780a660f-3.jpg,3,2026-04-24 21:28:02.287022+00
f344833b-1950-4a06-b9e5-91e4a047cb04,5491dfd2-b60d-460f-a1c5-d20b54a68599,https://awrznjnofgmlqjiayhoi.supabase.co/storage/v1/object/public/yacht-images/new-yachts/5491dfd2-b60d-460f-a1c5-d20b54a68599/5491dfd2-b60d-460f-a1c5-d20b54a68599-3.jpg,new-yachts/5491dfd2-b60d-460f-a1c5-d20b54a68599/5491dfd2-b60d-460f-a1c5-d20b54a68599-3.jpg,3,2026-04-22 17:33:37.922495+00
f356ccc9-37b4-40a4-8633-2c94fcf4daad,8b026905-96da-43a2-8737-2b121fd4d64b,https://awrznjnofgmlqjiayhoi.supabase.co/storage/v1/object/public/yacht-images/new-yachts/8b026905-96da-43a2-8737-2b121fd4d64b/8b026905-96da-43a2-8737-2b121fd4d64b-8.jpg,new-yachts/8b026905-96da-43a2-8737-2b121fd4d64b/8b026905-96da-43a2-8737-2b121fd4d64b-8.jpg,8,2026-04-22 14:55:58.315032+00
f3ac6a5a-9bc7-4020-beda-15769886f833,077c9e0d-ef5b-4229-9d5c-42ab6bf99aba,https://awrznjnofgmlqjiayhoi.supabase.co/storage/v1/object/public/yacht-images/new-yachts/077c9e0d-ef5b-4229-9d5c-42ab6bf99aba/077c9e0d-ef5b-4229-9d5c-42ab6bf99aba-1.jpg,new-yachts/077c9e0d-ef5b-4229-9d5c-42ab6bf99aba/077c9e0d-ef5b-4229-9d5c-42ab6bf99aba-1.jpg,1,2026-04-22 18:06:32.736524+00
f3b61f7f-57b5-4796-8ca0-425b62e6f389,bc6673af-2cbc-45d6-98bd-04b89297bef3,https://awrznjnofgmlqjiayhoi.supabase.co/storage/v1/object/public/yacht-images/new-yachts/bc6673af-2cbc-45d6-98bd-04b89297bef3/bc6673af-2cbc-45d6-98bd-04b89297bef3-5.jpg,new-yachts/bc6673af-2cbc-45d6-98bd-04b89297bef3/bc6673af-2cbc-45d6-98bd-04b89297bef3-5.jpg,5,2026-04-22 14:39:24.311017+00
f3e595b6-5088-4b1a-a839-4ea03640bcc0,e9027657-7dcb-4ff3-993b-ee589e17b607,https://awrznjnofgmlqjiayhoi.supabase.co/storage/v1/object/public/yacht-images/new-yachts/e9027657-7dcb-4ff3-993b-ee589e17b607/e9027657-7dcb-4ff3-993b-ee589e17b607-11.jpg,new-yachts/e9027657-7dcb-4ff3-993b-ee589e17b607/e9027657-7dcb-4ff3-993b-ee589e17b607-11.jpg,11,2026-04-23 09:00:20.579877+00
f3ff97c4-ccf7-4010-9d54-734502161df2,918b12a4-fcbf-46eb-8a39-6a1cc0bf196f,https://awrznjnofgmlqjiayhoi.supabase.co/storage/v1/object/public/yacht-images/new-yachts/918b12a4-fcbf-46eb-8a39-6a1cc0bf196f/918b12a4-fcbf-46eb-8a39-6a1cc0bf196f-6.jpg,new-yachts/918b12a4-fcbf-46eb-8a39-6a1cc0bf196f/918b12a4-fcbf-46eb-8a39-6a1cc0bf196f-6.jpg,6,2026-04-22 18:21:40.719742+00
f4064b94-32b6-473a-943e-37297542c09d,625d8ba4-c145-4673-affb-3de4e2f03886,https://awrznjnofgmlqjiayhoi.supabase.co/storage/v1/object/public/yacht-images/new-yachts/625d8ba4-c145-4673-affb-3de4e2f03886/625d8ba4-c145-4673-affb-3de4e2f03886-7.webp,new-yachts/625d8ba4-c145-4673-affb-3de4e2f03886/625d8ba4-c145-4673-affb-3de4e2f03886-7.webp,7,2026-03-26 21:21:06.001986+00
f4067bf4-3fdc-4134-b369-bfecefab0f2f,4896d80d-42ee-4f28-868c-c8414fa5321d,https://awrznjnofgmlqjiayhoi.supabase.co/storage/v1/object/public/yacht-images/new-yachts/4896d80d-42ee-4f28-868c-c8414fa5321d/4896d80d-42ee-4f28-868c-c8414fa5321d-11.jpg,new-yachts/4896d80d-42ee-4f28-868c-c8414fa5321d/4896d80d-42ee-4f28-868c-c8414fa5321d-11.jpg,11,2026-04-22 14:57:37.667514+00
f40a5a80-f271-4723-9314-257c08432da9,6691a397-12b2-4bec-9729-2e36bbeda61a,https://awrznjnofgmlqjiayhoi.supabase.co/storage/v1/object/public/yacht-images/new-yachts/6691a397-12b2-4bec-9729-2e36bbeda61a/6691a397-12b2-4bec-9729-2e36bbeda61a-6.jpg,new-yachts/6691a397-12b2-4bec-9729-2e36bbeda61a/6691a397-12b2-4bec-9729-2e36bbeda61a-6.jpg,6,2026-04-22 18:47:24.701402+00
f438dcd1-f183-4ad0-bb74-f643f5e4cfa2,3011de4f-421b-4c6e-9433-a9f0417d7d89,https://awrznjnofgmlqjiayhoi.supabase.co/storage/v1/object/public/yacht-images/new-yachts/3011de4f-421b-4c6e-9433-a9f0417d7d89/3011de4f-421b-4c6e-9433-a9f0417d7d89-2.jpg,new-yachts/3011de4f-421b-4c6e-9433-a9f0417d7d89/3011de4f-421b-4c6e-9433-a9f0417d7d89-2.jpg,2,2026-04-22 14:51:00.348512+00
f4698686-f9e9-4bda-87fd-f7fdcc6c1aaa,181ed202-b6c2-4bd0-ac28-1d1f2115dea3,https://awrznjnofgmlqjiayhoi.supabase.co/storage/v1/object/public/yacht-images/new-yachts/181ed202-b6c2-4bd0-ac28-1d1f2115dea3/181ed202-b6c2-4bd0-ac28-1d1f2115dea3-3.jpg,new-yachts/181ed202-b6c2-4bd0-ac28-1d1f2115dea3/181ed202-b6c2-4bd0-ac28-1d1f2115dea3-3.jpg,3,2026-04-22 17:10:56.060833+00
f4741ed7-7e25-40b3-8e51-b97f7a8ff584,42444d77-7aaa-4f43-a408-c57aedf79d13,https://awrznjnofgmlqjiayhoi.supabase.co/storage/v1/object/public/yacht-images/new-yachts/42444d77-7aaa-4f43-a408-c57aedf79d13/42444d77-7aaa-4f43-a408-c57aedf79d13-5.jpg,new-yachts/42444d77-7aaa-4f43-a408-c57aedf79d13/42444d77-7aaa-4f43-a408-c57aedf79d13-5.jpg,5,2026-04-23 19:09:17.249229+00
f47e5d94-bf0f-4f76-b253-beb635244d5d,09a650f0-cd9d-4633-b0d5-cf777d3c2b64,https://awrznjnofgmlqjiayhoi.supabase.co/storage/v1/object/public/yacht-images/new-yachts/09a650f0-cd9d-4633-b0d5-cf777d3c2b64/09a650f0-cd9d-4633-b0d5-cf777d3c2b64-5.jpg,new-yachts/09a650f0-cd9d-4633-b0d5-cf777d3c2b64/09a650f0-cd9d-4633-b0d5-cf777d3c2b64-5.jpg,5,2026-04-22 18:30:37.648571+00
f4a62735-f730-48fe-b3f1-26f4c30bb3bb,1789ce0b-b617-4357-911e-6152f2799f45,https://awrznjnofgmlqjiayhoi.supabase.co/storage/v1/object/public/yacht-images/new-yachts/1789ce0b-b617-4357-911e-6152f2799f45/1789ce0b-b617-4357-911e-6152f2799f45-10.jpg,new-yachts/1789ce0b-b617-4357-911e-6152f2799f45/1789ce0b-b617-4357-911e-6152f2799f45-10.jpg,10,2026-04-24 00:00:56.034004+00
f4ae02b1-af92-485f-a06a-c25bff087913,ff6db69f-5b1d-4403-a044-83e29b9f2fb1,https://awrznjnofgmlqjiayhoi.supabase.co/storage/v1/object/public/yacht-images/new-yachts/ff6db69f-5b1d-4403-a044-83e29b9f2fb1/ff6db69f-5b1d-4403-a044-83e29b9f2fb1-4.webp,new-yachts/ff6db69f-5b1d-4403-a044-83e29b9f2fb1/ff6db69f-5b1d-4403-a044-83e29b9f2fb1-4.webp,4,2026-03-26 21:36:06.155947+00
f4d20872-b18e-4579-89a4-4526656311de,df67c4de-872b-425c-8adc-b85469ae16dd,https://awrznjnofgmlqjiayhoi.supabase.co/storage/v1/object/public/yacht-images/new-yachts/df67c4de-872b-425c-8adc-b85469ae16dd/df67c4de-872b-425c-8adc-b85469ae16dd-10.jpg,new-yachts/df67c4de-872b-425c-8adc-b85469ae16dd/df67c4de-872b-425c-8adc-b85469ae16dd-10.jpg,10,2026-04-24 21:59:22.473269+00
f4e334bf-ad82-4c46-8c3a-df81f119affe,199d0d16-14ce-4883-973e-e82706c8e0ca,https://awrznjnofgmlqjiayhoi.supabase.co/storage/v1/object/public/yacht-images/new-yachts/199d0d16-14ce-4883-973e-e82706c8e0ca/199d0d16-14ce-4883-973e-e82706c8e0ca-3.jpg,new-yachts/199d0d16-14ce-4883-973e-e82706c8e0ca/199d0d16-14ce-4883-973e-e82706c8e0ca-3.jpg,3,2026-04-24 00:11:42.362123+00
f4ffed60-810d-4032-abfd-9347ce989361,f0b64a0d-9a5e-4f99-845c-d08a55f5f529,https://awrznjnofgmlqjiayhoi.supabase.co/storage/v1/object/public/yacht-images/new-yachts/f0b64a0d-9a5e-4f99-845c-d08a55f5f529/f0b64a0d-9a5e-4f99-845c-d08a55f5f529-1.jpg,new-yachts/f0b64a0d-9a5e-4f99-845c-d08a55f5f529/f0b64a0d-9a5e-4f99-845c-d08a55f5f529-1.jpg,1,2026-03-26 21:08:35.751471+00
f511f4c5-9414-4357-beb5-c5b0fbbd79cb,0e381fe0-3d2f-401e-a912-3660d72aa7b2,https://awrznjnofgmlqjiayhoi.supabase.co/storage/v1/object/public/yacht-images/new-yachts/0e381fe0-3d2f-401e-a912-3660d72aa7b2/0e381fe0-3d2f-401e-a912-3660d72aa7b2-5.jpg,new-yachts/0e381fe0-3d2f-401e-a912-3660d72aa7b2/0e381fe0-3d2f-401e-a912-3660d72aa7b2-5.jpg,5,2026-04-22 18:11:13.83069+00
f51a9988-02ba-4c86-8963-c3db38952301,1cddd9eb-4fd6-4f55-a3f8-8744a301fa2d,https://awrznjnofgmlqjiayhoi.supabase.co/storage/v1/object/public/yacht-images/new-yachts/1cddd9eb-4fd6-4f55-a3f8-8744a301fa2d/1cddd9eb-4fd6-4f55-a3f8-8744a301fa2d-2.jpg,new-yachts/1cddd9eb-4fd6-4f55-a3f8-8744a301fa2d/1cddd9eb-4fd6-4f55-a3f8-8744a301fa2d-2.jpg,2,2026-04-24 19:58:17.915156+00
f51d6dd1-bbf4-4b17-9bcc-b32d2ddc1591,d8ada534-6eb6-4282-b98a-49bf8e72c7df,https://awrznjnofgmlqjiayhoi.supabase.co/storage/v1/object/public/yacht-images/new-yachts/d8ada534-6eb6-4282-b98a-49bf8e72c7df/d8ada534-6eb6-4282-b98a-49bf8e72c7df-5.webp,new-yachts/d8ada534-6eb6-4282-b98a-49bf8e72c7df/d8ada534-6eb6-4282-b98a-49bf8e72c7df-5.webp,5,2026-03-26 19:15:04.645315+00
f542531e-9217-4836-8824-4a2a8f466f69,625d8ba4-c145-4673-affb-3de4e2f03886,https://awrznjnofgmlqjiayhoi.supabase.co/storage/v1/object/public/yacht-images/new-yachts/625d8ba4-c145-4673-affb-3de4e2f03886/625d8ba4-c145-4673-affb-3de4e2f03886-3.webp,new-yachts/625d8ba4-c145-4673-affb-3de4e2f03886/625d8ba4-c145-4673-affb-3de4e2f03886-3.webp,3,2026-03-26 21:21:04.307805+00
f559c448-3703-4c19-a3b5-5907e8146f01,beba534d-c9f8-44f9-b8e1-c708ceced8f3,https://awrznjnofgmlqjiayhoi.supabase.co/storage/v1/object/public/yacht-images/new-yachts/beba534d-c9f8-44f9-b8e1-c708ceced8f3/beba534d-c9f8-44f9-b8e1-c708ceced8f3-2.jpg,new-yachts/beba534d-c9f8-44f9-b8e1-c708ceced8f3/beba534d-c9f8-44f9-b8e1-c708ceced8f3-2.jpg,2,2026-04-10 12:13:39.071557+00
f5aef9a9-b152-4fca-aac5-c758aad658f3,431072c2-81c2-46f5-a089-5bf802cc7fb6,https://awrznjnofgmlqjiayhoi.supabase.co/storage/v1/object/public/yacht-images/new-yachts/431072c2-81c2-46f5-a089-5bf802cc7fb6/431072c2-81c2-46f5-a089-5bf802cc7fb6-4.jpg,new-yachts/431072c2-81c2-46f5-a089-5bf802cc7fb6/431072c2-81c2-46f5-a089-5bf802cc7fb6-4.jpg,4,2026-04-22 18:18:36.728125+00
f5f71fdd-48a3-4ebf-aacd-e8d17e20253d,032e6c07-1353-4bf5-8770-311b7c1e4d9e,https://awrznjnofgmlqjiayhoi.supabase.co/storage/v1/object/public/yacht-images/new-yachts/032e6c07-1353-4bf5-8770-311b7c1e4d9e/032e6c07-1353-4bf5-8770-311b7c1e4d9e-6.jpg,new-yachts/032e6c07-1353-4bf5-8770-311b7c1e4d9e/032e6c07-1353-4bf5-8770-311b7c1e4d9e-6.jpg,6,2026-04-24 22:18:53.54988+00
f5f8fb4d-6b7c-438a-b60d-5d73beeb8ecd,093e8300-40b1-41b7-ab55-f8d53889c761,https://awrznjnofgmlqjiayhoi.supabase.co/storage/v1/object/public/yacht-images/new-yachts/093e8300-40b1-41b7-ab55-f8d53889c761/093e8300-40b1-41b7-ab55-f8d53889c761-update-1774380814739-2.webp,new-yachts/093e8300-40b1-41b7-ab55-f8d53889c761/093e8300-40b1-41b7-ab55-f8d53889c761-update-1774380814739-2.webp,4,2026-03-24 19:33:35.438543+00
f63cdc82-877e-4efd-8320-47fdbe6ed407,8b026905-96da-43a2-8737-2b121fd4d64b,https://awrznjnofgmlqjiayhoi.supabase.co/storage/v1/object/public/yacht-images/new-yachts/8b026905-96da-43a2-8737-2b121fd4d64b/8b026905-96da-43a2-8737-2b121fd4d64b-6.jpg,new-yachts/8b026905-96da-43a2-8737-2b121fd4d64b/8b026905-96da-43a2-8737-2b121fd4d64b-6.jpg,6,2026-04-22 14:55:57.536686+00
f65497ee-5f2c-443c-985a-ade5cdc38d7d,8f6ead2d-9e5a-4952-89a3-fa782ef6db82,https://awrznjnofgmlqjiayhoi.supabase.co/storage/v1/object/public/yacht-images/new-yachts/8f6ead2d-9e5a-4952-89a3-fa782ef6db82/8f6ead2d-9e5a-4952-89a3-fa782ef6db82-8.jpg,new-yachts/8f6ead2d-9e5a-4952-89a3-fa782ef6db82/8f6ead2d-9e5a-4952-89a3-fa782ef6db82-8.jpg,8,2026-04-22 15:19:58.947836+00
f694a193-7e6a-4c18-8819-bb69b08055c2,6f7d9f4f-3551-4c4b-b5f7-bd5596935016,https://awrznjnofgmlqjiayhoi.supabase.co/storage/v1/object/public/yacht-images/new-yachts/6f7d9f4f-3551-4c4b-b5f7-bd5596935016/6f7d9f4f-3551-4c4b-b5f7-bd5596935016-8.jpg,new-yachts/6f7d9f4f-3551-4c4b-b5f7-bd5596935016/6f7d9f4f-3551-4c4b-b5f7-bd5596935016-8.jpg,8,2026-04-24 00:33:11.465634+00
f6a63731-1c84-4e7a-9ecb-1c28e93b9235,68c062bb-e891-4c5a-8aa5-c2f096bff908,https://awrznjnofgmlqjiayhoi.supabase.co/storage/v1/object/public/yacht-images/new-yachts/68c062bb-e891-4c5a-8aa5-c2f096bff908/68c062bb-e891-4c5a-8aa5-c2f096bff908-5.jpg,new-yachts/68c062bb-e891-4c5a-8aa5-c2f096bff908/68c062bb-e891-4c5a-8aa5-c2f096bff908-5.jpg,5,2026-04-22 16:11:19.321899+00
f6d4587f-d9d9-4063-bb2b-e54aab7427d0,cf884b59-eebf-427e-b547-f2bde54c5d89,https://awrznjnofgmlqjiayhoi.supabase.co/storage/v1/object/public/yacht-images/new-yachts/cf884b59-eebf-427e-b547-f2bde54c5d89/cf884b59-eebf-427e-b547-f2bde54c5d89-11.jpg,new-yachts/cf884b59-eebf-427e-b547-f2bde54c5d89/cf884b59-eebf-427e-b547-f2bde54c5d89-11.jpg,11,2026-04-24 22:32:31.057473+00
f6d7838d-ffd4-4d6d-93e3-4ccf5953fb4a,370c34aa-94d0-43d9-8609-7cb172eaa603,https://awrznjnofgmlqjiayhoi.supabase.co/storage/v1/object/public/yacht-images/new-yachts/370c34aa-94d0-43d9-8609-7cb172eaa603/370c34aa-94d0-43d9-8609-7cb172eaa603-11.jpg,new-yachts/370c34aa-94d0-43d9-8609-7cb172eaa603/370c34aa-94d0-43d9-8609-7cb172eaa603-11.jpg,11,2026-04-24 00:19:46.824893+00
f70706ad-9f25-4b20-8f60-0c9e524164ed,eb2fce67-a66b-40a5-94ae-50cceec70566,https://awrznjnofgmlqjiayhoi.supabase.co/storage/v1/object/public/yacht-images/new-yachts/eb2fce67-a66b-40a5-94ae-50cceec70566/eb2fce67-a66b-40a5-94ae-50cceec70566-4.jpg,new-yachts/eb2fce67-a66b-40a5-94ae-50cceec70566/eb2fce67-a66b-40a5-94ae-50cceec70566-4.jpg,4,2026-04-22 17:07:09.792393+00
f70e4c2b-74e8-4d89-991a-6cf502f7ed80,9f57ec42-db09-4ed6-b8a0-17af63e10f17,https://awrznjnofgmlqjiayhoi.supabase.co/storage/v1/object/public/yacht-images/new-yachts/9f57ec42-db09-4ed6-b8a0-17af63e10f17/9f57ec42-db09-4ed6-b8a0-17af63e10f17-2.jpg,new-yachts/9f57ec42-db09-4ed6-b8a0-17af63e10f17/9f57ec42-db09-4ed6-b8a0-17af63e10f17-2.jpg,2,2026-04-22 18:48:10.439757+00
f71067df-0c2b-4afa-8505-2e7e52e14a72,0c015923-44a5-4de2-8d0c-532e76fc17c7,https://awrznjnofgmlqjiayhoi.supabase.co/storage/v1/object/public/yacht-images/new-yachts/0c015923-44a5-4de2-8d0c-532e76fc17c7/0c015923-44a5-4de2-8d0c-532e76fc17c7-8.jpg,new-yachts/0c015923-44a5-4de2-8d0c-532e76fc17c7/0c015923-44a5-4de2-8d0c-532e76fc17c7-8.jpg,8,2026-04-22 16:25:17.569277+00
f72d55b8-a0ac-4d3b-a5f6-37e158adb070,d4d051c3-8265-40c7-a211-75a07354158f,https://awrznjnofgmlqjiayhoi.supabase.co/storage/v1/object/public/yacht-images/new-yachts/d4d051c3-8265-40c7-a211-75a07354158f/d4d051c3-8265-40c7-a211-75a07354158f-2.jpg,new-yachts/d4d051c3-8265-40c7-a211-75a07354158f/d4d051c3-8265-40c7-a211-75a07354158f-2.jpg,2,2026-04-23 09:15:28.364378+00
f75a159a-849e-4ca4-b48a-aea67a93e63f,40725080-facb-4006-b428-02bd3234b688,https://awrznjnofgmlqjiayhoi.supabase.co/storage/v1/object/public/yacht-images/new-yachts/40725080-facb-4006-b428-02bd3234b688/40725080-facb-4006-b428-02bd3234b688-9.jpg,new-yachts/40725080-facb-4006-b428-02bd3234b688/40725080-facb-4006-b428-02bd3234b688-9.jpg,9,2026-04-23 12:53:27.354976+00
f77f95f6-f830-45f5-ad4d-7f71b4490c62,c5b0d543-c566-43ab-b8a7-1075c0144fa9,https://awrznjnofgmlqjiayhoi.supabase.co/storage/v1/object/public/yacht-images/new-yachts/c5b0d543-c566-43ab-b8a7-1075c0144fa9/c5b0d543-c566-43ab-b8a7-1075c0144fa9-4.jpg,new-yachts/c5b0d543-c566-43ab-b8a7-1075c0144fa9/c5b0d543-c566-43ab-b8a7-1075c0144fa9-4.jpg,4,2026-04-22 18:43:40.63687+00
f798e6be-0948-44de-bf7d-030dd668dffd,09b2328a-b514-4c89-abe8-41c332218a64,https://awrznjnofgmlqjiayhoi.supabase.co/storage/v1/object/public/yacht-images/new-yachts/09b2328a-b514-4c89-abe8-41c332218a64/09b2328a-b514-4c89-abe8-41c332218a64-1.jpg,new-yachts/09b2328a-b514-4c89-abe8-41c332218a64/09b2328a-b514-4c89-abe8-41c332218a64-1.jpg,1,2026-04-22 18:29:27.744098+00
f7d405c0-5823-48a5-aeec-96bf7fd709eb,671a273a-9c01-40cb-ba3a-a05127d28885,https://awrznjnofgmlqjiayhoi.supabase.co/storage/v1/object/public/yacht-images/new-yachts/671a273a-9c01-40cb-ba3a-a05127d28885/671a273a-9c01-40cb-ba3a-a05127d28885-2.jpg,new-yachts/671a273a-9c01-40cb-ba3a-a05127d28885/671a273a-9c01-40cb-ba3a-a05127d28885-2.jpg,2,2026-04-22 17:04:51.449508+00
f7f8e27d-d3c4-4ed6-b5f1-531aa3cf84ef,c7824eeb-5781-49ee-b923-aa636e73cb36,https://awrznjnofgmlqjiayhoi.supabase.co/storage/v1/object/public/yacht-images/new-yachts/c7824eeb-5781-49ee-b923-aa636e73cb36/c7824eeb-5781-49ee-b923-aa636e73cb36-6.jpg,new-yachts/c7824eeb-5781-49ee-b923-aa636e73cb36/c7824eeb-5781-49ee-b923-aa636e73cb36-6.jpg,6,2026-04-24 00:24:32.115646+00
f80005dd-a169-4d65-95cc-6259e9e1bcef,ba50d6c9-16f8-4617-ae3b-e2e962467098,https://awrznjnofgmlqjiayhoi.supabase.co/storage/v1/object/public/yacht-images/new-yachts/ba50d6c9-16f8-4617-ae3b-e2e962467098/ba50d6c9-16f8-4617-ae3b-e2e962467098-4.jpg,new-yachts/ba50d6c9-16f8-4617-ae3b-e2e962467098/ba50d6c9-16f8-4617-ae3b-e2e962467098-4.jpg,4,2026-04-23 12:58:49.438585+00
f80d06f7-6d89-497c-91e2-ae0cbf4200e5,5d1d0fd5-44d0-434f-a273-fcfaa436c374,https://awrznjnofgmlqjiayhoi.supabase.co/storage/v1/object/public/yacht-images/new-yachts/5d1d0fd5-44d0-434f-a273-fcfaa436c374/5d1d0fd5-44d0-434f-a273-fcfaa436c374-update-1773151929132-1.png,new-yachts/5d1d0fd5-44d0-434f-a273-fcfaa436c374/5d1d0fd5-44d0-434f-a273-fcfaa436c374-update-1773151929132-1.png,1,2026-03-10 14:12:11.60164+00
f80d54b6-dbcc-4c54-9243-22d4279e5615,8077c30c-b54a-4554-9574-20b30ac55af9,https://awrznjnofgmlqjiayhoi.supabase.co/storage/v1/object/public/yacht-images/new-yachts/8077c30c-b54a-4554-9574-20b30ac55af9/8077c30c-b54a-4554-9574-20b30ac55af9-5.jpg,new-yachts/8077c30c-b54a-4554-9574-20b30ac55af9/8077c30c-b54a-4554-9574-20b30ac55af9-5.jpg,5,2026-04-22 18:14:21.134464+00
f848a34f-de5d-47e5-b06a-f910f611482c,d3b00e8b-5743-46d3-9660-80b6783e38ad,https://awrznjnofgmlqjiayhoi.supabase.co/storage/v1/object/public/yacht-images/new-yachts/d3b00e8b-5743-46d3-9660-80b6783e38ad/d3b00e8b-5743-46d3-9660-80b6783e38ad-2.jpg,new-yachts/d3b00e8b-5743-46d3-9660-80b6783e38ad/d3b00e8b-5743-46d3-9660-80b6783e38ad-2.jpg,2,2026-04-23 23:40:16.544476+00
f8a577d1-0263-4a0e-8ec6-bae575ed09f5,8a77f565-5102-400b-8aa3-31584a24881f,https://awrznjnofgmlqjiayhoi.supabase.co/storage/v1/object/public/yacht-images/new-yachts/8a77f565-5102-400b-8aa3-31584a24881f/8a77f565-5102-400b-8aa3-31584a24881f-2.jpg,new-yachts/8a77f565-5102-400b-8aa3-31584a24881f/8a77f565-5102-400b-8aa3-31584a24881f-2.jpg,2,2026-04-22 18:25:11.449321+00
f8c6f7a7-6507-4953-a06e-f768bffa24b0,f9904641-715e-47d0-a6b0-3b971b5da052,https://awrznjnofgmlqjiayhoi.supabase.co/storage/v1/object/public/yacht-images/new-yachts/f9904641-715e-47d0-a6b0-3b971b5da052/f9904641-715e-47d0-a6b0-3b971b5da052-1.jpg,new-yachts/f9904641-715e-47d0-a6b0-3b971b5da052/f9904641-715e-47d0-a6b0-3b971b5da052-1.jpg,1,2026-04-22 17:57:57.492573+00
f8c7ef89-4523-4932-b0a6-de684de9d467,6d1a9522-b4b9-4c89-8023-eb1a453d89d8,https://awrznjnofgmlqjiayhoi.supabase.co/storage/v1/object/public/yacht-images/new-yachts/6d1a9522-b4b9-4c89-8023-eb1a453d89d8/6d1a9522-b4b9-4c89-8023-eb1a453d89d8-6.jpg,new-yachts/6d1a9522-b4b9-4c89-8023-eb1a453d89d8/6d1a9522-b4b9-4c89-8023-eb1a453d89d8-6.jpg,6,2026-04-23 08:53:36.416175+00
f8e298a8-be8b-4689-af9f-6ebcbfc0ca7d,c238eaae-8820-4056-9ffe-a5f14320a23a,https://awrznjnofgmlqjiayhoi.supabase.co/storage/v1/object/public/yacht-images/new-yachts/c238eaae-8820-4056-9ffe-a5f14320a23a/c238eaae-8820-4056-9ffe-a5f14320a23a-10.jpg,new-yachts/c238eaae-8820-4056-9ffe-a5f14320a23a/c238eaae-8820-4056-9ffe-a5f14320a23a-10.jpg,10,2026-04-22 17:35:16.610628+00
f8fb46c0-adbc-41b1-ad9c-600d06a0429d,5491dfd2-b60d-460f-a1c5-d20b54a68599,https://awrznjnofgmlqjiayhoi.supabase.co/storage/v1/object/public/yacht-images/new-yachts/5491dfd2-b60d-460f-a1c5-d20b54a68599/5491dfd2-b60d-460f-a1c5-d20b54a68599-5.jpg,new-yachts/5491dfd2-b60d-460f-a1c5-d20b54a68599/5491dfd2-b60d-460f-a1c5-d20b54a68599-5.jpg,5,2026-04-22 17:33:39.323242+00
f918fbe3-bf0f-45a1-b18e-96fedde01cc2,9f57ec42-db09-4ed6-b8a0-17af63e10f17,https://awrznjnofgmlqjiayhoi.supabase.co/storage/v1/object/public/yacht-images/new-yachts/9f57ec42-db09-4ed6-b8a0-17af63e10f17/9f57ec42-db09-4ed6-b8a0-17af63e10f17-3.jpg,new-yachts/9f57ec42-db09-4ed6-b8a0-17af63e10f17/9f57ec42-db09-4ed6-b8a0-17af63e10f17-3.jpg,3,2026-04-22 18:48:11.12678+00
f91a7f60-3cdd-40a9-8b43-3b651d032408,8f11f960-eb3e-464e-a6be-48f557e1d211,https://awrznjnofgmlqjiayhoi.supabase.co/storage/v1/object/public/yacht-images/new-yachts/8f11f960-eb3e-464e-a6be-48f557e1d211/8f11f960-eb3e-464e-a6be-48f557e1d211-3.jpg,new-yachts/8f11f960-eb3e-464e-a6be-48f557e1d211/8f11f960-eb3e-464e-a6be-48f557e1d211-3.jpg,3,2026-04-22 18:44:50.976897+00
f93e3a34-e019-4a40-8392-b31e38276adc,c3661269-98db-4434-968d-fcc49da5955d,https://awrznjnofgmlqjiayhoi.supabase.co/storage/v1/object/public/yacht-images/new-yachts/c3661269-98db-4434-968d-fcc49da5955d/c3661269-98db-4434-968d-fcc49da5955d-8.jpg,new-yachts/c3661269-98db-4434-968d-fcc49da5955d/c3661269-98db-4434-968d-fcc49da5955d-8.jpg,8,2026-04-24 00:37:24.888658+00
f94253ed-e15e-4870-bf4f-7671dfc8c59b,00f407c0-a7b1-4072-8165-acc95c322bae,https://awrznjnofgmlqjiayhoi.supabase.co/storage/v1/object/public/yacht-images/new-yachts/00f407c0-a7b1-4072-8165-acc95c322bae/00f407c0-a7b1-4072-8165-acc95c322bae-2.jpg,new-yachts/00f407c0-a7b1-4072-8165-acc95c322bae/00f407c0-a7b1-4072-8165-acc95c322bae-2.jpg,2,2026-04-24 21:46:59.229633+00
f9c36c41-8e8c-4635-911b-a33680cbc997,df67c4de-872b-425c-8adc-b85469ae16dd,https://awrznjnofgmlqjiayhoi.supabase.co/storage/v1/object/public/yacht-images/new-yachts/df67c4de-872b-425c-8adc-b85469ae16dd/df67c4de-872b-425c-8adc-b85469ae16dd-4.jpg,new-yachts/df67c4de-872b-425c-8adc-b85469ae16dd/df67c4de-872b-425c-8adc-b85469ae16dd-4.jpg,4,2026-04-24 21:59:18.499846+00
f9ce65f8-fb27-4e79-aec8-c57dcfb4cd25,237c6c51-03ca-4beb-9c4a-7ff0afb95627,https://awrznjnofgmlqjiayhoi.supabase.co/storage/v1/object/public/yacht-images/new-yachts/237c6c51-03ca-4beb-9c4a-7ff0afb95627/237c6c51-03ca-4beb-9c4a-7ff0afb95627-1.jpg,new-yachts/237c6c51-03ca-4beb-9c4a-7ff0afb95627/237c6c51-03ca-4beb-9c4a-7ff0afb95627-1.jpg,1,2026-04-22 14:48:10.983104+00
f9d83be8-9348-4931-8bed-c28d59ea4705,25707908-8308-40b0-8a69-b0900e65d602,https://awrznjnofgmlqjiayhoi.supabase.co/storage/v1/object/public/yacht-images/new-yachts/25707908-8308-40b0-8a69-b0900e65d602/25707908-8308-40b0-8a69-b0900e65d602-2.jpg,new-yachts/25707908-8308-40b0-8a69-b0900e65d602/25707908-8308-40b0-8a69-b0900e65d602-2.jpg,2,2026-04-24 00:40:07.9378+00
fa51f8bb-4186-4f4e-80f3-1b7d9c555c82,c5b0d543-c566-43ab-b8a7-1075c0144fa9,https://awrznjnofgmlqjiayhoi.supabase.co/storage/v1/object/public/yacht-images/new-yachts/c5b0d543-c566-43ab-b8a7-1075c0144fa9/c5b0d543-c566-43ab-b8a7-1075c0144fa9-7.jpg,new-yachts/c5b0d543-c566-43ab-b8a7-1075c0144fa9/c5b0d543-c566-43ab-b8a7-1075c0144fa9-7.jpg,7,2026-04-22 18:43:42.950729+00
fa7cbfa4-0046-4b21-8c30-708926606638,a2124144-02a4-4ec8-9f73-360dd683aa4d,https://awrznjnofgmlqjiayhoi.supabase.co/storage/v1/object/public/yacht-images/new-yachts/a2124144-02a4-4ec8-9f73-360dd683aa4d/a2124144-02a4-4ec8-9f73-360dd683aa4d-1.jpg,new-yachts/a2124144-02a4-4ec8-9f73-360dd683aa4d/a2124144-02a4-4ec8-9f73-360dd683aa4d-1.jpg,1,2026-04-24 00:50:25.074947+00
faa59255-5ce7-4d22-bf70-798ade80e3bb,ff6db69f-5b1d-4403-a044-83e29b9f2fb1,https://awrznjnofgmlqjiayhoi.supabase.co/storage/v1/object/public/yacht-images/new-yachts/ff6db69f-5b1d-4403-a044-83e29b9f2fb1/ff6db69f-5b1d-4403-a044-83e29b9f2fb1-8.webp,new-yachts/ff6db69f-5b1d-4403-a044-83e29b9f2fb1/ff6db69f-5b1d-4403-a044-83e29b9f2fb1-8.webp,8,2026-03-26 21:36:08.286632+00
faae03b1-cc37-432e-88ee-08bfbbacdfe2,b91a48c7-b650-4d3e-8163-342f849e50a2,https://awrznjnofgmlqjiayhoi.supabase.co/storage/v1/object/public/yacht-images/new-yachts/b91a48c7-b650-4d3e-8163-342f849e50a2/b91a48c7-b650-4d3e-8163-342f849e50a2-3.jpg,new-yachts/b91a48c7-b650-4d3e-8163-342f849e50a2/b91a48c7-b650-4d3e-8163-342f849e50a2-3.jpg,3,2026-04-22 17:00:20.81372+00
fab98457-9a74-480d-88b8-b6fe526928f8,d4d051c3-8265-40c7-a211-75a07354158f,https://awrznjnofgmlqjiayhoi.supabase.co/storage/v1/object/public/yacht-images/new-yachts/d4d051c3-8265-40c7-a211-75a07354158f/d4d051c3-8265-40c7-a211-75a07354158f-10.jpg,new-yachts/d4d051c3-8265-40c7-a211-75a07354158f/d4d051c3-8265-40c7-a211-75a07354158f-10.jpg,10,2026-04-23 09:15:34.239868+00
faf174d3-8743-417a-8e52-b02c35b2230d,a2124144-02a4-4ec8-9f73-360dd683aa4d,https://awrznjnofgmlqjiayhoi.supabase.co/storage/v1/object/public/yacht-images/new-yachts/a2124144-02a4-4ec8-9f73-360dd683aa4d/a2124144-02a4-4ec8-9f73-360dd683aa4d-7.jpg,new-yachts/a2124144-02a4-4ec8-9f73-360dd683aa4d/a2124144-02a4-4ec8-9f73-360dd683aa4d-7.jpg,7,2026-04-24 00:50:29.367116+00
fb213831-f92b-4eeb-8445-8b0866fb85f6,cbd5ddc7-f07d-46a1-98b7-663b7e4c9432,https://awrznjnofgmlqjiayhoi.supabase.co/storage/v1/object/public/yacht-images/new-yachts/cbd5ddc7-f07d-46a1-98b7-663b7e4c9432/cbd5ddc7-f07d-46a1-98b7-663b7e4c9432-8.jpg,new-yachts/cbd5ddc7-f07d-46a1-98b7-663b7e4c9432/cbd5ddc7-f07d-46a1-98b7-663b7e4c9432-8.jpg,8,2026-04-23 12:57:24.45028+00
fb23cd90-9d75-4d2a-a58e-446f3db85205,cbd5ddc7-f07d-46a1-98b7-663b7e4c9432,https://awrznjnofgmlqjiayhoi.supabase.co/storage/v1/object/public/yacht-images/new-yachts/cbd5ddc7-f07d-46a1-98b7-663b7e4c9432/cbd5ddc7-f07d-46a1-98b7-663b7e4c9432-2.jpg,new-yachts/cbd5ddc7-f07d-46a1-98b7-663b7e4c9432/cbd5ddc7-f07d-46a1-98b7-663b7e4c9432-2.jpg,2,2026-04-23 12:57:20.194543+00
fb37accd-785f-4aa4-86c6-b6ae1aa3d05c,46bbc10d-2851-4400-8fcc-4f78543c0c1b,https://awrznjnofgmlqjiayhoi.supabase.co/storage/v1/object/public/yacht-images/new-yachts/46bbc10d-2851-4400-8fcc-4f78543c0c1b/46bbc10d-2851-4400-8fcc-4f78543c0c1b-3.webp,new-yachts/46bbc10d-2851-4400-8fcc-4f78543c0c1b/46bbc10d-2851-4400-8fcc-4f78543c0c1b-3.webp,3,2026-03-26 21:16:48.555105+00
fb37d6fb-fcdc-48b2-8e73-c332f06a2480,7a50d9e7-20f7-4649-ab05-d5426fa270c2,https://awrznjnofgmlqjiayhoi.supabase.co/storage/v1/object/public/yacht-images/new-yachts/7a50d9e7-20f7-4649-ab05-d5426fa270c2/7a50d9e7-20f7-4649-ab05-d5426fa270c2-4.webp,new-yachts/7a50d9e7-20f7-4649-ab05-d5426fa270c2/7a50d9e7-20f7-4649-ab05-d5426fa270c2-4.webp,4,2026-03-26 21:49:36.599314+00
fb44ce20-e69e-4c23-8fa2-ad63b2454a95,59ad167b-dfee-4c44-aa33-60b6e1e05678,https://awrznjnofgmlqjiayhoi.supabase.co/storage/v1/object/public/yacht-images/new-yachts/59ad167b-dfee-4c44-aa33-60b6e1e05678/59ad167b-dfee-4c44-aa33-60b6e1e05678-2.jpg,new-yachts/59ad167b-dfee-4c44-aa33-60b6e1e05678/59ad167b-dfee-4c44-aa33-60b6e1e05678-2.jpg,2,2026-04-22 17:26:21.086997+00
fb527eb0-fb12-45a4-8da5-b4ae73b5ee38,ab0c1dd1-5ed6-41ab-a24d-1c7176b1487b,https://awrznjnofgmlqjiayhoi.supabase.co/storage/v1/object/public/yacht-images/new-yachts/ab0c1dd1-5ed6-41ab-a24d-1c7176b1487b/ab0c1dd1-5ed6-41ab-a24d-1c7176b1487b-10.jpg,new-yachts/ab0c1dd1-5ed6-41ab-a24d-1c7176b1487b/ab0c1dd1-5ed6-41ab-a24d-1c7176b1487b-10.jpg,10,2026-04-22 18:38:00.859909+00
fb800ec0-5f18-461c-953f-4366338d7218,e673472c-6fbd-4c9d-80da-a3781db27eaf,https://awrznjnofgmlqjiayhoi.supabase.co/storage/v1/object/public/yacht-images/new-yachts/e673472c-6fbd-4c9d-80da-a3781db27eaf/e673472c-6fbd-4c9d-80da-a3781db27eaf-3.jpg,new-yachts/e673472c-6fbd-4c9d-80da-a3781db27eaf/e673472c-6fbd-4c9d-80da-a3781db27eaf-3.jpg,3,2026-04-24 00:42:50.553313+00
fb98140d-4f0a-476b-a831-611a5d28905a,cea16079-f9be-45ea-8c75-e7404b006298,https://awrznjnofgmlqjiayhoi.supabase.co/storage/v1/object/public/yacht-images/new-yachts/cea16079-f9be-45ea-8c75-e7404b006298/cea16079-f9be-45ea-8c75-e7404b006298-11.jpg,new-yachts/cea16079-f9be-45ea-8c75-e7404b006298/cea16079-f9be-45ea-8c75-e7404b006298-11.jpg,11,2026-04-22 18:22:58.107009+00
fbe73834-e2d8-498e-a6be-de22c9d0329f,dad3e31e-782b-4453-8084-835e82cb6131,https://awrznjnofgmlqjiayhoi.supabase.co/storage/v1/object/public/yacht-images/new-yachts/dad3e31e-782b-4453-8084-835e82cb6131/dad3e31e-782b-4453-8084-835e82cb6131-10.jpg,new-yachts/dad3e31e-782b-4453-8084-835e82cb6131/dad3e31e-782b-4453-8084-835e82cb6131-10.jpg,10,2026-04-23 23:38:07.705584+00
fbec3e6d-97b6-4e8a-bc4c-0e9cde0ef1ca,8077c30c-b54a-4554-9574-20b30ac55af9,https://awrznjnofgmlqjiayhoi.supabase.co/storage/v1/object/public/yacht-images/new-yachts/8077c30c-b54a-4554-9574-20b30ac55af9/8077c30c-b54a-4554-9574-20b30ac55af9-1.jpg,new-yachts/8077c30c-b54a-4554-9574-20b30ac55af9/8077c30c-b54a-4554-9574-20b30ac55af9-1.jpg,1,2026-04-22 18:14:18.450888+00
fbefdf7e-ac9b-44e8-9f29-a8cb8f9dfb14,34140b13-e5f4-4042-8f03-49390da36148,https://awrznjnofgmlqjiayhoi.supabase.co/storage/v1/object/public/yacht-images/new-yachts/34140b13-e5f4-4042-8f03-49390da36148/34140b13-e5f4-4042-8f03-49390da36148-2.jpg,new-yachts/34140b13-e5f4-4042-8f03-49390da36148/34140b13-e5f4-4042-8f03-49390da36148-2.jpg,2,2026-04-23 19:12:02.255473+00
fc67d365-488b-4ec9-bc61-7f8f62c6c7a9,20d0e3b6-8f8c-442c-84b9-d6b0ec964c8d,https://awrznjnofgmlqjiayhoi.supabase.co/storage/v1/object/public/yacht-images/new-yachts/20d0e3b6-8f8c-442c-84b9-d6b0ec964c8d/20d0e3b6-8f8c-442c-84b9-d6b0ec964c8d-11.jpg,new-yachts/20d0e3b6-8f8c-442c-84b9-d6b0ec964c8d/20d0e3b6-8f8c-442c-84b9-d6b0ec964c8d-11.jpg,11,2026-04-22 16:23:09.361569+00
fc6850a4-b4a6-4d01-863f-36499b9e25b8,e47fa1f8-0cfa-49ec-a8ad-ba2c0b17417c,https://awrznjnofgmlqjiayhoi.supabase.co/storage/v1/object/public/yacht-images/new-yachts/e47fa1f8-0cfa-49ec-a8ad-ba2c0b17417c/e47fa1f8-0cfa-49ec-a8ad-ba2c0b17417c-3.jpg,new-yachts/e47fa1f8-0cfa-49ec-a8ad-ba2c0b17417c/e47fa1f8-0cfa-49ec-a8ad-ba2c0b17417c-3.jpg,3,2026-04-08 15:05:34.357038+00
fc7d7060-1ed9-4ff2-96a3-a5ac5ccd0d71,370c34aa-94d0-43d9-8609-7cb172eaa603,https://awrznjnofgmlqjiayhoi.supabase.co/storage/v1/object/public/yacht-images/new-yachts/370c34aa-94d0-43d9-8609-7cb172eaa603/370c34aa-94d0-43d9-8609-7cb172eaa603-5.jpg,new-yachts/370c34aa-94d0-43d9-8609-7cb172eaa603/370c34aa-94d0-43d9-8609-7cb172eaa603-5.jpg,5,2026-04-24 00:19:42.397613+00
fc9a9d13-00b6-45ff-9001-ef1ec0589835,ab9953cb-da58-43d0-98c1-9c4fb3669d16,https://awrznjnofgmlqjiayhoi.supabase.co/storage/v1/object/public/yacht-images/new-yachts/ab9953cb-da58-43d0-98c1-9c4fb3669d16/ab9953cb-da58-43d0-98c1-9c4fb3669d16-2.webp,new-yachts/ab9953cb-da58-43d0-98c1-9c4fb3669d16/ab9953cb-da58-43d0-98c1-9c4fb3669d16-2.webp,2,2026-03-26 21:44:02.833067+00
fce4f00b-f7f7-45d5-af1e-e12287f9bd3c,b94a5341-8ff1-4cc3-bd0a-1c4c657e071a,https://awrznjnofgmlqjiayhoi.supabase.co/storage/v1/object/public/yacht-images/new-yachts/b94a5341-8ff1-4cc3-bd0a-1c4c657e071a/b94a5341-8ff1-4cc3-bd0a-1c4c657e071a-5.jpg,new-yachts/b94a5341-8ff1-4cc3-bd0a-1c4c657e071a/b94a5341-8ff1-4cc3-bd0a-1c4c657e071a-5.jpg,6,2026-04-24 18:51:01.732162+00
fcfdbffd-b411-4295-9100-8526b6de24dd,e47fa1f8-0cfa-49ec-a8ad-ba2c0b17417c,https://awrznjnofgmlqjiayhoi.supabase.co/storage/v1/object/public/yacht-images/new-yachts/e47fa1f8-0cfa-49ec-a8ad-ba2c0b17417c/e47fa1f8-0cfa-49ec-a8ad-ba2c0b17417c-5.jpg,new-yachts/e47fa1f8-0cfa-49ec-a8ad-ba2c0b17417c/e47fa1f8-0cfa-49ec-a8ad-ba2c0b17417c-5.jpg,5,2026-04-08 15:05:35.766437+00
fcfe811c-5e04-403d-8dda-9bd5da44008c,e2a9b953-d9e1-434d-8474-161276376728,https://awrznjnofgmlqjiayhoi.supabase.co/storage/v1/object/public/yacht-images/new-yachts/e2a9b953-d9e1-434d-8474-161276376728/e2a9b953-d9e1-434d-8474-161276376728-1.webp,new-yachts/e2a9b953-d9e1-434d-8474-161276376728/e2a9b953-d9e1-434d-8474-161276376728-1.webp,1,2026-03-12 20:49:03.576198+00
fd33e3fe-6d66-418c-8581-fe01026e9f63,a2124144-02a4-4ec8-9f73-360dd683aa4d,https://awrznjnofgmlqjiayhoi.supabase.co/storage/v1/object/public/yacht-images/new-yachts/a2124144-02a4-4ec8-9f73-360dd683aa4d/a2124144-02a4-4ec8-9f73-360dd683aa4d-11.jpg,new-yachts/a2124144-02a4-4ec8-9f73-360dd683aa4d/a2124144-02a4-4ec8-9f73-360dd683aa4d-11.jpg,11,2026-04-24 00:50:32.078061+00
fd34af12-5ef4-403b-b36a-92bd4fac4b73,40725080-facb-4006-b428-02bd3234b688,https://awrznjnofgmlqjiayhoi.supabase.co/storage/v1/object/public/yacht-images/new-yachts/40725080-facb-4006-b428-02bd3234b688/40725080-facb-4006-b428-02bd3234b688-6.jpg,new-yachts/40725080-facb-4006-b428-02bd3234b688/40725080-facb-4006-b428-02bd3234b688-6.jpg,6,2026-04-23 12:53:25.297761+00
fd448b87-ec36-4141-ac09-c865462eaea2,4b3c7774-3467-46de-8410-9aafc0812957,https://awrznjnofgmlqjiayhoi.supabase.co/storage/v1/object/public/yacht-images/new-yachts/4b3c7774-3467-46de-8410-9aafc0812957/4b3c7774-3467-46de-8410-9aafc0812957-2.jpg,new-yachts/4b3c7774-3467-46de-8410-9aafc0812957/4b3c7774-3467-46de-8410-9aafc0812957-2.jpg,2,2026-04-24 19:59:34.626676+00
fd7336c0-7878-43b8-9fa7-d3171537d403,c26bce67-f8bb-42b4-849a-aa60780a660f,https://awrznjnofgmlqjiayhoi.supabase.co/storage/v1/object/public/yacht-images/new-yachts/c26bce67-f8bb-42b4-849a-aa60780a660f/c26bce67-f8bb-42b4-849a-aa60780a660f-4.jpg,new-yachts/c26bce67-f8bb-42b4-849a-aa60780a660f/c26bce67-f8bb-42b4-849a-aa60780a660f-4.jpg,4,2026-04-24 21:28:03.005283+00
fd7b2719-9e56-4e4b-98d0-1182c18b464b,01c63518-616e-4da3-85ce-f598fe1975d2,https://awrznjnofgmlqjiayhoi.supabase.co/storage/v1/object/public/yacht-images/new-yachts/01c63518-616e-4da3-85ce-f598fe1975d2/01c63518-616e-4da3-85ce-f598fe1975d2-2.jpg,new-yachts/01c63518-616e-4da3-85ce-f598fe1975d2/01c63518-616e-4da3-85ce-f598fe1975d2-2.jpg,2,2026-04-24 21:26:37.622757+00
fd85ccc0-09bd-4602-a7f5-628d8f8bb372,942682e5-0ff5-4cab-af32-707ca61c402c,https://awrznjnofgmlqjiayhoi.supabase.co/storage/v1/object/public/yacht-images/new-yachts/942682e5-0ff5-4cab-af32-707ca61c402c/942682e5-0ff5-4cab-af32-707ca61c402c-5.jpg,new-yachts/942682e5-0ff5-4cab-af32-707ca61c402c/942682e5-0ff5-4cab-af32-707ca61c402c-5.jpg,5,2026-04-08 10:24:55.470452+00
fdadb2c4-1e20-40f7-9c02-cf4f6c4010a0,bc6673af-2cbc-45d6-98bd-04b89297bef3,https://awrznjnofgmlqjiayhoi.supabase.co/storage/v1/object/public/yacht-images/new-yachts/bc6673af-2cbc-45d6-98bd-04b89297bef3/bc6673af-2cbc-45d6-98bd-04b89297bef3-7.jpg,new-yachts/bc6673af-2cbc-45d6-98bd-04b89297bef3/bc6673af-2cbc-45d6-98bd-04b89297bef3-7.jpg,7,2026-04-22 14:39:25.482238+00
fdb40085-03f4-4174-bd29-4d18e89868b8,572bec71-8a15-4844-8cd3-1f9a6e016810,https://awrznjnofgmlqjiayhoi.supabase.co/storage/v1/object/public/yacht-images/new-yachts/572bec71-8a15-4844-8cd3-1f9a6e016810/572bec71-8a15-4844-8cd3-1f9a6e016810-6.jpg,new-yachts/572bec71-8a15-4844-8cd3-1f9a6e016810/572bec71-8a15-4844-8cd3-1f9a6e016810-6.jpg,6,2026-04-22 14:32:33.529203+00
fdc0842f-cd8e-4a7f-93b3-e6c82cef4fd5,b71e779a-40eb-4110-b871-8d24a227e42f,https://awrznjnofgmlqjiayhoi.supabase.co/storage/v1/object/public/yacht-images/new-yachts/b71e779a-40eb-4110-b871-8d24a227e42f/b71e779a-40eb-4110-b871-8d24a227e42f-1.jpg,new-yachts/b71e779a-40eb-4110-b871-8d24a227e42f/b71e779a-40eb-4110-b871-8d24a227e42f-1.jpg,1,2026-04-24 18:50:20.96477+00
fdc707b6-3a53-4adc-a95e-d1f3cf7a15ac,23369539-310c-42d9-8d1a-c7fe6778be22,https://awrznjnofgmlqjiayhoi.supabase.co/storage/v1/object/public/yacht-images/new-yachts/23369539-310c-42d9-8d1a-c7fe6778be22/23369539-310c-42d9-8d1a-c7fe6778be22-5.jpg,new-yachts/23369539-310c-42d9-8d1a-c7fe6778be22/23369539-310c-42d9-8d1a-c7fe6778be22-5.jpg,5,2026-04-23 23:28:54.97955+00
fe24c06e-edca-4f46-a95a-eac404c1b178,199d0d16-14ce-4883-973e-e82706c8e0ca,https://awrznjnofgmlqjiayhoi.supabase.co/storage/v1/object/public/yacht-images/new-yachts/199d0d16-14ce-4883-973e-e82706c8e0ca/199d0d16-14ce-4883-973e-e82706c8e0ca-7.jpg,new-yachts/199d0d16-14ce-4883-973e-e82706c8e0ca/199d0d16-14ce-4883-973e-e82706c8e0ca-7.jpg,7,2026-04-24 00:11:45.241574+00
fe2d4ff6-8ede-46f0-8464-7205c622b808,d498bf47-d0e2-4d72-b4e2-cfed8ea1e453,https://awrznjnofgmlqjiayhoi.supabase.co/storage/v1/object/public/yacht-images/new-yachts/d498bf47-d0e2-4d72-b4e2-cfed8ea1e453/d498bf47-d0e2-4d72-b4e2-cfed8ea1e453-10.jpg,new-yachts/d498bf47-d0e2-4d72-b4e2-cfed8ea1e453/d498bf47-d0e2-4d72-b4e2-cfed8ea1e453-10.jpg,10,2026-04-22 15:18:21.067838+00
fe9de060-9be8-44e4-bb6f-993b51cc3768,d3b00e8b-5743-46d3-9660-80b6783e38ad,https://awrznjnofgmlqjiayhoi.supabase.co/storage/v1/object/public/yacht-images/new-yachts/d3b00e8b-5743-46d3-9660-80b6783e38ad/d3b00e8b-5743-46d3-9660-80b6783e38ad-3.jpg,new-yachts/d3b00e8b-5743-46d3-9660-80b6783e38ad/d3b00e8b-5743-46d3-9660-80b6783e38ad-3.jpg,3,2026-04-23 23:40:17.40859+00
fea4761e-2755-4098-85f9-ec1049dede2d,1b2adf4e-a2b8-4797-b6d4-f17c62016e14,https://awrznjnofgmlqjiayhoi.supabase.co/storage/v1/object/public/yacht-images/new-yachts/1b2adf4e-a2b8-4797-b6d4-f17c62016e14/1b2adf4e-a2b8-4797-b6d4-f17c62016e14-3.webp,new-yachts/1b2adf4e-a2b8-4797-b6d4-f17c62016e14/1b2adf4e-a2b8-4797-b6d4-f17c62016e14-3.webp,3,2026-03-26 22:00:52.51826+00
ff00f828-f3d0-4d7d-a23e-6c5eea4b1c7f,032e6c07-1353-4bf5-8770-311b7c1e4d9e,https://awrznjnofgmlqjiayhoi.supabase.co/storage/v1/object/public/yacht-images/new-yachts/032e6c07-1353-4bf5-8770-311b7c1e4d9e/032e6c07-1353-4bf5-8770-311b7c1e4d9e-5.jpg,new-yachts/032e6c07-1353-4bf5-8770-311b7c1e4d9e/032e6c07-1353-4bf5-8770-311b7c1e4d9e-5.jpg,5,2026-04-24 22:18:52.926902+00
ff52d685-29b0-4fad-a042-db5d7f44f06d,a6a12e4a-1f13-40ae-a2d3-5fcc38532e12,https://awrznjnofgmlqjiayhoi.supabase.co/storage/v1/object/public/yacht-images/new-yachts/a6a12e4a-1f13-40ae-a2d3-5fcc38532e12/a6a12e4a-1f13-40ae-a2d3-5fcc38532e12-5.jpg,new-yachts/a6a12e4a-1f13-40ae-a2d3-5fcc38532e12/a6a12e4a-1f13-40ae-a2d3-5fcc38532e12-5.jpg,5,2026-04-22 14:43:16.576179+00
ff5af317-1e0b-4c23-8d26-0d4fa436baca,ec89419e-3baa-4164-b5d4-feb08873daa2,https://awrznjnofgmlqjiayhoi.supabase.co/storage/v1/object/public/yacht-images/new-yachts/ec89419e-3baa-4164-b5d4-feb08873daa2/ec89419e-3baa-4164-b5d4-feb08873daa2-4.webp,new-yachts/ec89419e-3baa-4164-b5d4-feb08873daa2/ec89419e-3baa-4164-b5d4-feb08873daa2-4.webp,4,2026-03-26 22:02:27.404474+00
ff68915a-2bd3-44bf-b065-814beefdb8a5,b8449191-5116-4c89-a6fe-00bd80345381,https://awrznjnofgmlqjiayhoi.supabase.co/storage/v1/object/public/yacht-images/new-yachts/b8449191-5116-4c89-a6fe-00bd80345381/b8449191-5116-4c89-a6fe-00bd80345381-6.jpg,new-yachts/b8449191-5116-4c89-a6fe-00bd80345381/b8449191-5116-4c89-a6fe-00bd80345381-6.jpg,6,2026-04-22 14:36:35.754406+00
ff7b0389-ae64-49c3-971f-d17e93803388,a6460b88-dc2d-48c2-af4f-f2b01260ae26,https://awrznjnofgmlqjiayhoi.supabase.co/storage/v1/object/public/yacht-images/new-yachts/a6460b88-dc2d-48c2-af4f-f2b01260ae26/a6460b88-dc2d-48c2-af4f-f2b01260ae26-9.jpg,new-yachts/a6460b88-dc2d-48c2-af4f-f2b01260ae26/a6460b88-dc2d-48c2-af4f-f2b01260ae26-9.jpg,9,2026-04-23 08:50:28.7773+00
ff87e878-547e-46c9-a904-b9335e724f01,586b847c-46e1-42ee-97a4-5ae718d57b8c,https://awrznjnofgmlqjiayhoi.supabase.co/storage/v1/object/public/yacht-images/new-yachts/586b847c-46e1-42ee-97a4-5ae718d57b8c/586b847c-46e1-42ee-97a4-5ae718d57b8c-4.webp,new-yachts/586b847c-46e1-42ee-97a4-5ae718d57b8c/586b847c-46e1-42ee-97a4-5ae718d57b8c-4.webp,4,2026-03-27 20:07:16.051875+00
ff8b8a00-ec19-4497-95e1-63bf38e7f21b,1789ce0b-b617-4357-911e-6152f2799f45,https://awrznjnofgmlqjiayhoi.supabase.co/storage/v1/object/public/yacht-images/new-yachts/1789ce0b-b617-4357-911e-6152f2799f45/1789ce0b-b617-4357-911e-6152f2799f45-3.jpg,new-yachts/1789ce0b-b617-4357-911e-6152f2799f45/1789ce0b-b617-4357-911e-6152f2799f45-3.jpg,3,2026-04-24 00:00:50.925945+00